ISO-10303-21;
HEADER;
FILE_DESCRIPTION (( 'STEP AP203' ),
    '1' );
FILE_NAME ('Base_Gripper.STEP',
    '2026-03-24T05:52:31',
    ( '' ),
    ( '' ),
    'SwSTEP 2.0',
    'SolidWorks 2025',
    '' );
FILE_SCHEMA (( 'CONFIG_CONTROL_DESIGN' ));
ENDSEC;

DATA;
#1 = FACE_OUTER_BOUND ( 'NONE', #4044, .T. ) ;
#2 = DIRECTION ( 'NONE',  ( -0.000000000000000000, 1.000000000000000000, 0.000000000000000000 ) ) ;
#3 = LINE ( 'NONE', #779, #5281 ) ;
#4 = LINE ( 'NONE', #6063, #2928 ) ;
#5 = ORIENTED_EDGE ( 'NONE', *, *, #5027, .T. ) ;
#6 = EDGE_LOOP ( 'NONE', ( #3681, #7503, #7518, #6323 ) ) ;
#7 = FACE_OUTER_BOUND ( 'NONE', #3360, .T. ) ;
#8 = CARTESIAN_POINT ( 'NONE',  ( -67.00000000000000000, -30.00000000000000000, 7.250000000000000000 ) ) ;
#9 = DIRECTION ( 'NONE',  ( 0.000000000000000000, 0.000000000000000000, -1.000000000000000000 ) ) ;
#10 = CARTESIAN_POINT ( 'NONE',  ( -77.00000000000000000, -49.79999999999999716, -13.00000000000000178 ) ) ;
#11 = DIRECTION ( 'NONE',  ( 0.000000000000000000, 1.000000000000000000, 0.000000000000000000 ) ) ;
#12 = ADVANCED_FACE ( 'NONE', ( #5652 ), #6924, .F. ) ;
#13 = AXIS2_PLACEMENT_3D ( 'NONE', #901, #5641, #1679 ) ;
#14 = EDGE_LOOP ( 'NONE', ( #749, #602, #3117, #4745 ) ) ;
#15 = ORIENTED_EDGE ( 'NONE', *, *, #2174, .F. ) ;
#16 = CARTESIAN_POINT ( 'NONE',  ( -90.00000000000000000, -38.00000000000000000, 20.00000000000000000 ) ) ;
#17 = CARTESIAN_POINT ( 'NONE',  ( -40.00000000000000000, -23.00000000000000000, -19.45850000000000080 ) ) ;
#18 = CARTESIAN_POINT ( 'NONE',  ( -56.50000000000000000, 20.00000000000000000, 19.80000000000000071 ) ) ;
#19 = EDGE_CURVE ( 'NONE', #7006, #1426, #3375, .T. ) ;
#20 = CARTESIAN_POINT ( 'NONE',  ( -36.99000000000000199, -23.00000042743910100, 10.00000000000000000 ) ) ;
#21 = DIRECTION ( 'NONE',  ( -1.000000000000000000, 0.000000000000000000, 0.000000000000000000 ) ) ;
#22 = EDGE_CURVE ( 'NONE', #729, #5136, #1649, .T. ) ;
#23 = ORIENTED_EDGE ( 'NONE', *, *, #5240, .T. ) ;
#24 = VERTEX_POINT ( 'NONE', #8319 ) ;
#25 = DIRECTION ( 'NONE',  ( -1.000000000000000000, 0.000000000000000000, 0.000000000000000000 ) ) ;
#26 = DIRECTION ( 'NONE',  ( 1.000000000000000000, 0.000000000000000000, 0.000000000000000000 ) ) ;
#27 = ORIENTED_EDGE ( 'NONE', *, *, #5867, .F. ) ;
#28 = DIRECTION ( 'NONE',  ( -1.000000000000000000, 0.000000000000000000, 0.000000000000000000 ) ) ;
#29 = ORIENTED_EDGE ( 'NONE', *, *, #1686, .F. ) ;
#30 = ORIENTED_EDGE ( 'NONE', *, *, #6096, .T. ) ;
#31 = EDGE_CURVE ( 'NONE', #2845, #6390, #2347, .T. ) ;
#32 = EDGE_CURVE ( 'NONE', #7438, #7649, #8244, .T. ) ;
#33 = DIRECTION ( 'NONE',  ( 0.000000000000000000, 0.000000000000000000, -1.000000000000000000 ) ) ;
#34 = ORIENTED_EDGE ( 'NONE', *, *, #6047, .F. ) ;
#35 = ADVANCED_BREP_SHAPE_REPRESENTATION ( '', ( #2215, #5949 ), #8461 ) ;
#36 = DIRECTION ( 'NONE',  ( 0.000000000000000000, -4.045061257620485558E-16, -1.000000000000000000 ) ) ;
#37 = DIRECTION ( 'NONE',  ( 0.000000000000000000, 0.000000000000000000, -1.000000000000000000 ) ) ;
#38 = CARTESIAN_POINT ( 'NONE',  ( 0.000000000000000000, 19.80000000000000071, 2.299999999999999822 ) ) ;
#39 = ORIENTED_EDGE ( 'NONE', *, *, #1000, .T. ) ;
#40 = ORIENTED_EDGE ( 'NONE', *, *, #5582, .T. ) ;
#41 = EDGE_CURVE ( 'NONE', #4310, #3264, #7415, .T. ) ;
#42 = CARTESIAN_POINT ( 'NONE',  ( -56.50000000000000000, 20.00000000000000000, -19.80000000000000071 ) ) ;
#43 = DIRECTION ( 'NONE',  ( 0.000000000000000000, 0.000000000000000000, -1.000000000000000000 ) ) ;
#44 = CARTESIAN_POINT ( 'NONE',  ( -54.00000000000000000, -55.19999999999999574, 0.000000000000000000 ) ) ;
#45 = DIRECTION ( 'NONE',  ( 0.000000000000000000, -1.000000000000000000, 0.000000000000000000 ) ) ;
#46 = DIRECTION ( 'NONE',  ( 0.000000000000000000, 1.000000000000000000, 0.000000000000000000 ) ) ;
#47 = ORIENTED_EDGE ( 'NONE', *, *, #5735, .T. ) ;
#48 = AXIS2_PLACEMENT_3D ( 'NONE', #8035, #79, #5412 ) ;
#49 = ORIENTED_EDGE ( 'NONE', *, *, #7282, .T. ) ;
#50 = DIRECTION ( 'NONE',  ( 0.000000000000000000, 0.000000000000000000, -1.000000000000000000 ) ) ;
#51 = CARTESIAN_POINT ( 'NONE',  ( -46.00000000000000000, 24.19999999999999929, 2.299999999999999822 ) ) ;
#52 = FACE_OUTER_BOUND ( 'NONE', #5533, .T. ) ;
#53 = CARTESIAN_POINT ( 'NONE',  ( -46.00000000000000000, 24.19999999999999929, -2.299999999999999822 ) ) ;
#54 = LINE ( 'NONE', #6081, #904 ) ;
#55 = CIRCLE ( 'NONE', #5919, 1.589999999999434532 ) ;
#56 = ORIENTED_EDGE ( 'NONE', *, *, #1019, .T. ) ;
#57 = EDGE_CURVE ( 'NONE', #67, #3805, #7802, .T. ) ;
#58 = ORIENTED_EDGE ( 'NONE', *, *, #6943, .F. ) ;
#59 = CARTESIAN_POINT ( 'NONE',  ( 17.67766952966359995, -19.50000000000000000, -22.92766952966378469 ) ) ;
#60 = CIRCLE ( 'NONE', #1506, 5.250000000000000888 ) ;
#61 = EDGE_CURVE ( 'NONE', #2922, #4918, #8500, .T. ) ;
#62 = CARTESIAN_POINT ( 'NONE',  ( -67.00000000000000000, -11.40217391304336125, 18.21270018560345250 ) ) ;
#63 = DIRECTION ( 'NONE',  ( -1.000000000000000000, 0.000000000000000000, 0.000000000000000000 ) ) ;
#64 = ORIENTED_EDGE ( 'NONE', *, *, #7864, .F. ) ;
#65 = CARTESIAN_POINT ( 'NONE',  ( 0.000000000000000000, 1.775737858763660240E-15, 14.50000000000000000 ) ) ;
#66 = AXIS2_PLACEMENT_3D ( 'NONE', #1982, #6031, #7998 ) ;
#67 = VERTEX_POINT ( 'NONE', #3090 ) ;
#68 = EDGE_CURVE ( 'NONE', #1784, #5544, #4209, .T. ) ;
#69 = ORIENTED_EDGE ( 'NONE', *, *, #7382, .T. ) ;
#70 = DIRECTION ( 'NONE',  ( 1.000000000000000000, 0.000000000000000000, 0.000000000000000000 ) ) ;
#71 = ORIENTED_EDGE ( 'NONE', *, *, #6269, .T. ) ;
#72 = DIRECTION ( 'NONE',  ( 0.9999999999999900080, -1.420063460048795109E-07, 0.000000000000000000 ) ) ;
#73 = PERSON_AND_ORGANIZATION ( #2440, #369 ) ;
#74 = DIRECTION ( 'NONE',  ( 1.000000000000000000, 0.000000000000000000, 0.000000000000000000 ) ) ;
#75 = EDGE_CURVE ( 'NONE', #8611, #5166, #304, .T. ) ;
#76 = DIRECTION ( 'NONE',  ( -1.000000000000000000, 0.000000000000000000, 0.000000000000000000 ) ) ;
#77 = ORIENTED_EDGE ( 'NONE', *, *, #3132, .T. ) ;
#78 = ORIENTED_EDGE ( 'NONE', *, *, #659, .T. ) ;
#79 = DIRECTION ( 'NONE',  ( 0.000000000000000000, 0.000000000000000000, 1.000000000000000000 ) ) ;
#80 = CARTESIAN_POINT ( 'NONE',  ( -54.00000000000000000, -55.19999999999999574, 0.000000000000000000 ) ) ;
#81 = CIRCLE ( 'NONE', #7202, 16.50000000000000000 ) ;
#82 = DIRECTION ( 'NONE',  ( -1.000000000000000000, 0.000000000000000000, 0.000000000000000000 ) ) ;
#83 = DIRECTION ( 'NONE',  ( -1.000000000000000000, 0.000000000000000000, 0.000000000000000000 ) ) ;
#84 = ORIENTED_EDGE ( 'NONE', *, *, #2101, .F. ) ;
#85 = DIRECTION ( 'NONE',  ( -1.060575238724771822E-16, 0.5000000000001899592, 0.8660254037843289066 ) ) ;
#86 = EDGE_CURVE ( 'NONE', #1141, #8227, #3097, .T. ) ;
#87 = VERTEX_POINT ( 'NONE', #6446 ) ;
#88 = APPROVAL_PERSON_ORGANIZATION ( #4318, #5098, #1082 ) ;
#89 = ORIENTED_EDGE ( 'NONE', *, *, #6379, .F. ) ;
#90 = CARTESIAN_POINT ( 'NONE',  ( -67.00000000000000000, -12.99999999999934097, 16.85000000000000142 ) ) ;
#91 = CIRCLE ( 'NONE', #3172, 45.00000000000000000 ) ;
#92 = CARTESIAN_POINT ( 'NONE',  ( -67.00000000000000000, 14.55000000000000071, -20.00000000000000000 ) ) ;
#93 = DIRECTION ( 'NONE',  ( 0.000000000000000000, 1.000000000000000000, 0.000000000000000000 ) ) ;
#94 = DIRECTION ( 'NONE',  ( 0.000000000000000000, -1.000000000000000000, 0.000000000000000000 ) ) ;
#95 = DIRECTION ( 'NONE',  ( 0.000000000000000000, 0.000000000000000000, -1.000000000000000000 ) ) ;
#96 = VECTOR ( 'NONE', #3032, 1000.000000000000000 ) ;
#97 = VECTOR ( 'NONE', #3809, 1000.000000000000000 ) ;
#98 = VERTEX_POINT ( 'NONE', #7892 ) ;
#99 = ORIENTED_EDGE ( 'NONE', *, *, #338, .T. ) ;
#100 = CARTESIAN_POINT ( 'NONE',  ( 0.000000000000000000, -24.19999999999999929, -2.299999999999999822 ) ) ;
#101 = AXIS2_PLACEMENT_3D ( 'NONE', #8069, #33, #2093 ) ;
#102 = CARTESIAN_POINT ( 'NONE',  ( -31.00000000000000000, -29.56700000000000017, 9.933000000000001606 ) ) ;
#103 = FACE_OUTER_BOUND ( 'NONE', #5585, .T. ) ;
#104 = CIRCLE ( 'NONE', #3738, 2.458500000000054975 ) ;
#105 = ORIENTED_EDGE ( 'NONE', *, *, #8402, .F. ) ;
#106 = CARTESIAN_POINT ( 'NONE',  ( -67.00000000000000000, 11.44999999999999929, 19.69999999999999929 ) ) ;
#107 = VECTOR ( 'NONE', #7757, 1000.000000000000000 ) ;
#108 = VECTOR ( 'NONE', #3265, 1000.000000000000000 ) ;
#109 = EDGE_CURVE ( 'NONE', #3530, #7527, #5183, .T. ) ;
#110 = CIRCLE ( 'NONE', #8200, 3.099999999999998757 ) ;
#111 = ORIENTED_EDGE ( 'NONE', *, *, #7451, .T. ) ;
#112 = VECTOR ( 'NONE', #6599, 1000.000000000000000 ) ;
#113 = CYLINDRICAL_SURFACE ( 'NONE', #6922, 5.000000000000004441 ) ;
#114 = ORIENTED_EDGE ( 'NONE', *, *, #7919, .F. ) ;
#115 = DIRECTION ( 'NONE',  ( 0.000000000000000000, 0.000000000000000000, -1.000000000000000000 ) ) ;
#116 = ORIENTED_EDGE ( 'NONE', *, *, #6330, .F. ) ;
#117 = VECTOR ( 'NONE', #5072, 1000.000000000000000 ) ;
#118 = AXIS2_PLACEMENT_3D ( 'NONE', #847, #6581, #3269 ) ;
#119 = EDGE_CURVE ( 'NONE', #6445, #3436, #1287, .T. ) ;
#120 = DIRECTION ( 'NONE',  ( 0.000000000000000000, -1.000000000000000000, 0.000000000000000000 ) ) ;
#121 = CARTESIAN_POINT ( 'NONE',  ( 0.000000000000000000, 0.000000000000000000, 0.000000000000000000 ) ) ;
#122 = EDGE_CURVE ( 'NONE', #2420, #5029, #2479, .T. ) ;
#123 = DIRECTION ( 'NONE',  ( 0.000000000000000000, 0.000000000000000000, 1.000000000000000000 ) ) ;
#124 = ORIENTED_EDGE ( 'NONE', *, *, #6415, .T. ) ;
#125 = AXIS2_PLACEMENT_3D ( 'NONE', #2620, #4092, #3441 ) ;
#126 = CIRCLE ( 'NONE', #3484, 3.249999999999999556 ) ;
#127 = EDGE_LOOP ( 'NONE', ( #4433, #8509, #111, #5173, #3916, #6886, #7011 ) ) ;
#128 = ORIENTED_EDGE ( 'NONE', *, *, #6341, .F. ) ;
#129 = ADVANCED_FACE ( 'NONE', ( #3178 ), #8452, .F. ) ;
#130 = CARTESIAN_POINT ( 'NONE',  ( -0.5414999999999999813, -23.00000000000000000, 15.45850000000000080 ) ) ;
#131 = CARTESIAN_POINT ( 'NONE',  ( -17.67766952966359995, -55.20100000000000051, -22.92766952966377758 ) ) ;
#132 = DIRECTION ( 'NONE',  ( 0.000000000000000000, 1.000000000000000000, 0.000000000000000000 ) ) ;
#133 = CARTESIAN_POINT ( 'NONE',  ( 2.081668171172170091E-14, -19.50000000000000000, 0.000000000000000000 ) ) ;
#134 = ORIENTED_EDGE ( 'NONE', *, *, #6418, .T. ) ;
#135 = LINE ( 'NONE', #6730, #8494 ) ;
#136 = ORIENTED_EDGE ( 'NONE', *, *, #450, .T. ) ;
#137 = ORIENTED_EDGE ( 'NONE', *, *, #7857, .T. ) ;
#138 = CARTESIAN_POINT ( 'NONE',  ( -43.00999999999999801, -26.00999999999999801, -10.00000000000000000 ) ) ;
#139 = ADVANCED_FACE ( 'NONE', ( #1075 ), #7712, .T. ) ;
#140 = CC_DESIGN_DATE_AND_TIME_ASSIGNMENT ( #1439, #5402, ( #7058 ) ) ;
#141 = DIRECTION ( 'NONE',  ( -0.7071067811862390418, 0.000000000000000000, -0.7071067811868561037 ) ) ;
#142 = CARTESIAN_POINT ( 'NONE',  ( -75.89999999999999147, 53.00000000000000000, 8.250000000000571987 ) ) ;
#143 = DIRECTION ( 'NONE',  ( 0.000000000000000000, 0.000000000000000000, 1.000000000000000000 ) ) ;
#144 = DIRECTION ( 'NONE',  ( 0.000000000000000000, 0.000000000000000000, 1.000000000000000000 ) ) ;
#145 = CARTESIAN_POINT ( 'NONE',  ( -9.500000000000000000, -30.00000000000000000, -12.00000000000000000 ) ) ;
#146 = ORIENTED_EDGE ( 'NONE', *, *, #1971, .F. ) ;
#147 = ORIENTED_EDGE ( 'NONE', *, *, #1365, .T. ) ;
#148 = CARTESIAN_POINT ( 'NONE',  ( -40.31128874149275276, 0.000000000000000000, -20.00000000000000000 ) ) ;
#149 = CARTESIAN_POINT ( 'NONE',  ( -67.00000000000000000, -11.24999999999893951, -19.49999999999894840 ) ) ;
#150 = ADVANCED_FACE ( 'NONE', ( #4392 ), #3828, .F. ) ;
#151 = DIRECTION ( 'NONE',  ( 0.000000000000000000, 0.000000000000000000, -1.000000000000000000 ) ) ;
#152 = VERTEX_POINT ( 'NONE', #6405 ) ;
#153 = PLANE ( 'NONE',  #2925 ) ;
#154 = ORIENTED_EDGE ( 'NONE', *, *, #3054, .T. ) ;
#155 = CARTESIAN_POINT ( 'NONE',  ( -12.50000000000000000, 23.00000000000000000, -13.00000000000000000 ) ) ;
#156 = ORIENTED_EDGE ( 'NONE', *, *, #1793, .F. ) ;
#157 = LINE ( 'NONE', #246, #5972 ) ;
#158 = ORIENTED_EDGE ( 'NONE', *, *, #3862, .T. ) ;
#159 = DIRECTION ( 'NONE',  ( 0.000000000000000000, 1.000000000000000000, 0.000000000000000000 ) ) ;
#160 = COORDINATED_UNIVERSAL_TIME_OFFSET ( 6, 0, .BEHIND. ) ;
#161 = PLANE ( 'NONE',  #5695 ) ;
#162 = VERTEX_POINT ( 'NONE', #5837 ) ;
#163 = ORIENTED_EDGE ( 'NONE', *, *, #679, .T. ) ;
#164 = ADVANCED_FACE ( 'NONE', ( #1867 ), #7049, .F. ) ;
#165 = ORIENTED_EDGE ( 'NONE', *, *, #6329, .F. ) ;
#166 = EDGE_CURVE ( 'NONE', #1017, #867, #2670, .T. ) ;
#167 = EDGE_CURVE ( 'NONE', #7457, #1260, #8239, .T. ) ;
#168 = CARTESIAN_POINT ( 'NONE',  ( -37.23954713860204890, -24.19999999999999929, 1.699999999999999956 ) ) ;
#170 = CARTESIAN_POINT ( 'NONE',  ( -29.78648123762618738, -40.55827535742458423, 7.887625380520352003 ) ) ;
#169 = AXIS2_PLACEMENT_3D ( 'NONE', #1620, #3015, #4278 ) ;
#171 = CARTESIAN_POINT ( 'NONE',  ( -67.00000000000000000, -14.55000000000000071, -20.00000000000000000 ) ) ;
#172 = DIRECTION ( 'NONE',  ( 0.000000000000000000, 0.000000000000000000, -1.000000000000000000 ) ) ;
#173 = DIRECTION ( 'NONE',  ( 1.000000000000000000, 0.000000000000000000, 0.000000000000000000 ) ) ;
#174 = CIRCLE ( 'NONE', #5055, 2.999999999999999112 ) ;
#175 = ORIENTED_EDGE ( 'NONE', *, *, #4068, .T. ) ;
#176 = VERTEX_POINT ( 'NONE', #2378 ) ;
#177 = DIRECTION ( 'NONE',  ( 1.000000000000000000, 0.000000000000000000, 0.000000000000000000 ) ) ;
#178 = CARTESIAN_POINT ( 'NONE',  ( 0.000000000000000000, 14.55000000000000071, 20.00000000000000000 ) ) ;
#179 = DIRECTION ( 'NONE',  ( 1.000000000000000000, 0.000000000000000000, 0.000000000000000000 ) ) ;
#180 = CARTESIAN_POINT ( 'NONE',  ( -56.50000000000000000, 20.00000000000000000, -19.90000000000000213 ) ) ;
#181 = CARTESIAN_POINT ( 'NONE',  ( 31.00000000000000000, -49.79999999999999716, -9.750000000000001776 ) ) ;
#182 = FACE_OUTER_BOUND ( 'NONE', #7155, .T. ) ;
#183 = ADVANCED_FACE ( 'NONE', ( #6297, #318 ), #6867, .F. ) ;
#184 = CC_DESIGN_DATE_AND_TIME_ASSIGNMENT ( #3747, #335, ( #3171 ) ) ;
#185 = ORIENTED_EDGE ( 'NONE', *, *, #3661, .T. ) ;
#186 = EDGE_LOOP ( 'NONE', ( #3742, #4888, #8356, #5053 ) ) ;
#187 = LINE ( 'NONE', #2859, #823 ) ;
#188 = CARTESIAN_POINT ( 'NONE',  ( -30.99999872883709884, -25.00000000000000000, 12.24999999999675993 ) ) ;
#189 = CARTESIAN_POINT ( 'NONE',  ( -53.79999999999999716, 20.00000000000000000, -20.00000000000000000 ) ) ;
#190 = AXIS2_PLACEMENT_3D ( 'NONE', #2577, #3433, #6049 ) ;
#191 = FACE_OUTER_BOUND ( 'NONE', #558, .T. ) ;
#192 = ORIENTED_EDGE ( 'NONE', *, *, #6161, .F. ) ;
#193 = CARTESIAN_POINT ( 'NONE',  ( 0.000000000000000000, 24.19999999999999929, -1.699999999999999956 ) ) ;
#194 = VERTEX_POINT ( 'NONE', #1060 ) ;
#195 = EDGE_CURVE ( 'NONE', #5847, #8396, #2247, .T. ) ;
#196 = VECTOR ( 'NONE', #1765, 1000.000000000000000 ) ;
#197 = DIRECTION ( 'NONE',  ( 0.000000000000000000, -1.000000000000000000, 0.000000000000000000 ) ) ;
#198 = CARTESIAN_POINT ( 'NONE',  ( -17.67766952966355376, -53.00000000000000000, 17.67766952966379534 ) ) ;
#199 = DIRECTION ( 'NONE',  ( 0.000000000000000000, 0.000000000000000000, -1.000000000000000000 ) ) ;
#200 = ORIENTED_EDGE ( 'NONE', *, *, #2959, .F. ) ;
#201 = CIRCLE ( 'NONE', #2161, 0.1999999999992959354 ) ;
#202 = AXIS2_PLACEMENT_3D ( 'NONE', #2894, #2282, #7434 ) ;
#203 = CARTESIAN_POINT ( 'NONE',  ( -67.00000000000000000, 14.55000000000000071, 19.75000000000000000 ) ) ;
#204 = COORDINATED_UNIVERSAL_TIME_OFFSET ( 6, 0, .BEHIND. ) ;
#205 = LINE ( 'NONE', #336, #5543 ) ;
#206 = ORIENTED_EDGE ( 'NONE', *, *, #7620, .F. ) ;
#207 = VECTOR ( 'NONE', #6565, 1000.000000000000000 ) ;
#208 = ORIENTED_EDGE ( 'NONE', *, *, #5901, .T. ) ;
#209 = ORIENTED_EDGE ( 'NONE', *, *, #3262, .T. ) ;
#210 = ORIENTED_EDGE ( 'NONE', *, *, #282, .T. ) ;
#211 = CARTESIAN_POINT ( 'NONE',  ( -56.50000000000000000, 20.00000000000000000, 20.00000000000000000 ) ) ;
#212 = CARTESIAN_POINT ( 'NONE',  ( -46.00000000000000000, 24.19999999999999929, -1.699999999999999956 ) ) ;
#213 = CARTESIAN_POINT ( 'NONE',  ( 22.38609614442020046, -55.20100000000000051, -20.00000000000000000 ) ) ;
#214 = DIRECTION ( 'NONE',  ( 1.387778780781444413E-14, 0.000000000000000000, -1.000000000000000000 ) ) ;
#215 = ADVANCED_FACE ( 'NONE', ( #7697 ), #2329, .F. ) ;
#216 = CARTESIAN_POINT ( 'NONE',  ( -42.76045286139795110, -24.19999999999999929, 1.699999999999999956 ) ) ;
#217 = EDGE_CURVE ( 'NONE', #933, #1007, #5028, .T. ) ;
#218 = ORIENTED_EDGE ( 'NONE', *, *, #3638, .F. ) ;
#219 = ORIENTED_EDGE ( 'NONE', *, *, #1979, .T. ) ;
#220 = VECTOR ( 'NONE', #5668, 1000.000000000000000 ) ;
#221 = DIRECTION ( 'NONE',  ( 0.000000000000000000, 0.000000000000000000, -1.000000000000000000 ) ) ;
#222 = CYLINDRICAL_SURFACE ( 'NONE', #6520, 2.458500000000000796 ) ;
#223 = FACE_OUTER_BOUND ( 'NONE', #1179, .T. ) ;
#224 = EDGE_CURVE ( 'NONE', #6881, #5188, #3779, .T. ) ;
#225 = DIRECTION ( 'NONE',  ( 0.000000000000000000, 0.000000000000000000, -1.000000000000000000 ) ) ;
#226 = EDGE_CURVE ( 'NONE', #1141, #1472, #886, .T. ) ;
#227 = CARTESIAN_POINT ( 'NONE',  ( -32.59978331230874460, -42.77194812977051441, 18.00600013503200714 ) ) ;
#228 = LOCAL_TIME ( 0, 52, 31.00000000000000000, #297 ) ;
#229 = EDGE_CURVE ( 'NONE', #7673, #4026, #4479, .T. ) ;
#230 = CARTESIAN_POINT ( 'NONE',  ( -48.00000000000000000, 30.00000000000000000, 13.00000000000000000 ) ) ;
#231 = ORIENTED_EDGE ( 'NONE', *, *, #4814, .F. ) ;
#232 = VERTEX_POINT ( 'NONE', #1717 ) ;
#233 = LINE ( 'NONE', #2777, #8487 ) ;
#234 = DIRECTION ( 'NONE',  ( -0.000000000000000000, 1.000000000000000000, 0.000000000000000000 ) ) ;
#235 = CARTESIAN_POINT ( 'NONE',  ( -67.00000000000000000, 14.55000000000000071, -18.26686273152995099 ) ) ;
#236 = PLANE ( 'NONE',  #4666 ) ;
#237 = EDGE_CURVE ( 'NONE', #8289, #5611, #980, .T. ) ;
#238 = ORIENTED_EDGE ( 'NONE', *, *, #5294, .T. ) ;
#239 = CARTESIAN_POINT ( 'NONE',  ( -30.99999872883709884, -23.00000000000000000, 12.24999999999675993 ) ) ;
#240 = CIRCLE ( 'NONE', #7210, 2.500000000000002220 ) ;
#241 = ORIENTED_EDGE ( 'NONE', *, *, #4513, .T. ) ;
#242 = DIRECTION ( 'NONE',  ( -1.000000000000000000, 0.000000000000000000, 0.000000000000000000 ) ) ;
#243 = ORIENTED_EDGE ( 'NONE', *, *, #8354, .T. ) ;
#244 = CIRCLE ( 'NONE', #4574, 2.458500000000054975 ) ;
#245 = DIRECTION ( 'NONE',  ( 0.000000000000000000, -1.000000000000000000, 0.000000000000000000 ) ) ;
#246 = CARTESIAN_POINT ( 'NONE',  ( 4.052342754469889604E-15, -43.00000000000000000, 20.00000000000000000 ) ) ;
#247 = CIRCLE ( 'NONE', #7492, 2.458500000000002572 ) ;
#249 = ORIENTED_EDGE ( 'NONE', *, *, #5767, .F. ) ;
#248 = EDGE_CURVE ( 'NONE', #8185, #6723, #930, .T. ) ;
#251 = DIRECTION ( 'NONE',  ( 0.000000000000000000, 0.000000000000000000, -1.000000000000000000 ) ) ;
#250 = AXIS2_PLACEMENT_3D ( 'NONE', #990, #3088, #5131 ) ;
#252 = APPROVAL_STATUS ( 'not_yet_approved' ) ;
#253 = AXIS2_PLACEMENT_3D ( 'NONE', #3200, #8426, #4502 ) ;
#254 = DIRECTION ( 'NONE',  ( 0.000000000000000000, 1.000000000000000000, 0.000000000000000000 ) ) ;
#255 = AXIS2_PLACEMENT_3D ( 'NONE', #4414, #2940, #1626 ) ;
#256 = EDGE_LOOP ( 'NONE', ( #7798, #5470, #7675, #5416 ) ) ;
#257 = ORIENTED_EDGE ( 'NONE', *, *, #3856, .F. ) ;
#258 = VECTOR ( 'NONE', #2121, 1000.000000000000000 ) ;
#259 = EDGE_LOOP ( 'NONE', ( #6749, #7660 ) ) ;
#260 = VECTOR ( 'NONE', #1871, 999.9999999999998863 ) ;
#261 = DIRECTION ( 'NONE',  ( 0.000000000000000000, 0.000000000000000000, -1.000000000000000000 ) ) ;
#262 = LINE ( 'NONE', #2236, #2632 ) ;
#263 = CARTESIAN_POINT ( 'NONE',  ( -67.00000000000000000, -30.00000000000000000, 19.75000000000000000 ) ) ;
#264 = CARTESIAN_POINT ( 'NONE',  ( 82.25000000000000000, -43.00000000000000000, 13.00000000000000178 ) ) ;
#265 = CARTESIAN_POINT ( 'NONE',  ( 0.000000000000000000, -24.19999999999999929, -1.699999999999999956 ) ) ;
#266 = VECTOR ( 'NONE', #2082, 1000.000000000000000 ) ;
#267 = VECTOR ( 'NONE', #8043, 1000.000000000000000 ) ;
#268 = AXIS2_PLACEMENT_3D ( 'NONE', #5475, #4697, #688 ) ;
#269 = ORIENTED_EDGE ( 'NONE', *, *, #8535, .F. ) ;
#270 = EDGE_LOOP ( 'NONE', ( #2180, #4166, #1695, #8129 ) ) ;
#271 = DIRECTION ( 'NONE',  ( 0.000000000000000000, 0.000000000000000000, 1.000000000000000000 ) ) ;
#272 = VECTOR ( 'NONE', #6722, 1000.000000000000000 ) ;
#273 = DIRECTION ( 'NONE',  ( 1.000000000000000000, 0.000000000000000000, 0.000000000000000000 ) ) ;
#274 = CARTESIAN_POINT ( 'NONE',  ( -67.00000000000000000, 30.00000000000000000, 19.75000000000000000 ) ) ;
#275 = LINE ( 'NONE', #2459, #1885 ) ;
#276 = VECTOR ( 'NONE', #3218, 1000.000000000000000 ) ;
#277 = EDGE_CURVE ( 'NONE', #478, #1341, #4210, .T. ) ;
#278 = CARTESIAN_POINT ( 'NONE',  ( -37.23954713860204890, 24.19999999999999929, -1.699999999999999956 ) ) ;
#279 = CARTESIAN_POINT ( 'NONE',  ( -17.67766952966359995, -13.60000000000000142, -17.67766952966377403 ) ) ;
#280 = ORIENTED_EDGE ( 'NONE', *, *, #2841, .T. ) ;
#281 = VERTEX_POINT ( 'NONE', #8394 ) ;
#282 = EDGE_CURVE ( 'NONE', #4264, #3254, #7539, .T. ) ;
#283 = PLANE ( 'NONE',  #7376 ) ;
#284 = DIRECTION ( 'NONE',  ( 0.000000000000000000, -1.000000000000000000, 0.000000000000000000 ) ) ;
#285 = LINE ( 'NONE', #5515, #6852 ) ;
#286 = EDGE_CURVE ( 'NONE', #7804, #6755, #2418, .T. ) ;
#287 = CARTESIAN_POINT ( 'NONE',  ( 2.081668171172170091E-14, -6.600000000000001421, -22.00000000000000355 ) ) ;
#288 = FACE_OUTER_BOUND ( 'NONE', #6289, .T. ) ;
#289 = ADVANCED_FACE ( 'NONE', ( #7659 ), #6993, .T. ) ;
#290 = ORIENTED_EDGE ( 'NONE', *, *, #7443, .T. ) ;
#291 = VECTOR ( 'NONE', #407, 1000.000000000000000 ) ;
#292 = CARTESIAN_POINT ( 'NONE',  ( -46.00000000000000000, 30.00000000000000000, 1.699999999999999956 ) ) ;
#293 = EDGE_LOOP ( 'NONE', ( #6375, #6768, #8243, #5902 ) ) ;
#294 = DIRECTION ( 'NONE',  ( 0.000000000000000000, 1.000000000000000000, 0.000000000000000000 ) ) ;
#295 = ORIENTED_EDGE ( 'NONE', *, *, #651, .F. ) ;
#296 = DIRECTION ( 'NONE',  ( -1.652424966883949953E-15, 0.000000000000000000, -1.000000000000000000 ) ) ;
#297 = COORDINATED_UNIVERSAL_TIME_OFFSET ( 6, 0, .BEHIND. ) ;
#298 = CARTESIAN_POINT ( 'NONE',  ( -56.50000000000000000, -20.00000000000000000, 20.00000000000000000 ) ) ;
#299 = VERTEX_POINT ( 'NONE', #7569 ) ;
#300 = EDGE_CURVE ( 'NONE', #7649, #7610, #2035, .T. ) ;
#301 = CC_DESIGN_PERSON_AND_ORGANIZATION_ASSIGNMENT ( #3270, #3311, ( #5957 ) ) ;
#302 = EDGE_LOOP ( 'NONE', ( #8537, #7801, #3295, #6540 ) ) ;
#303 = PLANE ( 'NONE',  #3678 ) ;
#304 = CIRCLE ( 'NONE', #855, 5.000000000000004441 ) ;
#305 = DIRECTION ( 'NONE',  ( 1.000000000000000000, 0.000000000000000000, 0.000000000000000000 ) ) ;
#306 = CARTESIAN_POINT ( 'NONE',  ( 17.67766952966359995, -53.00000000000000000, -12.42766952966378469 ) ) ;
#307 = PLANE ( 'NONE',  #4316 ) ;
#308 = ORIENTED_EDGE ( 'NONE', *, *, #2605, .F. ) ;
#309 = EDGE_CURVE ( 'NONE', #496, #5051, #6904, .T. ) ;
#310 = EDGE_LOOP ( 'NONE', ( #3273, #6493 ) ) ;
#311 = CIRCLE ( 'NONE', #5466, 45.00000000000000000 ) ;
#312 = CARTESIAN_POINT ( 'NONE',  ( -40.00000000000000000, 23.00000000000000000, 2.299999999999999822 ) ) ;
#313 = LINE ( 'NONE', #2979, #5829 ) ;
#314 = CARTESIAN_POINT ( 'NONE',  ( 31.71506986634419079, -42.39569486340864302, -18.20530630994769439 ) ) ;
#315 = DIRECTION ( 'NONE',  ( 0.000000000000000000, 0.000000000000000000, -1.000000000000000000 ) ) ;
#316 = CYLINDRICAL_SURFACE ( 'NONE', #5005, 3.099999999999998757 ) ;
#317 = AXIS2_PLACEMENT_3D ( 'NONE', #2264, #2176, #4833 ) ;
#318 = FACE_OUTER_BOUND ( 'NONE', #6475, .T. ) ;
#319 = ORIENTED_EDGE ( 'NONE', *, *, #1116, .T. ) ;
#320 = ORIENTED_EDGE ( 'NONE', *, *, #1264, .T. ) ;
#321 = CYLINDRICAL_SURFACE ( 'NONE', #8349, 3.009999999999998899 ) ;
#322 = LINE ( 'NONE', #8399, #5966 ) ;
#323 = CARTESIAN_POINT ( 'NONE',  ( -31.00000000000000000, -30.00000000000000000, 9.500000000000000000 ) ) ;
#324 = FACE_OUTER_BOUND ( 'NONE', #8536, .T. ) ;
#325 = FACE_OUTER_BOUND ( 'NONE', #1978, .T. ) ;
#326 = ORIENTED_EDGE ( 'NONE', *, *, #1198, .F. ) ;
#327 = EDGE_CURVE ( 'NONE', #7549, #98, #1589, .T. ) ;
#328 = CIRCLE ( 'NONE', #5214, 0.2500000000000002220 ) ;
#329 = CARTESIAN_POINT ( 'NONE',  ( -67.00000000000000000, -11.24999999999893951, -19.49999999999894840 ) ) ;
#330 = ORIENTED_EDGE ( 'NONE', *, *, #4741, .F. ) ;
#331 = ORIENTED_EDGE ( 'NONE', *, *, #7056, .F. ) ;
#332 = CARTESIAN_POINT ( 'NONE',  ( -20.19999999999999929, -20.00000000000000000, -20.00000000000000000 ) ) ;
#333 = ORIENTED_EDGE ( 'NONE', *, *, #2128, .F. ) ;
#334 = DIRECTION ( 'NONE',  ( 0.000000000000000000, -1.000000000000000000, 0.000000000000000000 ) ) ;
#335 = DATE_TIME_ROLE ( 'classification_date' ) ;
#336 = CARTESIAN_POINT ( 'NONE',  ( -90.00000000000000000, -20.00000000000000000, -20.00000000000000000 ) ) ;
#337 = EDGE_LOOP ( 'NONE', ( #3882, #1281, #3394, #2242 ) ) ;
#338 = EDGE_CURVE ( 'NONE', #5546, #3274, #5372, .T. ) ;
#339 = ORIENTED_EDGE ( 'NONE', *, *, #712, .F. ) ;
#340 = ORIENTED_EDGE ( 'NONE', *, *, #3170, .T. ) ;
#341 = LINE ( 'NONE', #3379, #5683 ) ;
#342 = AXIS2_PLACEMENT_3D ( 'NONE', #1802, #2325, #7078 ) ;
#343 = CONICAL_SURFACE ( 'NONE', #7591, 2.500000000000002220, 0.7853981633974659315 ) ;
#344 = DIRECTION ( 'NONE',  ( 0.000000000000000000, -1.000000000000000000, 0.000000000000000000 ) ) ;
#345 = CARTESIAN_POINT ( 'NONE',  ( -29.57888850641909784, -40.11309130870348127, 18.05400258436938898 ) ) ;
#346 = EDGE_CURVE ( 'NONE', #3840, #4314, #6072, .T. ) ;
#347 = DIRECTION ( 'NONE',  ( 0.000000000000000000, 1.156482317317871133E-15, -1.000000000000000000 ) ) ;
#348 = LINE ( 'NONE', #2188, #2088 ) ;
#349 = AXIS2_PLACEMENT_3D ( 'NONE', #5994, #747, #3291 ) ;
#350 = ORIENTED_EDGE ( 'NONE', *, *, #3511, .F. ) ;
#351 = EDGE_LOOP ( 'NONE', ( #375, #3126 ) ) ;
#352 = CYLINDRICAL_SURFACE ( 'NONE', #3327, 31.50000000000000000 ) ;
#353 = CARTESIAN_POINT ( 'NONE',  ( -67.00000000000000000, 11.40217391304300065, -18.21270018560300130 ) ) ;
#354 = CARTESIAN_POINT ( 'NONE',  ( 31.93596172939837530, -42.50878307051224425, -18.17084267456879232 ) ) ;
#355 = CARTESIAN_POINT ( 'NONE',  ( -31.00000000000000000, -30.00000000000000000, 12.00000000000000000 ) ) ;
#356 = EDGE_CURVE ( 'NONE', #7962, #613, #910, .T. ) ;
#357 = DIRECTION ( 'NONE',  ( 0.000000000000000000, -1.000000000000000000, 0.000000000000000000 ) ) ;
#358 = DIRECTION ( 'NONE',  ( 0.000000000000000000, 0.000000000000000000, -1.000000000000000000 ) ) ;
#359 = ORIENTED_EDGE ( 'NONE', *, *, #1970, .F. ) ;
#360 = EDGE_LOOP ( 'NONE', ( #8058, #660, #2821, #7570 ) ) ;
#361 = DIRECTION ( 'NONE',  ( 0.000000000000000000, -1.000000000000000000, 0.000000000000000000 ) ) ;
#362 = CARTESIAN_POINT ( 'NONE',  ( -46.00000000000000000, -24.19999999999999929, -2.299999999999999822 ) ) ;
#363 = DIRECTION ( 'NONE',  ( 3.523776308234690235E-16, -1.000000000000000000, 0.000000000000000000 ) ) ;
#364 = CARTESIAN_POINT ( 'NONE',  ( -67.00000000000000000, -11.44999999999999929, 19.69999999999999929 ) ) ;
#365 = FACE_BOUND ( 'NONE', #5069, .T. ) ;
#366 = AXIS2_PLACEMENT_3D ( 'NONE', #2973, #964, #2316 ) ;
#367 = VERTEX_POINT ( 'NONE', #4013 ) ;
#368 = VERTEX_POINT ( 'NONE', #741 ) ;
#369 = ORGANIZATION ( 'UNSPECIFIED', 'UNSPECIFIED', '' ) ;
#370 = CARTESIAN_POINT ( 'NONE',  ( -40.00000000000000000, 23.00000000000000000, -10.00000000000000000 ) ) ;
#371 = ORIENTED_EDGE ( 'NONE', *, *, #2174, .T. ) ;
#372 = DIRECTION ( 'NONE',  ( 0.000000000000000000, 0.000000000000000000, 1.000000000000000000 ) ) ;
#373 = CARTESIAN_POINT ( 'NONE',  ( 2.081668171172170091E-14, -19.50000000000000000, -45.00000000000000000 ) ) ;
#374 = CIRCLE ( 'NONE', #5671, 3.099999999999998757 ) ;
#375 = ORIENTED_EDGE ( 'NONE', *, *, #68, .T. ) ;
#376 = CARTESIAN_POINT ( 'NONE',  ( -54.10000000000000142, 20.00000000000000000, 19.90000000000000213 ) ) ;
#377 = EDGE_CURVE ( 'NONE', #5351, #4627, #4420, .T. ) ;
#378 = CALENDAR_DATE ( 2026, 24, 3 ) ;
#379 = EDGE_LOOP ( 'NONE', ( #3858, #8042, #1545, #6204 ) ) ;
#380 = LINE ( 'NONE', #5182, #2494 ) ;
#381 = ORIENTED_EDGE ( 'NONE', *, *, #5735, .F. ) ;
#382 = VECTOR ( 'NONE', #2687, 1000.000000000000000 ) ;
#383 = VECTOR ( 'NONE', #6127, 1000.000000000000000 ) ;
#384 = ORIENTED_EDGE ( 'NONE', *, *, #4811, .T. ) ;
#385 = FACE_OUTER_BOUND ( 'NONE', #5749, .T. ) ;
#386 = EDGE_CURVE ( 'NONE', #3434, #2159, #3812, .T. ) ;
#387 = CONICAL_SURFACE ( 'NONE', #3735, 2.500000000000002220, 0.7853981633974659315 ) ;
#388 = DIRECTION ( 'NONE',  ( 0.000000000000000000, 0.000000000000000000, -1.000000000000000000 ) ) ;
#389 = ADVANCED_FACE ( 'NONE', ( #3321 ), #1154, .F. ) ;
#390 = CARTESIAN_POINT ( 'NONE',  ( -67.00000000000000000, 30.00000000000000000, 20.00000000000000000 ) ) ;
#391 = AXIS2_PLACEMENT_3D ( 'NONE', #8431, #4467, #3766 ) ;
#392 = LINE ( 'NONE', #8517, #4355 ) ;
#393 = AXIS2_PLACEMENT_3D ( 'NONE', #1489, #7554, #5453 ) ;
#394 = DIRECTION ( 'NONE',  ( 0.000000000000000000, 1.000000000000000000, 0.000000000000000000 ) ) ;
#395 = CIRCLE ( 'NONE', #1245, 5.250000000000000888 ) ;
#396 = ORIENTED_EDGE ( 'NONE', *, *, #7974, .T. ) ;
#397 = EDGE_CURVE ( 'NONE', #4616, #419, #6473, .T. ) ;
#398 = EDGE_LOOP ( 'NONE', ( #6842, #5650, #3406, #3324 ) ) ;
#399 = DIRECTION ( 'NONE',  ( 0.000000000000000000, 0.000000000000000000, -1.000000000000000000 ) ) ;
#400 = CARTESIAN_POINT ( 'NONE',  ( 33.91096845495838608, -42.99999999999999289, -8.623921385048944899 ) ) ;
#401 = DIRECTION ( 'NONE',  ( 0.000000000000000000, 0.000000000000000000, 1.000000000000000000 ) ) ;
#402 = DIRECTION ( 'NONE',  ( 0.000000000000000000, -1.000000000000000000, 0.000000000000000000 ) ) ;
#403 = CIRCLE ( 'NONE', #2508, 2.500000000000000444 ) ;
#404 = AXIS2_PLACEMENT_3D ( 'NONE', #2395, #3879, #3004 ) ;
#405 = LINE ( 'NONE', #7695, #4168 ) ;
#406 = AXIS2_PLACEMENT_3D ( 'NONE', #4173, #1392, #6179 ) ;
#407 = DIRECTION ( 'NONE',  ( 0.000000000000000000, -1.000000000000000000, 0.000000000000000000 ) ) ;
#408 = VERTEX_POINT ( 'NONE', #5985 ) ;
#409 = EDGE_CURVE ( 'NONE', #3336, #4897, #4, .T. ) ;
#410 = ORIENTED_EDGE ( 'NONE', *, *, #397, .T. ) ;
#411 = EDGE_CURVE ( 'NONE', #8371, #2080, #7387, .T. ) ;
#412 = AXIS2_PLACEMENT_3D ( 'NONE', #5417, #710, #6159 ) ;
#413 = DIRECTION ( 'NONE',  ( 0.000000000000000000, 0.000000000000000000, -1.000000000000000000 ) ) ;
#414 = CARTESIAN_POINT ( 'NONE',  ( -74.44893142822299126, 53.00000000000000000, 8.900000000000000355 ) ) ;
#415 = VECTOR ( 'NONE', #5649, 1000.000000000000000 ) ;
#416 = CARTESIAN_POINT ( 'NONE',  ( 2.081668171172170091E-14, 0.000000000000000000, 0.000000000000000000 ) ) ;
#417 = CARTESIAN_POINT ( 'NONE',  ( 90.00000000000000000, -20.00000000000000000, -20.00000000000000000 ) ) ;
#418 = FACE_OUTER_BOUND ( 'NONE', #8098, .T. ) ;
#419 = VERTEX_POINT ( 'NONE', #38 ) ;
#420 = VERTEX_POINT ( 'NONE', #2709 ) ;
#421 = EDGE_CURVE ( 'NONE', #5469, #3651, #495, .T. ) ;
#422 = CARTESIAN_POINT ( 'NONE',  ( 0.000000000000000000, -24.19999999999999929, -1.699999999999999956 ) ) ;
#423 = ORIENTED_EDGE ( 'NONE', *, *, #4458, .T. ) ;
#424 = CARTESIAN_POINT ( 'NONE',  ( -31.00000000000000000, -36.20000000000000284, 13.00000000000000178 ) ) ;
#425 = CARTESIAN_POINT ( 'NONE',  ( -90.00000000000000000, -10.00000000000000178, 20.00000000000000000 ) ) ;
#426 = VERTEX_POINT ( 'NONE', #448 ) ;
#427 = DIRECTION ( 'NONE',  ( 1.000000000000000000, 0.000000000000000000, 0.000000000000000000 ) ) ;
#428 = CARTESIAN_POINT ( 'NONE',  ( -2.000648134901619795E-15, -20.00000000000000000, 20.00000000000000000 ) ) ;
#429 = APPROVAL_STATUS ( 'not_yet_approved' ) ;
#430 = CARTESIAN_POINT ( 'NONE',  ( 2.081668171172170091E-14, -6.600000000000001421, 0.000000000000000000 ) ) ;
#431 = ORIENTED_EDGE ( 'NONE', *, *, #1854, .F. ) ;
#432 = ORIENTED_EDGE ( 'NONE', *, *, #7047, .F. ) ;
#433 = DIRECTION ( 'NONE',  ( 1.000000000000000000, 0.000000000000000000, 0.000000000000000000 ) ) ;
#434 = ORIENTED_EDGE ( 'NONE', *, *, #4634, .F. ) ;
#435 = CARTESIAN_POINT ( 'NONE',  ( -72.29999999999999716, -53.00000000000000000, -8.599999999999999645 ) ) ;
#436 = CARTESIAN_POINT ( 'NONE',  ( -59.00000000000000000, 20.00000000000000000, -19.80000000000000071 ) ) ;
#437 = CARTESIAN_POINT ( 'NONE',  ( -79.00000000000000000, 53.00000000000000000, -9.253553390593300065 ) ) ;
#438 = EDGE_CURVE ( 'NONE', #4514, #4188, #2746, .T. ) ;
#439 = ORIENTED_EDGE ( 'NONE', *, *, #3804, .F. ) ;
#440 = EDGE_CURVE ( 'NONE', #8640, #8418, #2014, .T. ) ;
#441 = ORIENTED_EDGE ( 'NONE', *, *, #5056, .F. ) ;
#442 = ADVANCED_FACE ( 'NONE', ( #2054 ), #1759, .T. ) ;
#443 = PLANE ( 'NONE',  #2911 ) ;
#444 = FACE_OUTER_BOUND ( 'NONE', #7561, .T. ) ;
#445 = DIRECTION ( 'NONE',  ( -1.000000000000000000, 0.000000000000000000, 0.000000000000000000 ) ) ;
#446 = DIRECTION ( 'NONE',  ( 1.000000000000000000, 0.000000000000000000, 0.000000000000000000 ) ) ;
#447 = CARTESIAN_POINT ( 'NONE',  ( -67.00000000000000000, 11.40217391304340033, 18.21270018560345250 ) ) ;
#448 = CARTESIAN_POINT ( 'NONE',  ( -59.20000000000000284, -20.00000000000000000, 20.00000000000000000 ) ) ;
#449 = ORIENTED_EDGE ( 'NONE', *, *, #975, .F. ) ;
#450 = EDGE_CURVE ( 'NONE', #1311, #8572, #7084, .T. ) ;
#451 = EDGE_LOOP ( 'NONE', ( #1318, #6561, #6985, #2720 ) ) ;
#452 = DIRECTION ( 'NONE',  ( 0.000000000000000000, 0.000000000000000000, -1.000000000000000000 ) ) ;
#453 = LINE ( 'NONE', #4425, #4429 ) ;
#454 = FACE_OUTER_BOUND ( 'NONE', #911, .T. ) ;
#455 = PERSON ( 'NAUO-PER3', 'UNSPECIFIED', 'UNSPECIFIED', ('UNSPECIFIED'), ('UNSPECIFIED'), ('UNSPECIFIED') ) ;
#456 = CARTESIAN_POINT ( 'NONE',  ( -17.67766952966359995, -55.20100000000000051, -17.67766952966377403 ) ) ;
#457 = FACE_OUTER_BOUND ( 'NONE', #2970, .T. ) ;
#458 = AXIS2_PLACEMENT_3D ( 'NONE', #6855, #7640, #837 ) ;
#459 = ADVANCED_FACE ( 'NONE', ( #4633 ), #1112, .T. ) ;
#460 = CC_DESIGN_PERSON_AND_ORGANIZATION_ASSIGNMENT ( #3624, #6280, ( #3865 ) ) ;
#461 = ORIENTED_EDGE ( 'NONE', *, *, #356, .T. ) ;
#462 = ORIENTED_EDGE ( 'NONE', *, *, #1804, .T. ) ;
#463 = CARTESIAN_POINT ( 'NONE',  ( -9.500000000000000000, -29.56700000000000017, -14.06700000000000017 ) ) ;
#464 = EDGE_LOOP ( 'NONE', ( #3134, #2584, #3691, #2217 ) ) ;
#465 = DIRECTION ( 'NONE',  ( 0.000000000000000000, -1.000000000000000000, 0.000000000000000000 ) ) ;
#466 = LINE ( 'NONE', #425, #1777 ) ;
#467 = ORIENTED_EDGE ( 'NONE', *, *, #3802, .F. ) ;
#468 = FACE_OUTER_BOUND ( 'NONE', #1432, .T. ) ;
#469 = DIRECTION ( 'NONE',  ( 1.000000000000000000, 0.000000000000000000, 0.000000000000000000 ) ) ;
#470 = ADVANCED_FACE ( 'NONE', ( #5816 ), #5115, .F. ) ;
#471 = COORDINATED_UNIVERSAL_TIME_OFFSET ( 6, 0, .BEHIND. ) ;
#472 = DIRECTION ( 'NONE',  ( 0.000000000000000000, 0.000000000000000000, 1.000000000000000000 ) ) ;
#473 = ORIENTED_EDGE ( 'NONE', *, *, #6424, .T. ) ;
#474 = VECTOR ( 'NONE', #1003, 1000.000000000000000 ) ;
#475 = ORIENTED_EDGE ( 'NONE', *, *, #494, .F. ) ;
#476 = EDGE_LOOP ( 'NONE', ( #4787, #4219, #7105, #5449, #8581, #583, #1496, #99 ) ) ;
#477 = FACE_OUTER_BOUND ( 'NONE', #3736, .T. ) ;
#478 = VERTEX_POINT ( 'NONE', #5163 ) ;
#479 = CARTESIAN_POINT ( 'NONE',  ( -77.35106857177699169, 53.00000000000000000, 8.900000000000000355 ) ) ;
#480 = AXIS2_PLACEMENT_3D ( 'NONE', #7251, #1275, #727 ) ;
#481 = DIRECTION ( 'NONE',  ( -1.000000000000000000, 0.000000000000000000, 0.000000000000000000 ) ) ;
#482 = FACE_OUTER_BOUND ( 'NONE', #860, .T. ) ;
#483 = ORIENTED_EDGE ( 'NONE', *, *, #3428, .F. ) ;
#484 = CIRCLE ( 'NONE', #3690, 2.399999999999999467 ) ;
#485 = AXIS2_PLACEMENT_3D ( 'NONE', #4909, #1021, #4949 ) ;
#486 = ORIENTED_EDGE ( 'NONE', *, *, #4051, .F. ) ;
#487 = FACE_BOUND ( 'NONE', #6486, .T. ) ;
#488 = DIRECTION ( 'NONE',  ( 1.000000000000000000, 0.000000000000000000, 0.000000000000000000 ) ) ;
#489 = CARTESIAN_POINT ( 'NONE',  ( 30.54573742021882765, -41.51475749991242736, -18.23291455502927150 ) ) ;
#490 = DIRECTION ( 'NONE',  ( 0.000000000000000000, -0.7608695652172466906, 0.6489048502870955470 ) ) ;
#491 = CIRCLE ( 'NONE', #5497, 2.500000000000002220 ) ;
#492 = CIRCLE ( 'NONE', #8021, 5.250000000000000888 ) ;
#493 = CYLINDRICAL_SURFACE ( 'NONE', #4604, 0.2500000000000002220 ) ;
#494 = EDGE_CURVE ( 'NONE', #1509, #2015, #4460, .T. ) ;
#495 = LINE ( 'NONE', #5323, #3348 ) ;
#496 = VERTEX_POINT ( 'NONE', #8311 ) ;
#497 = VERTEX_POINT ( 'NONE', #2293 ) ;
#498 = ORIENTED_EDGE ( 'NONE', *, *, #2931, .F. ) ;
#499 = DIRECTION ( 'NONE',  ( 0.000000000000000000, 0.000000000000000000, 1.000000000000000000 ) ) ;
#500 = LINE ( 'NONE', #8310, #1088 ) ;
#501 = DIRECTION ( 'NONE',  ( 1.000000000000000000, 0.000000000000000000, 0.000000000000000000 ) ) ;
#502 = ADVANCED_FACE ( 'NONE', ( #2990, #7614 ), #4379, .F. ) ;
#503 = PLANE ( 'NONE',  #8148 ) ;
#504 = DIRECTION ( 'NONE',  ( 0.000000000000000000, 0.000000000000000000, -1.000000000000000000 ) ) ;
#505 = ADVANCED_FACE ( 'NONE', ( #985, #8271, #1638, #6348 ), #4303, .T. ) ;
#506 = ORIENTED_EDGE ( 'NONE', *, *, #7875, .T. ) ;
#507 = ORIENTED_EDGE ( 'NONE', *, *, #6302, .F. ) ;
#508 = CARTESIAN_POINT ( 'NONE',  ( 0.000000000000000000, 19.80000000000000071, -2.299999999999999822 ) ) ;
#509 = ORIENTED_EDGE ( 'NONE', *, *, #7234, .T. ) ;
#510 = DIRECTION ( 'NONE',  ( 0.000000000000000000, -1.000000000000000000, 0.000000000000000000 ) ) ;
#511 = EDGE_CURVE ( 'NONE', #3274, #5546, #7655, .T. ) ;
#512 = LINE ( 'NONE', #5177, #7914 ) ;
#513 = CIRCLE ( 'NONE', #5384, 5.000000000000004441 ) ;
#514 = ORIENTED_EDGE ( 'NONE', *, *, #2228, .F. ) ;
#515 = FACE_OUTER_BOUND ( 'NONE', #6549, .T. ) ;
#516 = CARTESIAN_POINT ( 'NONE',  ( 0.000000000000000000, -3.551475717527324030E-15, -14.50000000000000000 ) ) ;
#517 = CONTEXT_DEPENDENT_SHAPE_REPRESENTATION ( #5727, #3219 ) ;
#518 = DIRECTION ( 'NONE',  ( 0.9999999999999901190, 1.416129997710645295E-07, 0.000000000000000000 ) ) ;
#519 = CC_DESIGN_APPROVAL ( #3020, ( #7826 ) ) ;
#520 = EDGE_LOOP ( 'NONE', ( #591, #7618, #1994, #5573 ) ) ;
#521 = EDGE_LOOP ( 'NONE', ( #1233, #3579, #2391, #4367 ) ) ;
#522 = AXIS2_PLACEMENT_3D ( 'NONE', #2872, #2303, #8279 ) ;
#523 = VERTEX_POINT ( 'NONE', #235 ) ;
#524 = EDGE_CURVE ( 'NONE', #1612, #7158, #285, .T. ) ;
#525 = DIRECTION ( 'NONE',  ( 0.000000000000000000, 1.000000000000000000, 0.000000000000000000 ) ) ;
#526 = DIRECTION ( 'NONE',  ( 0.000000000000000000, -1.000000000000000000, 0.000000000000000000 ) ) ;
#527 = DIRECTION ( 'NONE',  ( 0.000000000000000000, 1.000000000000000000, 0.000000000000000000 ) ) ;
#528 = DIRECTION ( 'NONE',  ( 1.000000000000000000, 0.000000000000000000, 0.000000000000000000 ) ) ;
#529 = DIRECTION ( 'NONE',  ( 0.000000000000000000, -1.000000000000000000, 0.000000000000000000 ) ) ;
#530 = AXIS2_PLACEMENT_3D ( 'NONE', #2645, #717, #7221 ) ;
#531 = ORIENTED_EDGE ( 'NONE', *, *, #5161, .T. ) ;
#532 = CIRCLE ( 'NONE', #4432, 3.100000000000000533 ) ;
#533 = ORIENTED_EDGE ( 'NONE', *, *, #5883, .F. ) ;
#534 = EDGE_CURVE ( 'NONE', #5188, #2728, #6964, .T. ) ;
#535 = CIRCLE ( 'NONE', #6673, 3.249999999999999556 ) ;
#536 = DIRECTION ( 'NONE',  ( 0.000000000000000000, 0.000000000000000000, 1.000000000000000000 ) ) ;
#537 = AXIS2_PLACEMENT_3D ( 'NONE', #5245, #5369, #1981 ) ;
#538 = CARTESIAN_POINT ( 'NONE',  ( 0.000000000000000000, -4.163799117100999770E-15, -17.00000000000000000 ) ) ;
#539 = DIRECTION ( 'NONE',  ( 0.000000000000000000, -0.7608695652141351795, 0.6489048502907439619 ) ) ;
#540 = CYLINDRICAL_SURFACE ( 'NONE', #8435, 5.250000000000000888 ) ;
#541 = DIRECTION ( 'NONE',  ( -0.7071067811865470176, 0.000000000000000000, 0.7071067811865480168 ) ) ;
#542 = CIRCLE ( 'NONE', #1653, 2.458500000000000796 ) ;
#543 = VECTOR ( 'NONE', #2794, 1000.000000000000000 ) ;
#544 = CIRCLE ( 'NONE', #3892, 3.249999999999999556 ) ;
#545 = ORIENTED_EDGE ( 'NONE', *, *, #377, .F. ) ;
#546 = VERTEX_POINT ( 'NONE', #5033 ) ;
#547 = PLANE ( 'NONE',  #7513 ) ;
#548 = DIRECTION ( 'NONE',  ( 1.000000000000000000, 0.000000000000000000, 0.000000000000000000 ) ) ;
#549 = AXIS2_PLACEMENT_3D ( 'NONE', #6045, #806, #2205 ) ;
#550 = ADVANCED_FACE ( 'NONE', ( #4341 ), #2383, .F. ) ;
#551 = LINE ( 'NONE', #4518, #4534 ) ;
#552 = DIRECTION ( 'NONE',  ( 0.000000000000000000, 0.000000000000000000, 1.000000000000000000 ) ) ;
#553 = CARTESIAN_POINT ( 'NONE',  ( -48.00000000000000000, 19.50000000000000000, 15.45850000000000080 ) ) ;
#554 = AXIS2_PLACEMENT_3D ( 'NONE', #6832, #4123, #8181 ) ;
#555 = VECTOR ( 'NONE', #8166, 1000.000000000000000 ) ;
#556 = ORIENTED_EDGE ( 'NONE', *, *, #1406, .F. ) ;
#557 = EDGE_CURVE ( 'NONE', #1426, #1681, #6304, .T. ) ;
#558 = EDGE_LOOP ( 'NONE', ( #7133, #4112, #1855, #146 ) ) ;
#559 = AXIS2_PLACEMENT_3D ( 'NONE', #3395, #5437, #3482 ) ;
#560 = EDGE_CURVE ( 'NONE', #6227, #3538, #3646, .T. ) ;
#561 = FACE_OUTER_BOUND ( 'NONE', #5631, .T. ) ;
#562 = VERTEX_POINT ( 'NONE', #2909 ) ;
#563 = CARTESIAN_POINT ( 'NONE',  ( 85.00000000000000000, -38.00000000000000000, 20.00000000000000000 ) ) ;
#564 = EDGE_CURVE ( 'NONE', #6272, #4143, #1066, .T. ) ;
#565 = DIRECTION ( 'NONE',  ( -0.000000000000000000, 1.000000000000000000, 0.000000000000000000 ) ) ;
#566 = ORIENTED_EDGE ( 'NONE', *, *, #4449, .F. ) ;
#567 = FACE_OUTER_BOUND ( 'NONE', #3010, .T. ) ;
#568 = CARTESIAN_POINT ( 'NONE',  ( -47.99999957383840155, 30.00000000000000000, 10.00000000000000000 ) ) ;
#569 = APPROVAL_STATUS ( 'not_yet_approved' ) ;
#570 = VERTEX_POINT ( 'NONE', #3684 ) ;
#571 = VERTEX_POINT ( 'NONE', #5647 ) ;
#572 = ORIENTED_EDGE ( 'NONE', *, *, #4984, .T. ) ;
#573 = DIRECTION ( 'NONE',  ( -0.000000000000000000, 1.000000000000000000, 0.000000000000000000 ) ) ;
#574 = ORIENTED_EDGE ( 'NONE', *, *, #7950, .T. ) ;
#575 = DIRECTION ( 'NONE',  ( 0.000000000000000000, 0.000000000000000000, -1.000000000000000000 ) ) ;
#576 = FACE_OUTER_BOUND ( 'NONE', #7335, .T. ) ;
#577 = CARTESIAN_POINT ( 'NONE',  ( -54.00000000000000711, -52.99999999999999289, -1.552641770591983799E-13 ) ) ;
#578 = CARTESIAN_POINT ( 'NONE',  ( -67.00000000000000000, -11.44999999999999929, 19.69999999999999929 ) ) ;
#579 = ADVANCED_FACE ( 'NONE', ( #5696 ), #8183, .F. ) ;
#580 = APPROVAL ( #569, 'UNKNOWN' ) ;
#581 = ORIENTED_EDGE ( 'NONE', *, *, #5582, .F. ) ;
#582 = ORIENTED_EDGE ( 'NONE', *, *, #1512, .T. ) ;
#583 = ORIENTED_EDGE ( 'NONE', *, *, #5857, .F. ) ;
#584 = DIRECTION ( 'NONE',  ( 0.000000000000000000, -1.000000000000000000, 0.000000000000000000 ) ) ;
#585 = CYLINDRICAL_SURFACE ( 'NONE', #2201, 5.250000000000004441 ) ;
#586 = DIRECTION ( 'NONE',  ( 0.000000000000000000, -1.000000000000000000, 0.000000000000000000 ) ) ;
#587 = CARTESIAN_POINT ( 'NONE',  ( 29.57888850641910139, -40.11309130870348127, -20.00000000000000000 ) ) ;
#588 = LINE ( 'NONE', #5203, #6960 ) ;
#589 = EDGE_CURVE ( 'NONE', #3173, #4837, #5606, .T. ) ;
#590 = ORIENTED_EDGE ( 'NONE', *, *, #607, .F. ) ;
#591 = ORIENTED_EDGE ( 'NONE', *, *, #2476, .F. ) ;
#592 = CYLINDRICAL_SURFACE ( 'NONE', #1252, 2.458500000000000796 ) ;
#593 = DIRECTION ( 'NONE',  ( -1.000000000000000000, 0.000000000000000000, 0.000000000000000000 ) ) ;
#594 = FACE_OUTER_BOUND ( 'NONE', #2189, .T. ) ;
#595 = DIRECTION ( 'NONE',  ( 0.000000000000000000, 0.000000000000000000, 1.000000000000000000 ) ) ;
#596 = FACE_OUTER_BOUND ( 'NONE', #8343, .T. ) ;
#597 = ORIENTED_EDGE ( 'NONE', *, *, #3511, .T. ) ;
#598 = ORIENTED_EDGE ( 'NONE', *, *, #918, .T. ) ;
#599 = FACE_OUTER_BOUND ( 'NONE', #2797, .T. ) ;
#600 = DIRECTION ( 'NONE',  ( -1.000000000000000000, 0.000000000000000000, 0.000000000000000000 ) ) ;
#601 = VECTOR ( 'NONE', #1183, 1000.000000000000000 ) ;
#602 = ORIENTED_EDGE ( 'NONE', *, *, #836, .T. ) ;
#603 = DIRECTION ( 'NONE',  ( 1.000000000000000000, 0.000000000000000000, 5.302557729552989442E-17 ) ) ;
#604 = EDGE_CURVE ( 'NONE', #6445, #2961, #7666, .T. ) ;
#605 = DIRECTION ( 'NONE',  ( 0.000000000000000000, 0.000000000000000000, 1.000000000000000000 ) ) ;
#606 = PERSON_AND_ORGANIZATION ( #2440, #369 ) ;
#607 = EDGE_CURVE ( 'NONE', #8355, #4644, #1558, .T. ) ;
#608 = AXIS2_PLACEMENT_3D ( 'NONE', #5933, #2672, #72 ) ;
#609 = VERTEX_POINT ( 'NONE', #4992 ) ;
#610 = ORIENTED_EDGE ( 'NONE', *, *, #7321, .T. ) ;
#611 = ORIENTED_EDGE ( 'NONE', *, *, #19, .F. ) ;
#612 = FACE_OUTER_BOUND ( 'NONE', #5220, .T. ) ;
#613 = VERTEX_POINT ( 'NONE', #6872 ) ;
#614 = DIRECTION ( 'NONE',  ( 0.000000000000000000, -1.000000000000000000, 0.000000000000000000 ) ) ;
#615 = DIRECTION ( 'NONE',  ( -3.491481338843133355E-15, 1.000000000000000000, 0.000000000000000000 ) ) ;
#616 = EDGE_CURVE ( 'NONE', #1591, #4139, #6215, .T. ) ;
#617 = CARTESIAN_POINT ( 'NONE',  ( -54.00000000000000000, -20.00000000000000000, -19.80000000000000071 ) ) ;
#618 = EDGE_LOOP ( 'NONE', ( #6028, #2815 ) ) ;
#619 = ORIENTED_EDGE ( 'NONE', *, *, #8193, .T. ) ;
#620 = VECTOR ( 'NONE', #3890, 1000.000000000000000 ) ;
#621 = EDGE_CURVE ( 'NONE', #4071, #6812, #5739, .T. ) ;
#622 = CARTESIAN_POINT ( 'NONE',  ( 31.00000000000000000, -53.00000000000000000, -9.750000000000001776 ) ) ;
#623 = FACE_OUTER_BOUND ( 'NONE', #6838, .T. ) ;
#624 = CARTESIAN_POINT ( 'NONE',  ( -17.67766952966355376, -19.50000000000000000, 17.67766952966379534 ) ) ;
#625 = DIRECTION ( 'NONE',  ( -1.000000000000000000, 0.000000000000000000, 0.000000000000000000 ) ) ;
#626 = CARTESIAN_POINT ( 'NONE',  ( -9.500000000000000000, -30.00000000000000000, -12.00000000000000000 ) ) ;
#627 = VECTOR ( 'NONE', #1429, 1000.000000000000000 ) ;
#628 = AXIS2_PLACEMENT_3D ( 'NONE', #675, #2725, #3423 ) ;
#629 = EDGE_LOOP ( 'NONE', ( #8108, #2026, #8405, #5216, #339, #1063, #6315, #6628, #5310, #8003, #2119, #7407, #1743, #1395, #4898, #8017 ) ) ;
#630 = ORIENTED_EDGE ( 'NONE', *, *, #2835, .F. ) ;
#631 = FACE_OUTER_BOUND ( 'NONE', #4394, .T. ) ;
#632 = ADVANCED_FACE ( 'NONE', ( #5824 ), #4612, .F. ) ;
#633 = DIRECTION ( 'NONE',  ( 1.000000000000000000, 0.000000000000000000, 1.590767318865894860E-16 ) ) ;
#634 = AXIS2_PLACEMENT_3D ( 'NONE', #7307, #6007, #21 ) ;
#635 = CARTESIAN_POINT ( 'NONE',  ( -42.76045286139795110, 24.19999999999999929, -1.699999999999999956 ) ) ;
#636 = LINE ( 'NONE', #7224, #7736 ) ;
#637 = CARTESIAN_POINT ( 'NONE',  ( -72.59999999999999432, -53.00000000000000000, -8.900000000000000355 ) ) ;
#638 = CONICAL_SURFACE ( 'NONE', #349, 17.56568542494899887, 0.7853981633972341170 ) ;
#639 = ORIENTED_EDGE ( 'NONE', *, *, #5081, .F. ) ;
#640 = ORIENTED_EDGE ( 'NONE', *, *, #1487, .F. ) ;
#641 = CARTESIAN_POINT ( 'NONE',  ( -72.59999999999999432, 53.00000000000000000, 8.600000000000129319 ) ) ;
#642 = CARTESIAN_POINT ( 'NONE',  ( 23.04842788558745070, -25.00000000000000000, 20.00000000000000000 ) ) ;
#643 = ORIENTED_EDGE ( 'NONE', *, *, #6604, .F. ) ;
#644 = CARTESIAN_POINT ( 'NONE',  ( 95.00000000000000000, -48.00000000000000000, -20.00000000000000000 ) ) ;
#645 = FACE_OUTER_BOUND ( 'NONE', #1200, .T. ) ;
#646 = ITEM_DEFINED_TRANSFORMATION ( 'NONE', 'NONE', #6789,  #5949 ) ;
#647 = ORIENTED_EDGE ( 'NONE', *, *, #7047, .T. ) ;
#648 = CIRCLE ( 'NONE', #6219, 3.250000000000002665 ) ;
#649 = ORIENTED_EDGE ( 'NONE', *, *, #4950, .F. ) ;
#650 = DIRECTION ( 'NONE',  ( 0.000000000000000000, 0.000000000000000000, 1.000000000000000000 ) ) ;
#652 = VERTEX_POINT ( 'NONE', #7926 ) ;
#651 = EDGE_CURVE ( 'NONE', #6574, #6122, #3913, .T. ) ;
#653 = DIRECTION ( 'NONE',  ( 2.926572255078290114E-17, 1.000000000000000000, 0.000000000000000000 ) ) ;
#654 = PLANE ( 'NONE',  #3026 ) ;
#655 = CC_DESIGN_APPROVAL ( #4142, ( #7058 ) ) ;
#656 = DIRECTION ( 'NONE',  ( 1.000000000000000000, -8.809440770586719424E-17, 0.000000000000000000 ) ) ;
#657 = DIRECTION ( 'NONE',  ( 0.000000000000000000, 0.000000000000000000, -1.000000000000000000 ) ) ;
#658 = EDGE_LOOP ( 'NONE', ( #6217, #5060, #3079, #506, #5446, #6108, #2879, #8251 ) ) ;
#659 = EDGE_CURVE ( 'NONE', #6016, #3204, #6619, .T. ) ;
#660 = ORIENTED_EDGE ( 'NONE', *, *, #1752, .F. ) ;
#661 = APPROVAL_PERSON_ORGANIZATION ( #7055, #2118, #1781 ) ;
#662 = EDGE_CURVE ( 'NONE', #5602, #8563, #7881, .T. ) ;
#663 = DIRECTION ( 'NONE',  ( 0.000000000000000000, 0.000000000000000000, -1.000000000000000000 ) ) ;
#664 = LINE ( 'NONE', #1283, #5276 ) ;
#665 = DIRECTION ( 'NONE',  ( 0.000000000000000000, -1.000000000000000000, 0.000000000000000000 ) ) ;
#666 = LINE ( 'NONE', #1324, #3002 ) ;
#667 = ORIENTED_EDGE ( 'NONE', *, *, #5345, .F. ) ;
#668 = CARTESIAN_POINT ( 'NONE',  ( -17.67766952966359995, -13.60000000000000142, -17.67766952966377403 ) ) ;
#669 = ORIENTED_EDGE ( 'NONE', *, *, #1727, .F. ) ;
#670 = EDGE_LOOP ( 'NONE', ( #805, #693, #1571, #3886 ) ) ;
#671 = ORIENTED_EDGE ( 'NONE', *, *, #3784, .F. ) ;
#672 = CIRCLE ( 'NONE', #3733, 3.009999999999998899 ) ;
#673 = FACE_OUTER_BOUND ( 'NONE', #5325, .T. ) ;
#674 = LINE ( 'NONE', #5953, #2490 ) ;
#675 = CARTESIAN_POINT ( 'NONE',  ( -77.35106857177699169, -53.00000000000000000, 8.900000000000000355 ) ) ;
#676 = CARTESIAN_POINT ( 'NONE',  ( -9.500000000000000000, -30.00000000000000000, -12.00000000000000000 ) ) ;
#677 = DIRECTION ( 'NONE',  ( 0.000000000000000000, 0.000000000000000000, 1.000000000000000000 ) ) ;
#678 = AXIS2_PLACEMENT_3D ( 'NONE', #5935, #4138, #4710 ) ;
#679 = EDGE_CURVE ( 'NONE', #3546, #7815, #551, .T. ) ;
#680 = EDGE_CURVE ( 'NONE', #4017, #5038, #8429, .T. ) ;
#681 = ORIENTED_EDGE ( 'NONE', *, *, #7811, .F. ) ;
#682 = CIRCLE ( 'NONE', #250, 3.249999999999999556 ) ;
#683 = EDGE_LOOP ( 'NONE', ( #6235, #3244, #854, #3355 ) ) ;
#684 = VECTOR ( 'NONE', #3471, 1000.000000000000000 ) ;
#685 = LINE ( 'NONE', #7890, #4588 ) ;
#686 = CARTESIAN_POINT ( 'NONE',  ( 0.000000000000000000, 14.55000000000000071, 18.26686273152999718 ) ) ;
#687 = ORIENTED_EDGE ( 'NONE', *, *, #5664, .F. ) ;
#688 = DIRECTION ( 'NONE',  ( 0.000000000000000000, 1.224646799147352221E-16, 1.000000000000000000 ) ) ;
#689 = AXIS2_PLACEMENT_3D ( 'NONE', #6346, #6263, #2334 ) ;
#690 = SECURITY_CLASSIFICATION_LEVEL ( 'unclassified' ) ;
#691 = AXIS2_PLACEMENT_3D ( 'NONE', #2285, #2248, #1013 ) ;
#692 = VECTOR ( 'NONE', #7002, 1000.000000000000000 ) ;
#693 = ORIENTED_EDGE ( 'NONE', *, *, #6953, .T. ) ;
#694 = EDGE_CURVE ( 'NONE', #3224, #7661, #6059, .T. ) ;
#695 = EDGE_LOOP ( 'NONE', ( #4060, #2357, #3461, #8011, #1185, #5938, #2131, #857 ) ) ;
#696 = CARTESIAN_POINT ( 'NONE',  ( -31.25000000000050093, -23.00000000000000000, 12.25000051147890012 ) ) ;
#697 = AXIS2_PLACEMENT_3D ( 'NONE', #5554, #4980, #5026 ) ;
#698 = ORIENTED_EDGE ( 'NONE', *, *, #6547, .T. ) ;
#699 = AXIS2_PLACEMENT_3D ( 'NONE', #1726, #6876, #3649 ) ;
#700 = CARTESIAN_POINT ( 'NONE',  ( -48.00000000000000000, 19.50000000000000000, -10.54150000000000098 ) ) ;
#701 = CARTESIAN_POINT ( 'NONE',  ( -67.00000000000000000, -14.55000000000000071, -20.00000000000000000 ) ) ;
#702 = DIRECTION ( 'NONE',  ( 0.000000000000000000, 0.000000000000000000, -1.000000000000000000 ) ) ;
#703 = ORIENTED_EDGE ( 'NONE', *, *, #6095, .F. ) ;
#704 = EDGE_LOOP ( 'NONE', ( #3188, #2561, #2986, #137 ) ) ;
#705 = PLANE ( 'NONE',  #2010 ) ;
#706 = DIRECTION ( 'NONE',  ( 0.5000000000001887379, 0.000000000000000000, 0.8660254037843296837 ) ) ;
#707 = DIRECTION ( 'NONE',  ( 0.000000000000000000, 0.000000000000000000, -1.000000000000000000 ) ) ;
#708 = DIRECTION ( 'NONE',  ( 0.000000000000000000, 0.7380952380954969305, 0.6746965388237529115 ) ) ;
#709 = EDGE_CURVE ( 'NONE', #933, #67, #4111, .T. ) ;
#710 = DIRECTION ( 'NONE',  ( 1.000000000000000000, 0.000000000000000000, 0.000000000000000000 ) ) ;
#711 = AXIS2_PLACEMENT_3D ( 'NONE', #7035, #8306, #3722 ) ;
#712 = EDGE_CURVE ( 'NONE', #3336, #5351, #2423, .T. ) ;
#713 = EDGE_CURVE ( 'NONE', #609, #5469, #8531, .T. ) ;
#714 = ORIENTED_EDGE ( 'NONE', *, *, #7336, .F. ) ;
#715 = ORIENTED_EDGE ( 'NONE', *, *, #3510, .F. ) ;
#716 = CARTESIAN_POINT ( 'NONE',  ( 31.00000000000000000, -33.00000000000000000, -16.25000000000000000 ) ) ;
#717 = DIRECTION ( 'NONE',  ( 0.000000000000000000, 0.000000000000000000, -1.000000000000000000 ) ) ;
#718 = CARTESIAN_POINT ( 'NONE',  ( -67.00000000000000000, 30.00000000000000000, 7.250000000000000000 ) ) ;
#719 = LINE ( 'NONE', #7350, #6898 ) ;
#720 = CARTESIAN_POINT ( 'NONE',  ( 90.00000000000000000, -15.00000000000000000, -20.00000000000000000 ) ) ;
#721 = EDGE_CURVE ( 'NONE', #6354, #7264, #4426, .T. ) ;
#722 = EDGE_LOOP ( 'NONE', ( #4860, #6300, #154, #3397 ) ) ;
#723 = ORIENTED_EDGE ( 'NONE', *, *, #2427, .T. ) ;
#724 = CARTESIAN_POINT ( 'NONE',  ( -34.11042744160234719, -43.00000000000000000, 8.770609839406265706 ) ) ;
#725 = DIRECTION ( 'NONE',  ( 0.000000000000000000, 1.224646799147352221E-16, 1.000000000000000000 ) ) ;
#726 = AXIS2_PLACEMENT_3D ( 'NONE', #563, #2565, #7188 ) ;
#727 = DIRECTION ( 'NONE',  ( 0.000000000000000000, 0.000000000000000000, 1.000000000000000000 ) ) ;
#728 = EDGE_CURVE ( 'NONE', #5297, #4692, #6479, .T. ) ;
#729 = VERTEX_POINT ( 'NONE', #7267 ) ;
#730 = CARTESIAN_POINT ( 'NONE',  ( -56.50000000000000000, -20.00000000000000000, -20.00000000000000000 ) ) ;
#731 = ORIENTED_EDGE ( 'NONE', *, *, #7556, .F. ) ;
#732 = CIRCLE ( 'NONE', #5609, 17.56568542494899887 ) ;
#733 = ORIENTED_EDGE ( 'NONE', *, *, #6145, .T. ) ;
#734 = FACE_OUTER_BOUND ( 'NONE', #3312, .T. ) ;
#736 = ORIENTED_EDGE ( 'NONE', *, *, #3692, .F. ) ;
#735 = EDGE_CURVE ( 'NONE', #4644, #2514, #5490, .T. ) ;
#737 = LINE ( 'NONE', #8073, #6594 ) ;
#738 = PERSON_AND_ORGANIZATION ( #2440, #369 ) ;
#739 = CIRCLE ( 'NONE', #4083, 1.592474596216000071 ) ;
#740 = DIRECTION ( 'NONE',  ( 0.000000000000000000, -1.000000000000000000, 0.000000000000000000 ) ) ;
#741 = CARTESIAN_POINT ( 'NONE',  ( -17.67766952966355376, -19.50000000000000000, 22.92766952966379534 ) ) ;
#742 = ORIENTED_EDGE ( 'NONE', *, *, #4283, .F. ) ;
#743 = VERTEX_POINT ( 'NONE', #5074 ) ;
#744 = LINE ( 'NONE', #1488, #1454 ) ;
#745 = CARTESIAN_POINT ( 'NONE',  ( -56.50000000000000000, -20.00000000000000000, 19.90000000000000213 ) ) ;
#746 = DIRECTION ( 'NONE',  ( 0.000000000000000000, 0.000000000000000000, 1.000000000000000000 ) ) ;
#747 = DIRECTION ( 'NONE',  ( 1.000000000000000000, 0.000000000000000000, 0.000000000000000000 ) ) ;
#748 = DIRECTION ( 'NONE',  ( 0.000000000000000000, 1.000000000000000000, 0.000000000000000000 ) ) ;
#749 = ORIENTED_EDGE ( 'NONE', *, *, #1352, .F. ) ;
#750 = ORIENTED_EDGE ( 'NONE', *, *, #694, .F. ) ;
#751 = FACE_OUTER_BOUND ( 'NONE', #3869, .T. ) ;
#752 = DIRECTION ( 'NONE',  ( 0.000000000000000000, -1.000000000000000000, 0.000000000000000000 ) ) ;
#753 = CYLINDRICAL_SURFACE ( 'NONE', #3836, 1.589999999999435198 ) ;
#754 = CARTESIAN_POINT ( 'NONE',  ( 0.000000000000000000, -11.44999999999999929, -18.34248115566045101 ) ) ;
#755 = CARTESIAN_POINT ( 'NONE',  ( 31.00000000000000000, -53.00000000000000000, -13.00000000000000178 ) ) ;
#756 = ADVANCED_FACE ( 'NONE', ( #594 ), #8576, .T. ) ;
#757 = ORIENTED_EDGE ( 'NONE', *, *, #4575, .T. ) ;
#758 = EDGE_CURVE ( 'NONE', #2889, #1384, #899, .T. ) ;
#759 = ORIENTED_EDGE ( 'NONE', *, *, #1441, .F. ) ;
#760 = CIRCLE ( 'NONE', #3976, 1.592474596216000071 ) ;
#761 = ADVANCED_FACE ( 'NONE', ( #7093 ), #4564, .F. ) ;
#762 = CIRCLE ( 'NONE', #5357, 3.009999999999999343 ) ;
#763 = DIRECTION ( 'NONE',  ( -1.000000000000000000, 0.000000000000000000, 0.000000000000000000 ) ) ;
#764 = AXIS2_PLACEMENT_3D ( 'NONE', #4478, #7179, #2520 ) ;
#765 = DIRECTION ( 'NONE',  ( 0.000000000000000000, -1.000000000000000000, 0.000000000000000000 ) ) ;
#766 = EDGE_CURVE ( 'NONE', #1853, #5809, #2469, .T. ) ;
#767 = FACE_OUTER_BOUND ( 'NONE', #8427, .T. ) ;
#768 = ORIENTED_EDGE ( 'NONE', *, *, #282, .F. ) ;
#769 = FACE_OUTER_BOUND ( 'NONE', #5420, .T. ) ;
#770 = CIRCLE ( 'NONE', #8580, 45.00000000000000000 ) ;
#771 = ORIENTED_EDGE ( 'NONE', *, *, #3231, .T. ) ;
#772 = ADVANCED_FACE ( 'NONE', ( #454 ), #343, .T. ) ;
#773 = PLANE ( 'NONE',  #8317 ) ;
#774 = ORIENTED_EDGE ( 'NONE', *, *, #7477, .T. ) ;
#775 = CARTESIAN_POINT ( 'NONE',  ( 0.000000000000000000, -30.00000000000000000, -1.699999999999999956 ) ) ;
#776 = VERTEX_POINT ( 'NONE', #7305 ) ;
#777 = DIRECTION ( 'NONE',  ( 0.000000000000000000, 0.000000000000000000, -1.000000000000000000 ) ) ;
#778 = PERSON_AND_ORGANIZATION_ROLE ( 'design_supplier' ) ;
#779 = CARTESIAN_POINT ( 'NONE',  ( -90.00000000000000000, -43.00000000000000000, -20.00000000000000000 ) ) ;
#780 = VERTEX_POINT ( 'NONE', #2114 ) ;
#781 = CC_DESIGN_DATE_AND_TIME_ASSIGNMENT ( #4057, #7547, ( #4680 ) ) ;
#782 = ORIENTED_EDGE ( 'NONE', *, *, #557, .T. ) ;
#783 = ORIENTED_EDGE ( 'NONE', *, *, #8231, .T. ) ;
#784 = DIRECTION ( 'NONE',  ( 0.000000000000000000, 0.000000000000000000, -1.000000000000000000 ) ) ;
#785 = DIRECTION ( 'NONE',  ( 0.000000000000000000, -4.900294729380000228E-16, -1.000000000000000000 ) ) ;
#786 = AXIS2_PLACEMENT_3D ( 'NONE', #7829, #9, #1366 ) ;
#787 = DIRECTION ( 'NONE',  ( 1.000000000000000000, 0.000000000000000000, 0.000000000000000000 ) ) ;
#788 = DIRECTION ( 'NONE',  ( 0.000000000000000000, -1.000000000000000000, 0.000000000000000000 ) ) ;
#789 = ORIENTED_EDGE ( 'NONE', *, *, #979, .F. ) ;
#790 = LINE ( 'NONE', #1326, #7250 ) ;
#791 = ORIENTED_EDGE ( 'NONE', *, *, #3006, .T. ) ;
#792 = ADVANCED_FACE ( 'NONE', ( #4036 ), #753, .F. ) ;
#793 = ORIENTED_EDGE ( 'NONE', *, *, #8510, .F. ) ;
#794 = CARTESIAN_POINT ( 'NONE',  ( -56.50000000000000000, -20.00000000000000000, -19.80000000000000071 ) ) ;
#795 = VECTOR ( 'NONE', #4619, 1000.000000000000000 ) ;
#796 = DIRECTION ( 'NONE',  ( 0.000000000000000000, 1.000000000000000000, 0.000000000000000000 ) ) ;
#797 = DIRECTION ( 'NONE',  ( 0.000000000000000000, 0.000000000000000000, -1.000000000000000000 ) ) ;
#798 = DIRECTION ( 'NONE',  ( -0.9063077870366509359, -0.4226182617406974429, 0.000000000000000000 ) ) ;
#799 = DIRECTION ( 'NONE',  ( 0.000000000000000000, -1.000000000000000000, -3.504141421485450603E-12 ) ) ;
#800 = CC_DESIGN_SECURITY_CLASSIFICATION ( #3171, ( #3865 ) ) ;
#801 = CARTESIAN_POINT ( 'NONE',  ( -42.45850000000000080, -23.00000034815554883, -20.00000000000000000 ) ) ;
#802 = AXIS2_PLACEMENT_3D ( 'NONE', #3521, #234, #7479 ) ;
#803 = VECTOR ( 'NONE', #4760, 1000.000000000000000 ) ;
#804 = ORIENTED_EDGE ( 'NONE', *, *, #122, .F. ) ;
#805 = ORIENTED_EDGE ( 'NONE', *, *, #1019, .F. ) ;
#806 = DIRECTION ( 'NONE',  ( 0.000000000000000000, 0.000000000000000000, -1.000000000000000000 ) ) ;
#807 = AXIS2_PLACEMENT_3D ( 'NONE', #7325, #1310, #8592 ) ;
#808 = CARTESIAN_POINT ( 'NONE',  ( -56.50000000000000000, -20.00000000000000000, 20.00000000000000000 ) ) ;
#809 = LINE ( 'NONE', #5473, #3409 ) ;
#810 = CONICAL_SURFACE ( 'NONE', #5975, 3.000000000000031086, 0.7853981633974476129 ) ;
#811 = ORIENTED_EDGE ( 'NONE', *, *, #3164, .F. ) ;
#812 = CARTESIAN_POINT ( 'NONE',  ( -79.00000000000000000, 53.00000000000000000, -19.75000000000000000 ) ) ;
#813 = AXIS2_PLACEMENT_3D ( 'NONE', #1938, #5992, #6600 ) ;
#814 = EDGE_CURVE ( 'NONE', #4536, #5038, #6737, .T. ) ;
#815 = AXIS2_PLACEMENT_3D ( 'NONE', #6534, #2038, #4693 ) ;
#816 = ORIENTED_EDGE ( 'NONE', *, *, #3325, .F. ) ;
#817 = ADVANCED_FACE ( 'NONE', ( #52 ), #2688, .T. ) ;
#818 = EDGE_CURVE ( 'NONE', #4385, #6001, #4770, .T. ) ;
#819 = CARTESIAN_POINT ( 'NONE',  ( -42.76045286139795110, 24.19999999999999929, 2.299999999999999822 ) ) ;
#820 = ORIENTED_EDGE ( 'NONE', *, *, #607, .T. ) ;
#821 = DIRECTION ( 'NONE',  ( 1.000000000000000000, 0.000000000000000000, 0.000000000000000000 ) ) ;
#822 = ORIENTED_EDGE ( 'NONE', *, *, #4129, .F. ) ;
#823 = VECTOR ( 'NONE', #5513, 1000.000000000000000 ) ;
#824 = VECTOR ( 'NONE', #4920, 999.9999999999998863 ) ;
#825 = LINE ( 'NONE', #6882, #7709 ) ;
#826 = CALENDAR_DATE ( 2026, 24, 3 ) ;
#827 = DIRECTION ( 'NONE',  ( 0.000000000000000000, 0.000000000000000000, 1.000000000000000000 ) ) ;
#828 = EDGE_LOOP ( 'NONE', ( #3277, #2401, #5734, #6455 ) ) ;
#829 = AXIS2_PLACEMENT_3D ( 'NONE', #2550, #1369, #8088 ) ;
#830 = ORIENTED_EDGE ( 'NONE', *, *, #5362, .F. ) ;
#831 = ORIENTED_EDGE ( 'NONE', *, *, #5526, .F. ) ;
#832 = CONICAL_SURFACE ( 'NONE', #3352, 2.458500000000000796, 1.047197551196379806 ) ;
#833 = DIRECTION ( 'NONE',  ( 0.000000000000000000, -1.000000000000000000, 0.000000000000000000 ) ) ;
#834 = LINE ( 'NONE', #131, #2763 ) ;
#835 = LINE ( 'NONE', #213, #2610 ) ;
#836 = EDGE_CURVE ( 'NONE', #7661, #3224, #4249, .T. ) ;
#837 = DIRECTION ( 'NONE',  ( 0.9999999999999900080, -1.420063460048795109E-07, 0.000000000000000000 ) ) ;
#838 = DIRECTION ( 'NONE',  ( 0.000000000000000000, 0.000000000000000000, -1.000000000000000000 ) ) ;
#839 = ORIENTED_EDGE ( 'NONE', *, *, #2480, .F. ) ;
#840 = ORIENTED_EDGE ( 'NONE', *, *, #3337, .F. ) ;
#841 = FACE_BOUND ( 'NONE', #5335, .T. ) ;
#842 = DIRECTION ( 'NONE',  ( 0.9999999999999898970, -1.418616808662140949E-07, 0.000000000000000000 ) ) ;
#843 = DIRECTION ( 'NONE',  ( 0.000000000000000000, 0.000000000000000000, 1.000000000000000000 ) ) ;
#844 = CARTESIAN_POINT ( 'NONE',  ( -17.67766952966359995, -13.60000000000000142, -14.57766952966377438 ) ) ;
#845 = DIRECTION ( 'NONE',  ( -1.000000000000000000, 0.000000000000000000, 0.000000000000000000 ) ) ;
#846 = ADVANCED_FACE ( 'NONE', ( #6779 ), #3950, .F. ) ;
#847 = CARTESIAN_POINT ( 'NONE',  ( -85.00000000000000000, -38.00000000000000000, 20.00000000000000000 ) ) ;
#848 = VERTEX_POINT ( 'NONE', #718 ) ;
#849 = VERTEX_POINT ( 'NONE', #5381 ) ;
#850 = CARTESIAN_POINT ( 'NONE',  ( -13.00000000000000000, -23.00000000000000000, 14.59247459621600029 ) ) ;
#851 = FACE_OUTER_BOUND ( 'NONE', #1708, .T. ) ;
#852 = FACE_OUTER_BOUND ( 'NONE', #2855, .T. ) ;
#853 = FACE_OUTER_BOUND ( 'NONE', #3898, .T. ) ;
#854 = ORIENTED_EDGE ( 'NONE', *, *, #942, .T. ) ;
#855 = AXIS2_PLACEMENT_3D ( 'NONE', #1825, #3787, #3225 ) ;
#856 = DIRECTION ( 'NONE',  ( 0.000000000000000000, 0.000000000000000000, -1.000000000000000000 ) ) ;
#857 = ORIENTED_EDGE ( 'NONE', *, *, #4783, .F. ) ;
#858 = PLANE ( 'NONE',  #5532 ) ;
#859 = EDGE_CURVE ( 'NONE', #4052, #5524, #60, .T. ) ;
#860 = EDGE_LOOP ( 'NONE', ( #3765, #8067, #3285, #5535, #371, #8298, #8097, #7315 ) ) ;
#861 = CARTESIAN_POINT ( 'NONE',  ( 7.703719777548939909E-31, -4.302352086098619571E-15, -17.56568542494899887 ) ) ;
#862 = EDGE_CURVE ( 'NONE', #3909, #3697, #3602, .T. ) ;
#863 = APPROVAL_ROLE ( '' ) ;
#864 = DIRECTION ( 'NONE',  ( 0.000000000000000000, 0.000000000000000000, 1.000000000000000000 ) ) ;
#865 = ORIENTED_EDGE ( 'NONE', *, *, #6756, .F. ) ;
#866 = ORIENTED_EDGE ( 'NONE', *, *, #3006, .F. ) ;
#867 = VERTEX_POINT ( 'NONE', #2073 ) ;
#868 = ADVANCED_BREP_SHAPE_REPRESENTATION ( '', ( #2126, #5949 ), #1918 ) ;
#869 = EDGE_CURVE ( 'NONE', #7087, #7090, #3377, .T. ) ;
#870 = FACE_OUTER_BOUND ( 'NONE', #5654, .T. ) ;
#872 = CARTESIAN_POINT ( 'NONE',  ( -31.94138837074311965, -42.51137909058444109, 7.830148758221864291 ) ) ;
#871 = AXIS2_PLACEMENT_3D ( 'NONE', #1881, #4406, #7069 ) ;
#873 = EDGE_CURVE ( 'NONE', #419, #7412, #8132, .T. ) ;
#874 = DIRECTION ( 'NONE',  ( 0.000000000000000000, 1.000000000000000000, 0.000000000000000000 ) ) ;
#875 = CYLINDRICAL_SURFACE ( 'NONE', #3659, 5.000000000000004441 ) ;
#876 = CARTESIAN_POINT ( 'NONE',  ( 17.67766952966359995, -13.60000000000000142, -20.77766952966378255 ) ) ;
#877 = ORIENTED_EDGE ( 'NONE', *, *, #2158, .T. ) ;
#878 = EDGE_CURVE ( 'NONE', #570, #1126, #8050, .T. ) ;
#879 = VERTEX_POINT ( 'NONE', #2153 ) ;
#880 = CARTESIAN_POINT ( 'NONE',  ( -67.00000000000000000, -11.44999999999999929, -18.34248115566045101 ) ) ;
#881 = CARTESIAN_POINT ( 'NONE',  ( -67.00000000000000000, 14.55000000000000071, -20.00000000000000000 ) ) ;
#882 = FACE_OUTER_BOUND ( 'NONE', #3955, .T. ) ;
#883 = LINE ( 'NONE', #8348, #3284 ) ;
#884 = CARTESIAN_POINT ( 'NONE',  ( -9.500000000000000000, -23.00000000000000000, -12.00000000000000000 ) ) ;
#885 = AXIS2_PLACEMENT_3D ( 'NONE', #3628, #7684, #1045 ) ;
#886 = LINE ( 'NONE', #5601, #2944 ) ;
#887 = ORIENTED_EDGE ( 'NONE', *, *, #3180, .F. ) ;
#888 = ORIENTED_EDGE ( 'NONE', *, *, #5508, .T. ) ;
#889 = EDGE_CURVE ( 'NONE', #2699, #1373, #3183, .T. ) ;
#890 = CARTESIAN_POINT ( 'NONE',  ( -17.67766952966355376, -19.50000000000000000, 17.67766952966379534 ) ) ;
#891 = CARTESIAN_POINT ( 'NONE',  ( -42.45850000000000080, 22.99999999947499774, -19.45850000000000080 ) ) ;
#892 = CARTESIAN_POINT ( 'NONE',  ( -40.00000000000000000, -23.00000000000000000, -10.00000000000000000 ) ) ;
#893 = AXIS2_PLACEMENT_3D ( 'NONE', #3036, #3780, #5697 ) ;
#894 = CARTESIAN_POINT ( 'NONE',  ( -48.00000000000000000, 30.00000000000000000, -10.54150000000000098 ) ) ;
#895 = ORIENTED_EDGE ( 'NONE', *, *, #8383, .T. ) ;
#896 = DIRECTION ( 'NONE',  ( 0.000000000000000000, 0.000000000000000000, 1.000000000000000000 ) ) ;
#897 = VERTEX_POINT ( 'NONE', #3300 ) ;
#898 = VECTOR ( 'NONE', #8555, 999.9999999999998863 ) ;
#899 = CIRCLE ( 'NONE', #2997, 31.50000000000000000 ) ;
#900 = DIRECTION ( 'NONE',  ( 0.000000000000000000, 1.000000000000000000, 0.000000000000000000 ) ) ;
#901 = CARTESIAN_POINT ( 'NONE',  ( -56.50000000000000000, -20.00000000000000000, -19.90000000000000213 ) ) ;
#902 = CARTESIAN_POINT ( 'NONE',  ( -17.67766952966355376, -13.60000000000000142, 12.42766952966379357 ) ) ;
#903 = ORIENTED_EDGE ( 'NONE', *, *, #7487, .T. ) ;
#904 = VECTOR ( 'NONE', #95, 1000.000000000000000 ) ;
#905 = CIRCLE ( 'NONE', #5787, 0.1999999999992979616 ) ;
#906 = DIRECTION ( 'NONE',  ( -1.000000000000000000, 0.000000000000000000, 0.000000000000000000 ) ) ;
#907 =( LENGTH_UNIT ( ) NAMED_UNIT ( * ) SI_UNIT ( .MILLI., .METRE. ) );
#908 = FACE_OUTER_BOUND ( 'NONE', #1985, .T. ) ;
#909 = ORIENTED_EDGE ( 'NONE', *, *, #4226, .F. ) ;
#910 = CIRCLE ( 'NONE', #2311, 2.458500000000000796 ) ;
#911 = EDGE_LOOP ( 'NONE', ( #3660, #7255, #4402, #4211 ) ) ;
#912 = EDGE_CURVE ( 'NONE', #4522, #2567, #1375, .T. ) ;
#913 = CARTESIAN_POINT ( 'NONE',  ( -67.00000000000000000, 11.25000000000069988, 18.34248115566069970 ) ) ;
#914 = CARTESIAN_POINT ( 'NONE',  ( -29.57888850641909428, -40.11309130870348127, 7.945997415630641214 ) ) ;
#915 = CARTESIAN_POINT ( 'NONE',  ( -56.50000000000000000, 20.00000000000000000, -20.00000000000000000 ) ) ;
#916 = FACE_OUTER_BOUND ( 'NONE', #14, .T. ) ;
#917 = PLANE ( 'NONE',  #6270 ) ;
#918 = EDGE_CURVE ( 'NONE', #5687, #3839, #672, .T. ) ;
#919 = ORIENTED_EDGE ( 'NONE', *, *, #5835, .T. ) ;
#920 = ADVANCED_FACE ( 'NONE', ( #7968 ), #4647, .T. ) ;
#921 = ORIENTED_EDGE ( 'NONE', *, *, #3059, .T. ) ;
#922 = EDGE_CURVE ( 'NONE', #6767, #5367, #7522, .T. ) ;
#923 = VECTOR ( 'NONE', #132, 1000.000000000000000 ) ;
#924 = LINE ( 'NONE', #3591, #3044 ) ;
#925 = DIRECTION ( 'NONE',  ( 0.000000000000000000, 1.000000000000000000, 0.000000000000000000 ) ) ;
#926 = CARTESIAN_POINT ( 'NONE',  ( 22.38609614442020046, -55.20100000000000051, 20.00000000000000000 ) ) ;
#927 = CARTESIAN_POINT ( 'NONE',  ( -46.00000000000000000, -19.80000000000000071, -2.299999999999999822 ) ) ;
#928 = CARTESIAN_POINT ( 'NONE',  ( -33.91036195179171386, -43.00000000000000000, 17.37652465658388223 ) ) ;
#929 = APPROVAL_PERSON_ORGANIZATION ( #1610, #3020, #7759 ) ;
#930 = LINE ( 'NONE', #8353, #291 ) ;
#931 = EDGE_LOOP ( 'NONE', ( #1580, #498, #5286, #1659 ) ) ;
#932 = VECTOR ( 'NONE', #5388, 1000.000000000000000 ) ;
#933 = VERTEX_POINT ( 'NONE', #974 ) ;
#934 = CARTESIAN_POINT ( 'NONE',  ( -17.67766952966355376, -55.20100000000000051, 12.42766952966379357 ) ) ;
#935 = CARTESIAN_POINT ( 'NONE',  ( -36.98999976899479947, -26.00999985420455118, 10.00000000000000000 ) ) ;
#936 = SECURITY_CLASSIFICATION ( '', '', #690 ) ;
#937 = DIRECTION ( 'NONE',  ( 0.000000000000000000, 0.000000000000000000, 1.000000000000000000 ) ) ;
#938 = LINE ( 'NONE', #3480, #6192 ) ;
#939 = DIRECTION ( 'NONE',  ( 0.000000000000000000, 0.000000000000000000, -1.000000000000000000 ) ) ;
#940 = AXIS2_PLACEMENT_3D ( 'NONE', #8060, #2083, #1211 ) ;
#941 = EDGE_CURVE ( 'NONE', #8572, #5267, #1010, .T. ) ;
#942 = EDGE_CURVE ( 'NONE', #2887, #1280, #3551, .T. ) ;
#943 = CIRCLE ( 'NONE', #4012, 16.50000000000000000 ) ;
#944 = ORIENTED_EDGE ( 'NONE', *, *, #4180, .F. ) ;
#945 = AXIS2_PLACEMENT_3D ( 'NONE', #4072, #1497, #2807 ) ;
#946 = CARTESIAN_POINT ( 'NONE',  ( -40.00000000000000000, 23.00000000000000000, -10.00000000000000000 ) ) ;
#947 = VECTOR ( 'NONE', #3817, 1000.000000000000000 ) ;
#948 = CARTESIAN_POINT ( 'NONE',  ( 17.67766952966359995, -55.20100000000000051, 22.92766952966379534 ) ) ;
#949 = DIRECTION ( 'NONE',  ( 1.000000000000000000, 0.000000000000000000, 0.000000000000000000 ) ) ;
#950 = VECTOR ( 'NONE', #3022, 1000.000000000000000 ) ;
#951 = ORIENTED_EDGE ( 'NONE', *, *, #2817, .F. ) ;
#953 = DIRECTION ( 'NONE',  ( 0.000000000000000000, 0.000000000000000000, -1.000000000000000000 ) ) ;
#952 = AXIS2_PLACEMENT_3D ( 'NONE', #8499, #3353, #4618 ) ;
#954 = APPROVAL_ROLE ( '' ) ;
#955 = AXIS2_PLACEMENT_3D ( 'NONE', #6764, #6105, #1975 ) ;
#956 = ADVANCED_FACE ( 'NONE', ( #6250 ), #222, .F. ) ;
#957 = DIRECTION ( 'NONE',  ( -1.000000000000000000, 0.000000000000000000, 0.000000000000000000 ) ) ;
#958 = AXIS2_PLACEMENT_3D ( 'NONE', #5632, #7126, #3634 ) ;
#959 = ORIENTED_EDGE ( 'NONE', *, *, #6527, .F. ) ;
#960 = AXIS2_PLACEMENT_3D ( 'NONE', #5920, #8584, #2608 ) ;
#961 = EDGE_LOOP ( 'NONE', ( #681, #5614, #7551, #6146 ) ) ;
#962 = VECTOR ( 'NONE', #6132, 1000.000000000000000 ) ;
#963 = FACE_OUTER_BOUND ( 'NONE', #3147, .T. ) ;
#964 = DIRECTION ( 'NONE',  ( 0.000000000000000000, 1.000000000000000000, 0.000000000000000000 ) ) ;
#965 = CARTESIAN_POINT ( 'NONE',  ( 0.000000000000000000, 23.00000000000000000, -13.00000000000000000 ) ) ;
#966 = CARTESIAN_POINT ( 'NONE',  ( 71.75000000000000000, -43.00000000000000000, 13.00000000000000178 ) ) ;
#967 = AXIS2_PLACEMENT_3D ( 'NONE', #4299, #983, #3644 ) ;
#968 = VECTOR ( 'NONE', #6941, 1000.000000000000000 ) ;
#969 = ADVANCED_FACE ( 'NONE', ( #2324 ), #5679, .T. ) ;
#970 = AXIS2_PLACEMENT_3D ( 'NONE', #6622, #5841, #4529 ) ;
#971 = ORIENTED_EDGE ( 'NONE', *, *, #8231, .F. ) ;
#972 = EDGE_LOOP ( 'NONE', ( #206, #774, #4488, #3378 ) ) ;
#973 = FACE_OUTER_BOUND ( 'NONE', #4229, .T. ) ;
#974 = CARTESIAN_POINT ( 'NONE',  ( -37.23954713860204890, 24.19999999999999929, -2.299999999999999822 ) ) ;
#975 = EDGE_CURVE ( 'NONE', #7229, #4973, #8615, .T. ) ;
#976 = LINE ( 'NONE', #4416, #2024 ) ;
#977 = DIRECTION ( 'NONE',  ( 0.000000000000000000, -1.000000000000000000, 0.000000000000000000 ) ) ;
#978 = FACE_OUTER_BOUND ( 'NONE', #6, .T. ) ;
#979 = EDGE_CURVE ( 'NONE', #3626, #8138, #4245, .T. ) ;
#980 = LINE ( 'NONE', #4373, #7823 ) ;
#981 = ORIENTED_EDGE ( 'NONE', *, *, #1993, .T. ) ;
#982 = ORIENTED_EDGE ( 'NONE', *, *, #4458, .F. ) ;
#983 = DIRECTION ( 'NONE',  ( 1.000000000000000000, 0.000000000000000000, 0.000000000000000000 ) ) ;
#984 = DIRECTION ( 'NONE',  ( 0.7071067811865470176, -8.659560562354929160E-17, 0.7071067811865480168 ) ) ;
#985 = FACE_BOUND ( 'NONE', #6822, .T. ) ;
#986 = CARTESIAN_POINT ( 'NONE',  ( -67.00000000000000000, -30.00000000000000000, 20.00000000000000000 ) ) ;
#987 = CARTESIAN_POINT ( 'NONE',  ( -85.00000000000000000, -43.00000000000000000, 20.00000000000000000 ) ) ;
#988 = EDGE_CURVE ( 'NONE', #3695, #7804, #4712, .T. ) ;
#989 = EDGE_LOOP ( 'NONE', ( #1769, #2261, #619, #2094 ) ) ;
#990 = CARTESIAN_POINT ( 'NONE',  ( -31.00000000000000000, -53.00000000000000000, 13.00000000000000178 ) ) ;
#991 = ORIENTED_EDGE ( 'NONE', *, *, #2604, .T. ) ;
#992 = EDGE_CURVE ( 'NONE', #7125, #1751, #943, .T. ) ;
#993 = DIRECTION ( 'NONE',  ( 0.000000000000000000, 0.000000000000000000, 1.000000000000000000 ) ) ;
#994 = ORIENTED_EDGE ( 'NONE', *, *, #1678, .T. ) ;
#995 = CARTESIAN_POINT ( 'NONE',  ( -67.00000000000000000, 53.00000000000000000, 19.75000000000000000 ) ) ;
#996 = DATE_AND_TIME ( #8324, #4699 ) ;
#997 = CARTESIAN_POINT ( 'NONE',  ( 90.00000000000000000, -38.00000000000000000, 20.00000000000000000 ) ) ;
#998 = ORIENTED_EDGE ( 'NONE', *, *, #1608, .T. ) ;
#999 = ORIENTED_EDGE ( 'NONE', *, *, #2500, .F. ) ;
#1000 = EDGE_CURVE ( 'NONE', #7762, #4154, #8261, .T. ) ;
#1001 = FACE_BOUND ( 'NONE', #2478, .T. ) ;
#1002 = VERTEX_POINT ( 'NONE', #1584 ) ;
#1003 = DIRECTION ( 'NONE',  ( 0.000000000000000000, -1.000000000000000000, 0.000000000000000000 ) ) ;
#1004 = CARTESIAN_POINT ( 'NONE',  ( -59.00000000000000000, 20.00000000000000000, 19.80000000000000071 ) ) ;
#1005 = DIRECTION ( 'NONE',  ( -1.000000000000000000, -1.411204780131629195E-15, 0.000000000000000000 ) ) ;
#1006 = LINE ( 'NONE', #4970, #4874 ) ;
#1007 = VERTEX_POINT ( 'NONE', #8346 ) ;
#1008 = VERTEX_POINT ( 'NONE', #1500 ) ;
#1009 = FACE_OUTER_BOUND ( 'NONE', #4528, .T. ) ;
#1010 = LINE ( 'NONE', #6825, #7361 ) ;
#1011 = CARTESIAN_POINT ( 'NONE',  ( -40.00000000000000000, -23.00000000000000000, 19.45850000000000080 ) ) ;
#1012 = CYLINDRICAL_SURFACE ( 'NONE', #5637, 17.00000000000000000 ) ;
#1013 = DIRECTION ( 'NONE',  ( 5.084651602538234573E-06, 0.000000000000000000, 0.9999999999870732292 ) ) ;
#1014 = CIRCLE ( 'NONE', #4362, 3.000000000000002665 ) ;
#1015 = DIRECTION ( 'NONE',  ( 1.000000000000000000, 0.000000000000000000, 0.000000000000000000 ) ) ;
#1016 = VERTEX_POINT ( 'NONE', #6165 ) ;
#1017 = VERTEX_POINT ( 'NONE', #2194 ) ;
#1018 = DIRECTION ( 'NONE',  ( -0.000000000000000000, 1.000000000000000000, 0.000000000000000000 ) ) ;
#1019 = EDGE_CURVE ( 'NONE', #4322, #1853, #5969, .T. ) ;
#1020 = FACE_OUTER_BOUND ( 'NONE', #379, .T. ) ;
#1021 = DIRECTION ( 'NONE',  ( 0.000000000000000000, 0.000000000000000000, -1.000000000000000000 ) ) ;
#1022 = LINE ( 'NONE', #8446, #5076 ) ;
#1023 = LINE ( 'NONE', #1561, #415 ) ;
#1024 = EDGE_CURVE ( 'NONE', #3087, #1827, #313, .T. ) ;
#1025 = ORIENTED_EDGE ( 'NONE', *, *, #41, .T. ) ;
#1026 = EDGE_CURVE ( 'NONE', #3204, #6016, #247, .T. ) ;
#1027 = ORIENTED_EDGE ( 'NONE', *, *, #2268, .T. ) ;
#1028 = EDGE_CURVE ( 'NONE', #8485, #8081, #6862, .T. ) ;
#1029 = AXIS2_PLACEMENT_3D ( 'NONE', #3013, #7592, #3706 ) ;
#1030 = FACE_OUTER_BOUND ( 'NONE', #8192, .T. ) ;
#1031 = ORIENTED_EDGE ( 'NONE', *, *, #7650, .T. ) ;
#1032 = ORIENTED_EDGE ( 'NONE', *, *, #2104, .T. ) ;
#1033 = DIRECTION ( 'NONE',  ( 1.000000000000000000, 0.000000000000000000, 0.000000000000000000 ) ) ;
#1034 = ORIENTED_EDGE ( 'NONE', *, *, #8117, .T. ) ;
#1035 = DIRECTION ( 'NONE',  ( 0.000000000000000000, -1.000000000000000000, 0.000000000000000000 ) ) ;
#1036 = DATE_AND_TIME ( #378, #3175 ) ;
#1037 = CONICAL_SURFACE ( 'NONE', #7027, 2.500000000000000444, 0.7853981633974490562 ) ;
#1038 = DIRECTION ( 'NONE',  ( -0.000000000000000000, 1.000000000000000000, 0.000000000000000000 ) ) ;
#1039 = ADVANCED_FACE ( 'NONE', ( #8302 ), #4977, .F. ) ;
#1040 = ORIENTED_EDGE ( 'NONE', *, *, #2147, .T. ) ;
#1041 = EDGE_LOOP ( 'NONE', ( #2492, #5575, #359, #7217, #163, #2544, #2806, #6754 ) ) ;
#1042 = DIRECTION ( 'NONE',  ( 1.000000000000000000, 0.000000000000000000, 0.000000000000000000 ) ) ;
#1043 = CIRCLE ( 'NONE', #8290, 2.500000000000000444 ) ;
#1044 = AXIS2_PLACEMENT_3D ( 'NONE', #4162, #94, #2942 ) ;
#1045 = DIRECTION ( 'NONE',  ( 0.000000000000000000, 1.000000000000000000, 0.000000000000000000 ) ) ;
#1046 = DIRECTION ( 'NONE',  ( 0.000000000000000000, 1.000000000000000000, 0.000000000000000000 ) ) ;
#1047 = DIRECTION ( 'NONE',  ( 0.000000000000000000, 1.000000000000000000, 0.000000000000000000 ) ) ;
#1048 = LINE ( 'NONE', #8214, #555 ) ;
#1049 = EDGE_CURVE ( 'NONE', #7378, #1126, #4330, .T. ) ;
#1050 = EDGE_CURVE ( 'NONE', #1729, #1700, #6988, .T. ) ;
#1051 = AXIS2_PLACEMENT_3D ( 'NONE', #10, #8040, #625 ) ;
#1052 = ORIENTED_EDGE ( 'NONE', *, *, #1186, .F. ) ;
#1053 = VERTEX_POINT ( 'NONE', #1191 ) ;
#1054 = CARTESIAN_POINT ( 'NONE',  ( 23.51688895040420135, -27.11309130870347772, -20.00000000000000000 ) ) ;
#1055 = CARTESIAN_POINT ( 'NONE',  ( -67.00000000000000000, -14.55000000000000071, 18.26686273152995099 ) ) ;
#1056 = DIRECTION ( 'NONE',  ( 0.000000000000000000, -1.000000000000000000, 0.000000000000000000 ) ) ;
#1057 = DIRECTION ( 'NONE',  ( -1.000000000000000000, 0.000000000000000000, 0.000000000000000000 ) ) ;
#1058 = CARTESIAN_POINT ( 'NONE',  ( -30.05396229619218929, -40.96432647511029046, 18.17460236051822875 ) ) ;
#1059 = EDGE_CURVE ( 'NONE', #426, #2676, #2757, .T. ) ;
#1060 = CARTESIAN_POINT ( 'NONE',  ( -31.00000029352709774, -25.00000000000000000, 14.06700000000000017 ) ) ;
#1061 = ORIENTED_EDGE ( 'NONE', *, *, #2896, .T. ) ;
#1062 = AXIS2_PLACEMENT_3D ( 'NONE', #946, #856, #6753 ) ;
#1063 = ORIENTED_EDGE ( 'NONE', *, *, #8383, .F. ) ;
#1064 = LINE ( 'NONE', #5604, #6543 ) ;
#1065 = CARTESIAN_POINT ( 'NONE',  ( 34.11042744160234719, -43.00000000000000000, -17.22939016059373074 ) ) ;
#1066 = LINE ( 'NONE', #189, #5358 ) ;
#1067 = PLANE ( 'NONE',  #8285 ) ;
#1068 = CARTESIAN_POINT ( 'NONE',  ( -12.50000000000000000, 23.00000000000000000, -13.00000000000000000 ) ) ;
#1069 = CC_DESIGN_APPROVAL ( #7136, ( #4680 ) ) ;
#1070 = ORIENTED_EDGE ( 'NONE', *, *, #8209, .T. ) ;
#1071 = ORIENTED_EDGE ( 'NONE', *, *, #4019, .T. ) ;
#1072 = AXIS2_PLACEMENT_3D ( 'NONE', #121, #4709, #4227 ) ;
#1073 = DIRECTION ( 'NONE',  ( 0.000000000000000000, 1.000000000000000000, 0.000000000000000000 ) ) ;
#1074 = ORIENTED_EDGE ( 'NONE', *, *, #8623, .F. ) ;
#1075 = FACE_OUTER_BOUND ( 'NONE', #4607, .T. ) ;
#1076 = FACE_OUTER_BOUND ( 'NONE', #1968, .T. ) ;
#1077 = AXIS2_PLACEMENT_3D ( 'NONE', #6046, #565, #2609 ) ;
#1078 = EDGE_LOOP ( 'NONE', ( #8258, #7380, #4144, #1959 ) ) ;
#1079 = CARTESIAN_POINT ( 'NONE',  ( -33.27615768710202815, -42.93461819913158450, 8.262845602705722214 ) ) ;
#1080 = ADVANCED_FACE ( 'NONE', ( #5063 ), #6466, .F. ) ;
#1081 = CARTESIAN_POINT ( 'NONE',  ( -67.00000000000000000, -14.55000000000000071, -19.75000000000000000 ) ) ;
#1082 = APPROVAL_ROLE ( '' ) ;
#1083 = CC_DESIGN_APPROVAL ( #4197, ( #1925 ) ) ;
#1084 = ADVANCED_FACE ( 'NONE', ( #2457 ), #1239, .F. ) ;
#1085 = LINE ( 'NONE', #5799, #1382 ) ;
#1086 = EDGE_CURVE ( 'NONE', #7815, #3055, #2064, .T. ) ;
#1087 = ORIENTED_EDGE ( 'NONE', *, *, #5105, .T. ) ;
#1088 = VECTOR ( 'NONE', #984, 1000.000000000000000 ) ;
#1089 = VECTOR ( 'NONE', #2244, 1000.000000000000000 ) ;
#1090 = EDGE_LOOP ( 'NONE', ( #1599, #1689 ) ) ;
#1091 = ORIENTED_EDGE ( 'NONE', *, *, #1415, .T. ) ;
#1092 = FACE_OUTER_BOUND ( 'NONE', #5079, .T. ) ;
#1093 = VECTOR ( 'NONE', #4587, 1000.000000000000000 ) ;
#1094 = DIRECTION ( 'NONE',  ( 0.000000000000000000, 1.000000000000000000, 0.000000000000000000 ) ) ;
#1095 = FACE_OUTER_BOUND ( 'NONE', #4998, .T. ) ;
#1096 = AXIS2_PLACEMENT_3D ( 'NONE', #312, #2978, #8474 ) ;
#1097 = LINE ( 'NONE', #5855, #6726 ) ;
#1098 = ADVANCED_FACE ( 'NONE', ( #444 ), #585, .F. ) ;
#1099 = FACE_OUTER_BOUND ( 'NONE', #5215, .T. ) ;
#1100 = AXIS2_PLACEMENT_3D ( 'NONE', #7862, #2499, #3895 ) ;
#1101 = ORIENTED_EDGE ( 'NONE', *, *, #3661, .F. ) ;
#1102 = VERTEX_POINT ( 'NONE', #7077 ) ;
#1103 = EDGE_CURVE ( 'NONE', #24, #7345, #7869, .T. ) ;
#1104 = DIRECTION ( 'NONE',  ( 0.000000000000000000, 0.000000000000000000, -1.000000000000000000 ) ) ;
#1105 = DIRECTION ( 'NONE',  ( 0.000000000000000000, -1.000000000000000000, 0.000000000000000000 ) ) ;
#1106 = CARTESIAN_POINT ( 'NONE',  ( 2.081668171172170091E-14, 0.000000000000000000, -45.00000000000000000 ) ) ;
#1107 = CARTESIAN_POINT ( 'NONE',  ( 0.000000000000000000, -24.19999999999999929, 2.299999999999999822 ) ) ;
#1108 = CIRCLE ( 'NONE', #5850, 4.999999999999997335 ) ;
#1109 = CIRCLE ( 'NONE', #2222, 2.500000000000000444 ) ;
#1110 = FACE_OUTER_BOUND ( 'NONE', #2596, .T. ) ;
#1111 = AXIS2_PLACEMENT_3D ( 'NONE', #3831, #5968, #3268 ) ;
#1112 = PLANE ( 'NONE',  #3761 ) ;
#1113 = ORIENTED_EDGE ( 'NONE', *, *, #450, .F. ) ;
#1114 = ORIENTED_EDGE ( 'NONE', *, *, #758, .T. ) ;
#1115 = CYLINDRICAL_SURFACE ( 'NONE', #3896, 2.458500000000047425 ) ;
#1116 = EDGE_CURVE ( 'NONE', #2514, #5096, #5692, .T. ) ;
#1117 = DIRECTION ( 'NONE',  ( 0.000000000000000000, 0.000000000000000000, 1.000000000000000000 ) ) ;
#1118 = VECTOR ( 'NONE', #1860, 1000.000000000000000 ) ;
#1119 = DIRECTION ( 'NONE',  ( 0.000000000000000000, 0.000000000000000000, 1.000000000000000000 ) ) ;
#1120 = EDGE_CURVE ( 'NONE', #3695, #2956, #7828, .T. ) ;
#1121 = CYLINDRICAL_SURFACE ( 'NONE', #5630, 5.250000000000000888 ) ;
#1122 = CARTESIAN_POINT ( 'NONE',  ( -46.00000000000000000, 24.19999999999999929, -2.299999999999999822 ) ) ;
#1123 = ORIENTED_EDGE ( 'NONE', *, *, #377, .T. ) ;
#1124 = VERTEX_POINT ( 'NONE', #7776 ) ;
#1125 = PLANE ( 'NONE',  #7362 ) ;
#1126 = VERTEX_POINT ( 'NONE', #5766 ) ;
#1127 = CARTESIAN_POINT ( 'NONE',  ( -67.00000000000000000, 14.55000000000000071, 19.75000000000000000 ) ) ;
#1128 = CARTESIAN_POINT ( 'NONE',  ( -42.76045286139795110, 24.19999999999999929, 2.299999999999999822 ) ) ;
#1129 = ORIENTED_EDGE ( 'NONE', *, *, #7750, .T. ) ;
#1130 = CARTESIAN_POINT ( 'NONE',  ( -75.89999999999999147, 53.00000000000000000, 8.250000000000571987 ) ) ;
#1131 = CARTESIAN_POINT ( 'NONE',  ( 85.00000000000000000, -25.00000000000000000, -20.00000000000000000 ) ) ;
#1132 = PERSON_AND_ORGANIZATION_ROLE ( 'creator' ) ;
#1133 = AXIS2_PLACEMENT_3D ( 'NONE', #424, #5176, #8409 ) ;
#1134 = CYLINDRICAL_SURFACE ( 'NONE', #8626, 2.458500000000047425 ) ;
#1135 = ORIENTED_EDGE ( 'NONE', *, *, #8146, .F. ) ;
#1136 = EDGE_CURVE ( 'NONE', #5976, #478, #4552, .T. ) ;
#1137 = ORIENTED_EDGE ( 'NONE', *, *, #5347, .F. ) ;
#1138 = VERTEX_POINT ( 'NONE', #8432 ) ;
#1139 = DIRECTION ( 'NONE',  ( 0.000000000000000000, 1.000000000000000000, 0.000000000000000000 ) ) ;
#1141 = VERTEX_POINT ( 'NONE', #1712 ) ;
#1140 = EDGE_CURVE ( 'NONE', #7673, #7901, #8565, .T. ) ;
#1142 = LINE ( 'NONE', #7403, #898 ) ;
#1143 = CARTESIAN_POINT ( 'NONE',  ( -0.5656854249492400122, 2.081899558550499885E-15, 17.00000000000000000 ) ) ;
#1144 = CARTESIAN_POINT ( 'NONE',  ( -31.00000000000000000, -30.00000000000000000, 12.00000000000000000 ) ) ;
#1145 = EDGE_LOOP ( 'NONE', ( #7888, #6389, #2827, #572 ) ) ;
#1146 = EDGE_CURVE ( 'NONE', #7438, #6734, #7632, .T. ) ;
#1147 = VERTEX_POINT ( 'NONE', #1055 ) ;
#1148 = EDGE_CURVE ( 'NONE', #1591, #497, #1801, .T. ) ;
#1149 = CARTESIAN_POINT ( 'NONE',  ( -40.00000000000000000, -23.00000000000000000, -20.00000000000000000 ) ) ;
#1150 = CARTESIAN_POINT ( 'NONE',  ( -48.00000000000000000, 19.50000000000000000, -10.54150000000000098 ) ) ;
#1151 = DIRECTION ( 'NONE',  ( 0.000000000000000000, 1.000000000000000000, 0.000000000000000000 ) ) ;
#1152 = DIRECTION ( 'NONE',  ( 0.000000000000000000, 0.000000000000000000, -1.000000000000000000 ) ) ;
#1153 = CARTESIAN_POINT ( 'NONE',  ( -40.00000000000000000, -23.00000000000000000, -20.00000000000000000 ) ) ;
#1154 = CYLINDRICAL_SURFACE ( 'NONE', #7107, 5.000000000000004441 ) ;
#1155 = EDGE_CURVE ( 'NONE', #7804, #3695, #4976, .T. ) ;
#1156 = ORIENTED_EDGE ( 'NONE', *, *, #8333, .F. ) ;
#1157 = ORIENTED_EDGE ( 'NONE', *, *, #167, .F. ) ;
#1158 = CARTESIAN_POINT ( 'NONE',  ( 90.00000000000000000, -53.00000000000000000, -20.00000000000000000 ) ) ;
#1159 = CARTESIAN_POINT ( 'NONE',  ( -22.38609614442015072, -55.20100000000000051, -20.00000000000000000 ) ) ;
#1160 = CARTESIAN_POINT ( 'NONE',  ( -12.96924291490699943, -55.20100000000000051, -20.00000000000000000 ) ) ;
#1161 = FACE_OUTER_BOUND ( 'NONE', #8308, .T. ) ;
#1162 = CARTESIAN_POINT ( 'NONE',  ( -59.20000000000000284, 20.00000000000000000, 20.00000000000000000 ) ) ;
#1163 = CIRCLE ( 'NONE', #8119, 2.458500000000000796 ) ;
#1164 = EDGE_CURVE ( 'NONE', #4765, #8366, #3457, .T. ) ;
#1165 = ORIENTED_EDGE ( 'NONE', *, *, #3936, .F. ) ;
#1166 = EDGE_LOOP ( 'NONE', ( #7939, #1774, #1176, #7410 ) ) ;
#1167 = CARTESIAN_POINT ( 'NONE',  ( 2.081668171172170091E-14, -19.50000000000000000, 0.000000000000000000 ) ) ;
#1168 = ORIENTED_EDGE ( 'NONE', *, *, #6230, .T. ) ;
#1169 = DIRECTION ( 'NONE',  ( 0.000000000000000000, 0.000000000000000000, 1.000000000000000000 ) ) ;
#1170 = CARTESIAN_POINT ( 'NONE',  ( -43.00999999999999801, 23.00000000000000000, -10.00000000000000000 ) ) ;
#1171 = ORIENTED_EDGE ( 'NONE', *, *, #5667, .T. ) ;
#1172 = CARTESIAN_POINT ( 'NONE',  ( 0.000000000000000000, 23.00000000000000000, -16.00000000000000000 ) ) ;
#1173 = CARTESIAN_POINT ( 'NONE',  ( 20.99691040576819745, -21.70897988019596880, 20.00000000000000000 ) ) ;
#1174 = APPROVAL_STATUS ( 'not_yet_approved' ) ;
#1175 = CARTESIAN_POINT ( 'NONE',  ( 0.000000000000000000, 24.19999999999999929, -1.699999999999999956 ) ) ;
#1176 = ORIENTED_EDGE ( 'NONE', *, *, #5035, .F. ) ;
#1177 = CONICAL_SURFACE ( 'NONE', #6464, 3.000000000000002665, 0.7853981633974476129 ) ;
#1178 = ORIENTED_EDGE ( 'NONE', *, *, #3784, .T. ) ;
#1179 = EDGE_LOOP ( 'NONE', ( #1070, #4889 ) ) ;
#1180 = CARTESIAN_POINT ( 'NONE',  ( -12.96924291490699943, -19.50000000000000000, -20.00000000000000000 ) ) ;
#1181 = VERTEX_POINT ( 'NONE', #2752 ) ;
#1182 = CARTESIAN_POINT ( 'NONE',  ( -46.00000000000000000, -24.19999999999999929, 2.299999999999999822 ) ) ;
#1183 = DIRECTION ( 'NONE',  ( -0.7071067811865600072, 0.000000000000000000, 0.7071067811865350272 ) ) ;
#1184 = DIRECTION ( 'NONE',  ( 1.000000000000000000, 0.000000000000000000, 0.000000000000000000 ) ) ;
#1185 = ORIENTED_EDGE ( 'NONE', *, *, #7974, .F. ) ;
#1186 = EDGE_CURVE ( 'NONE', #8366, #4765, #3039, .T. ) ;
#1187 = VECTOR ( 'NONE', #2245, 1000.000000000000000 ) ;
#1188 = AXIS2_PLACEMENT_3D ( 'NONE', #6523, #3258, #1203 ) ;
#1189 = ORIENTED_EDGE ( 'NONE', *, *, #3431, .F. ) ;
#1190 = LINE ( 'NONE', #3851, #5545 ) ;
#1191 = CARTESIAN_POINT ( 'NONE',  ( -72.59999999999999432, -53.00000000000000000, 8.900000000000000355 ) ) ;
#1192 = LINE ( 'NONE', #7260, #3437 ) ;
#1193 = CARTESIAN_POINT ( 'NONE',  ( -37.54149999999999920, -23.00000000000000000, -19.45850000000000080 ) ) ;
#1194 = AXIS2_PLACEMENT_3D ( 'NONE', #755, #7970, #3515 ) ;
#1195 = EDGE_CURVE ( 'NONE', #4314, #3840, #2340, .T. ) ;
#1196 = DIRECTION ( 'NONE',  ( 0.000000000000000000, 0.000000000000000000, 1.000000000000000000 ) ) ;
#1197 = EDGE_CURVE ( 'NONE', #7602, #2873, #6030, .T. ) ;
#1198 = EDGE_CURVE ( 'NONE', #1645, #7560, #6688, .T. ) ;
#1199 = EDGE_LOOP ( 'NONE', ( #5518, #2190, #6927, #4048 ) ) ;
#1200 = EDGE_LOOP ( 'NONE', ( #5249, #545, #5917, #7285 ) ) ;
#1201 = DIRECTION ( 'NONE',  ( -0.000000000000000000, 1.000000000000000000, 0.000000000000000000 ) ) ;
#1202 = CARTESIAN_POINT ( 'NONE',  ( -40.00000000000000000, 23.00000000000000000, 20.00000000000000000 ) ) ;
#1203 = DIRECTION ( 'NONE',  ( -1.000000000000000000, -1.152640183373294164E-15, 0.000000000000000000 ) ) ;
#1204 = DIRECTION ( 'NONE',  ( -1.000000000000000000, 0.000000000000000000, 0.000000000000000000 ) ) ;
#1205 = DIRECTION ( 'NONE',  ( 0.000000000000000000, 0.000000000000000000, 1.000000000000000000 ) ) ;
#1206 = VERTEX_POINT ( 'NONE', #8083 ) ;
#1207 = EDGE_LOOP ( 'NONE', ( #8368, #5989 ) ) ;
#1208 = DIRECTION ( 'NONE',  ( 1.000000000000000000, -2.651278864776494721E-17, -5.302557729552989442E-17 ) ) ;
#1209 = ORIENTED_EDGE ( 'NONE', *, *, #5129, .T. ) ;
#1210 = DIRECTION ( 'NONE',  ( 0.7071067811865470176, 0.000000000000000000, -0.7071067811865480168 ) ) ;
#1211 = DIRECTION ( 'NONE',  ( 0.000000000000000000, 0.000000000000000000, 1.000000000000000000 ) ) ;
#1212 = AXIS2_PLACEMENT_3D ( 'NONE', #2107, #2061, #4761 ) ;
#1213 = ADVANCED_FACE ( 'NONE', ( #7338 ), #7958, .F. ) ;
#1214 = VERTEX_POINT ( 'NONE', #2633 ) ;
#1215 = FACE_OUTER_BOUND ( 'NONE', #4191, .T. ) ;
#1216 = CARTESIAN_POINT ( 'NONE',  ( -23.51688895040420135, -27.11309130870349193, -20.00000000000000000 ) ) ;
#1217 = DATE_AND_TIME ( #2664, #5529 ) ;
#1218 = CARTESIAN_POINT ( 'NONE',  ( -37.54149999999999920, 22.99999965123305046, -10.00000000000000000 ) ) ;
#1219 = CIRCLE ( 'NONE', #6370, 2.458500000000000796 ) ;
#1220 = ORIENTED_EDGE ( 'NONE', *, *, #3775, .F. ) ;
#1221 = ORIENTED_EDGE ( 'NONE', *, *, #4344, .F. ) ;
#1222 = AXIS2_PLACEMENT_3D ( 'NONE', #1868, #2481, #3000 ) ;
#1223 = VERTEX_POINT ( 'NONE', #8 ) ;
#1224 = PLANE ( 'NONE',  #7635 ) ;
#1225 = ORIENTED_EDGE ( 'NONE', *, *, #7866, .F. ) ;
#1226 = CARTESIAN_POINT ( 'NONE',  ( 0.000000000000000000, 24.19999999999999929, 2.299999999999999822 ) ) ;
#1227 = EDGE_CURVE ( 'NONE', #6568, #7087, #1364, .T. ) ;
#1228 = CARTESIAN_POINT ( 'NONE',  ( -56.50000000000000000, 20.00000000000000000, 19.80000000000000071 ) ) ;
#1229 = CARTESIAN_POINT ( 'NONE',  ( 0.000000000000000000, 0.000000000000000000, 0.000000000000000000 ) ) ;
#1230 = DIRECTION ( 'NONE',  ( 0.000000000000000000, -1.000000000000000000, 0.000000000000000000 ) ) ;
#1231 = VECTOR ( 'NONE', #5210, 1000.000000000000000 ) ;
#1232 = AXIS2_PLACEMENT_3D ( 'NONE', #745, #43, #7296 ) ;
#1233 = ORIENTED_EDGE ( 'NONE', *, *, #4861, .T. ) ;
#1234 = CIRCLE ( 'NONE', #4849, 3.100000000000000533 ) ;
#1235 = ORIENTED_EDGE ( 'NONE', *, *, #3944, .T. ) ;
#1236 = CIRCLE ( 'NONE', #8062, 3.249999999999999556 ) ;
#1237 = DIRECTION ( 'NONE',  ( -1.000000000000000000, -1.152640183373294164E-15, 0.000000000000000000 ) ) ;
#1238 = CIRCLE ( 'NONE', #6107, 14.50000000000000000 ) ;
#1239 = CYLINDRICAL_SURFACE ( 'NONE', #4288, 0.2500000000000001110 ) ;
#1240 = CARTESIAN_POINT ( 'NONE',  ( -40.00000000000000000, 23.00000000000000000, -20.00000000000000000 ) ) ;
#1241 = CARTESIAN_POINT ( 'NONE',  ( -67.00000000000000000, 30.00000000000000000, -19.75000000000000000 ) ) ;
#1242 = CARTESIAN_POINT ( 'NONE',  ( 0.000000000000000000, -14.55000000000000071, 20.00000000000000000 ) ) ;
#1243 = EDGE_CURVE ( 'NONE', #7848, #6171, #4296, .T. ) ;
#1244 = AXIS2_PLACEMENT_3D ( 'NONE', #5175, #7843, #1865 ) ;
#1245 = AXIS2_PLACEMENT_3D ( 'NONE', #2355, #3007, #2309 ) ;
#1246 = CIRCLE ( 'NONE', #4305, 3.009999999999998899 ) ;
#1247 = VERTEX_POINT ( 'NONE', #1447 ) ;
#1248 = ORIENTED_EDGE ( 'NONE', *, *, #7134, .F. ) ;
#1249 = EDGE_CURVE ( 'NONE', #6507, #8180, #1238, .T. ) ;
#1250 = CARTESIAN_POINT ( 'NONE',  ( -17.67766952966359995, -53.00000000000000000, -17.67766952966377403 ) ) ;
#1251 = CARTESIAN_POINT ( 'NONE',  ( 0.000000000000000000, -24.19999999999999929, 2.299999999999999822 ) ) ;
#1252 = AXIS2_PLACEMENT_3D ( 'NONE', #7924, #1547, #5460 ) ;
#1253 = CIRCLE ( 'NONE', #2360, 2.100000000000111111 ) ;
#1254 = CARTESIAN_POINT ( 'NONE',  ( 31.00000000000000000, -43.00000000000000000, -13.00000000000000178 ) ) ;
#1255 = DIRECTION ( 'NONE',  ( 0.000000000000000000, -1.000000000000000000, 0.000000000000000000 ) ) ;
#1256 = CYLINDRICAL_SURFACE ( 'NONE', #3763, 5.250000000000000888 ) ;
#1257 = ADVANCED_FACE ( 'NONE', ( #6727 ), #2714, .F. ) ;
#1258 = VECTOR ( 'NONE', #7872, 1000.000000000000000 ) ;
#1259 = ORIENTED_EDGE ( 'NONE', *, *, #1957, .F. ) ;
#1260 = VERTEX_POINT ( 'NONE', #3453 ) ;
#1261 = CIRCLE ( 'NONE', #4868, 2.500000000000002220 ) ;
#1262 = LINE ( 'NONE', #7355, #8480 ) ;
#1263 = DIRECTION ( 'NONE',  ( 0.000000000000000000, 0.000000000000000000, 1.000000000000000000 ) ) ;
#1264 = EDGE_CURVE ( 'NONE', #867, #8179, #664, .T. ) ;
#1265 = ORIENTED_EDGE ( 'NONE', *, *, #7282, .F. ) ;
#1266 = DIRECTION ( 'NONE',  ( 0.000000000000000000, 0.000000000000000000, 1.000000000000000000 ) ) ;
#1267 = DIRECTION ( 'NONE',  ( 0.000000000000000000, 0.000000000000000000, -1.000000000000000000 ) ) ;
#1268 = APPROVAL_DATE_TIME ( #7241, #5743 ) ;
#1269 = ORIENTED_EDGE ( 'NONE', *, *, #61, .F. ) ;
#1270 = EDGE_CURVE ( 'NONE', #6812, #1247, #2590, .T. ) ;
#1271 = ORIENTED_EDGE ( 'NONE', *, *, #2372, .T. ) ;
#1272 = EDGE_LOOP ( 'NONE', ( #4926, #8206, #8543, #1965, #431, #39, #4684, #822 ) ) ;
#1273 = PLANE ( 'NONE',  #2628 ) ;
#1274 = EDGE_LOOP ( 'NONE', ( #6416, #2361, #3322, #6188 ) ) ;
#1275 = DIRECTION ( 'NONE',  ( -1.000000000000000000, 0.000000000000000000, 0.000000000000000000 ) ) ;
#1276 = DIRECTION ( 'NONE',  ( 0.000000000000000000, -1.000000000000000000, 0.000000000000000000 ) ) ;
#1277 = APPLICATION_CONTEXT ( 'configuration controlled 3d designs of mechanical parts and assemblies' ) ;
#1278 = CARTESIAN_POINT ( 'NONE',  ( 17.67766952966359995, -13.60000000000000142, -12.42766952966378469 ) ) ;
#1279 = EDGE_CURVE ( 'NONE', #2473, #5136, #2069, .T. ) ;
#1280 = VERTEX_POINT ( 'NONE', #1321 ) ;
#1281 = ORIENTED_EDGE ( 'NONE', *, *, #5450, .F. ) ;
#1282 = CARTESIAN_POINT ( 'NONE',  ( -17.67766952966359995, -13.60000000000000142, -17.67766952966377403 ) ) ;
#1283 = CARTESIAN_POINT ( 'NONE',  ( -12.50000000000000000, 23.00000000000000000, -10.54150000000000098 ) ) ;
#1284 = DIRECTION ( 'NONE',  ( 1.000000000000000000, 0.000000000000000000, 0.000000000000000000 ) ) ;
#1285 = LINE ( 'NONE', #3942, #2169 ) ;
#1286 = DIRECTION ( 'NONE',  ( 0.000000000000000000, 0.000000000000000000, 1.000000000000000000 ) ) ;
#1287 = CIRCLE ( 'NONE', #8534, 3.250000000000002665 ) ;
#1288 = ORIENTED_EDGE ( 'NONE', *, *, #6075, .T. ) ;
#1289 = ORIENTED_EDGE ( 'NONE', *, *, #511, .F. ) ;
#1290 = CARTESIAN_POINT ( 'NONE',  ( 17.67766952966359995, -13.60000000000000142, 17.67766952966379534 ) ) ;
#1291 = DIRECTION ( 'NONE',  ( 0.000000000000000000, 0.000000000000000000, 1.000000000000000000 ) ) ;
#1292 = DIRECTION ( 'NONE',  ( 1.000000000000000000, 0.000000000000000000, 0.000000000000000000 ) ) ;
#1293 = DIRECTION ( 'NONE',  ( 0.000000000000000000, 1.000000000000000000, 0.000000000000000000 ) ) ;
#1294 = DIRECTION ( 'NONE',  ( 1.000000000000000000, 0.000000000000000000, 0.000000000000000000 ) ) ;
#1295 = ORIENTED_EDGE ( 'NONE', *, *, #3132, .F. ) ;
#1296 = ORIENTED_EDGE ( 'NONE', *, *, #2412, .F. ) ;
#1297 = EDGE_CURVE ( 'NONE', #232, #7378, #1518, .T. ) ;
#1298 = DIRECTION ( 'NONE',  ( 0.000000000000000000, 1.000000000000000000, 0.000000000000000000 ) ) ;
#1299 = DIRECTION ( 'NONE',  ( 0.000000000000000000, 1.000000000000000000, 0.000000000000000000 ) ) ;
#1300 = AXIS2_PLACEMENT_3D ( 'NONE', #8165, #3630, #6287 ) ;
#1301 = ORIENTED_EDGE ( 'NONE', *, *, #3610, .F. ) ;
#1302 = CARTESIAN_POINT ( 'NONE',  ( -12.96924291490699943, -53.00000000000000000, 20.00000000000000000 ) ) ;
#1303 = DIRECTION ( 'NONE',  ( 0.000000000000000000, -1.000000000000000000, 0.000000000000000000 ) ) ;
#1304 = PERSON_AND_ORGANIZATION_ROLE ( 'design_supplier' ) ;
#1305 = ADVANCED_FACE ( 'NONE', ( #2019, #623 ), #3289, .T. ) ;
#1306 = AXIS2_PLACEMENT_3D ( 'NONE', #1529, #8247, #6844 ) ;
#1307 = ORIENTED_EDGE ( 'NONE', *, *, #5960, .F. ) ;
#1308 = EDGE_CURVE ( 'NONE', #6711, #7708, #7384, .T. ) ;
#1309 = ORIENTED_EDGE ( 'NONE', *, *, #7771, .F. ) ;
#1310 = DIRECTION ( 'NONE',  ( 0.000000000000000000, 1.000000000000000000, 0.000000000000000000 ) ) ;
#1311 = VERTEX_POINT ( 'NONE', #8603 ) ;
#1312 = EDGE_CURVE ( 'NONE', #420, #1729, #5537, .T. ) ;
#1313 = LINE ( 'NONE', #2008, #7007 ) ;
#1314 = DIRECTION ( 'NONE',  ( -0.7071067811865475727, 0.000000000000000000, -0.7071067811865475727 ) ) ;
#1315 = DIRECTION ( 'NONE',  ( 1.000000000000000000, 0.000000000000000000, -1.590767318865894860E-16 ) ) ;
#1316 = CARTESIAN_POINT ( 'NONE',  ( 31.00000000000000000, -49.79999999999999716, -13.00000000000000178 ) ) ;
#1317 = ORIENTED_EDGE ( 'NONE', *, *, #1354, .F. ) ;
#1318 = ORIENTED_EDGE ( 'NONE', *, *, #1086, .F. ) ;
#1319 = AXIS2_PLACEMENT_3D ( 'NONE', #4966, #388, #4233 ) ;
#1320 = DIRECTION ( 'NONE',  ( -1.000000000000000000, 0.000000000000000000, 0.000000000000000000 ) ) ;
#1321 = CARTESIAN_POINT ( 'NONE',  ( 7.703719777548939909E-31, 2.151176043049309786E-15, 17.56568542494899887 ) ) ;
#1322 = DIRECTION ( 'NONE',  ( 0.9999999999999901190, 1.416129997710645295E-07, 0.000000000000000000 ) ) ;
#1323 = EDGE_CURVE ( 'NONE', #4785, #1330, #5584, .T. ) ;
#1324 = CARTESIAN_POINT ( 'NONE',  ( 0.000000000000000000, 30.00000000000000000, 20.00000000000000000 ) ) ;
#1325 = EDGE_CURVE ( 'NONE', #6947, #5887, #1540, .T. ) ;
#1326 = CARTESIAN_POINT ( 'NONE',  ( -46.00000000000000000, 30.00000000000000000, 7.250000000000000000 ) ) ;
#1327 = AXIS2_PLACEMENT_3D ( 'NONE', #2085, #575, #3238 ) ;
#1328 = VECTOR ( 'NONE', #4215, 1000.000000000000000 ) ;
#1329 = EDGE_LOOP ( 'NONE', ( #2503, #1444 ) ) ;
#1330 = VERTEX_POINT ( 'NONE', #914 ) ;
#1331 = CARTESIAN_POINT ( 'NONE',  ( 17.67766952966359995, -6.600000000000001421, -14.57766952966378504 ) ) ;
#1332 = DIRECTION ( 'NONE',  ( 0.000000000000000000, -1.000000000000000000, 0.000000000000000000 ) ) ;
#1333 = VECTOR ( 'NONE', #1629, 999.9999999999998863 ) ;
#1334 = CARTESIAN_POINT ( 'NONE',  ( -46.00000000000000000, 19.80000000000000071, -2.299999999999999822 ) ) ;
#1335 = AXIS2_PLACEMENT_3D ( 'NONE', #1422, #6524, #552 ) ;
#1336 = DIRECTION ( 'NONE',  ( 0.000000000000000000, 0.000000000000000000, 1.000000000000000000 ) ) ;
#1337 = PLANE ( 'NONE',  #3842 ) ;
#1338 = EDGE_CURVE ( 'NONE', #5918, #3368, #6388, .T. ) ;
#1339 = AXIS2_PLACEMENT_3D ( 'NONE', #7999, #4723, #7341 ) ;
#1340 = ORIENTED_EDGE ( 'NONE', *, *, #1186, .T. ) ;
#1341 = VERTEX_POINT ( 'NONE', #2184 ) ;
#1342 = CARTESIAN_POINT ( 'NONE',  ( -54.10000000000000142, -20.00000000000000000, 19.90000000000000213 ) ) ;
#1343 = DIRECTION ( 'NONE',  ( 1.420538732939850440E-07, 0.000000000000000000, -0.9999999999999898970 ) ) ;
#1344 = ORIENTED_EDGE ( 'NONE', *, *, #2103, .F. ) ;
#1345 = DIRECTION ( 'NONE',  ( 1.000000000000000000, 0.000000000000000000, 0.000000000000000000 ) ) ;
#1346 = DIRECTION ( 'NONE',  ( 0.000000000000000000, 0.000000000000000000, -1.000000000000000000 ) ) ;
#1347 = PERSON_AND_ORGANIZATION ( #2440, #369 ) ;
#1348 = ORIENTED_EDGE ( 'NONE', *, *, #5779, .F. ) ;
#1349 = VECTOR ( 'NONE', #4799, 1000.000000000000000 ) ;
#1350 = EDGE_LOOP ( 'NONE', ( #3689, #6442 ) ) ;
#1351 = LINE ( 'NONE', #5278, #6525 ) ;
#1352 = EDGE_CURVE ( 'NONE', #7661, #8430, #2437, .T. ) ;
#1353 = ORIENTED_EDGE ( 'NONE', *, *, #8117, .F. ) ;
#1354 = EDGE_CURVE ( 'NONE', #7680, #3293, #262, .T. ) ;
#1355 = LINE ( 'NONE', #3363, #2560 ) ;
#1356 = ADVANCED_FACE ( 'NONE', ( #4798, #4193 ), #5092, .F. ) ;
#1357 = DIRECTION ( 'NONE',  ( 0.000000000000000000, 0.000000000000000000, 1.000000000000000000 ) ) ;
#1358 = PLANE ( 'NONE',  #3326 ) ;
#1359 = CARTESIAN_POINT ( 'NONE',  ( -48.00000000000000000, 30.00000000000000000, -13.00000000000000000 ) ) ;
#1360 = ORIENTED_EDGE ( 'NONE', *, *, #2698, .T. ) ;
#1361 = ORIENTED_EDGE ( 'NONE', *, *, #4389, .T. ) ;
#1362 = CC_DESIGN_APPROVAL ( #580, ( #5957 ) ) ;
#1363 = FACE_OUTER_BOUND ( 'NONE', #8440, .T. ) ;
#1364 = LINE ( 'NONE', #5290, #3741 ) ;
#1365 = EDGE_CURVE ( 'NONE', #7707, #5099, #1618, .T. ) ;
#1366 = DIRECTION ( 'NONE',  ( 0.9999999999999900080, -1.420063460048795109E-07, 0.000000000000000000 ) ) ;
#1367 = CIRCLE ( 'NONE', #2747, 2.066999999999999282 ) ;
#1368 = FACE_OUTER_BOUND ( 'NONE', #5702, .T. ) ;
#1369 = DIRECTION ( 'NONE',  ( 0.000000000000000000, 0.000000000000000000, -1.000000000000000000 ) ) ;
#1370 = ORIENTED_EDGE ( 'NONE', *, *, #8041, .F. ) ;
#1371 = AXIS2_PLACEMENT_3D ( 'NONE', #5694, #6962, #2382 ) ;
#1372 = ADVANCED_FACE ( 'NONE', ( #4234 ), #1651, .T. ) ;
#1373 = VERTEX_POINT ( 'NONE', #2799 ) ;
#1374 = CC_DESIGN_PERSON_AND_ORGANIZATION_ASSIGNMENT ( #2042, #4174, ( #936 ) ) ;
#1375 = CIRCLE ( 'NONE', #4430, 3.000000000000000888 ) ;
#1376 = DIRECTION ( 'NONE',  ( 0.7071067811865531239, -8.659560562355000651E-17, 0.7071067811865420216 ) ) ;
#1377 = CARTESIAN_POINT ( 'NONE',  ( 20.19999999999999929, -20.00000000000000000, -20.00000000000000000 ) ) ;
#1378 = DIRECTION ( 'NONE',  ( 0.000000000000000000, 0.000000000000000000, -1.000000000000000000 ) ) ;
#1379 = CARTESIAN_POINT ( 'NONE',  ( -85.00000000000000000, -38.00000000000000000, -20.00000000000000000 ) ) ;
#1380 = CIRCLE ( 'NONE', #5832, 2.700000000000001066 ) ;
#1381 = CARTESIAN_POINT ( 'NONE',  ( 0.000000000000000000, -19.50000000000000000, -20.00000000000000000 ) ) ;
#1382 = VECTOR ( 'NONE', #3701, 1000.000000000000000 ) ;
#1383 = AXIS2_PLACEMENT_3D ( 'NONE', #7468, #6778, #2723 ) ;
#1384 = VERTEX_POINT ( 'NONE', #3093 ) ;
#1385 = AXIS2_PLACEMENT_3D ( 'NONE', #890, #1427, #8100 ) ;
#1386 = ORIENTED_EDGE ( 'NONE', *, *, #300, .T. ) ;
#1387 = EDGE_CURVE ( 'NONE', #3204, #8527, #5750, .T. ) ;
#1388 = CIRCLE ( 'NONE', #7657, 3.000000000000000888 ) ;
#1389 = CARTESIAN_POINT ( 'NONE',  ( -34.11042744160234719, -38.00000000000000000, 20.00000000000000000 ) ) ;
#1390 = CARTESIAN_POINT ( 'NONE',  ( 0.000000000000000000, 11.24999999999945999, -19.69999999999999929 ) ) ;
#1391 = ORIENTED_EDGE ( 'NONE', *, *, #5823, .T. ) ;
#1392 = DIRECTION ( 'NONE',  ( 0.000000000000000000, 1.000000000000000000, 0.000000000000000000 ) ) ;
#1393 = AXIS2_PLACEMENT_3D ( 'NONE', #3159, #1286, #8608 ) ;
#1394 = ORIENTED_EDGE ( 'NONE', *, *, #4319, .F. ) ;
#1395 = ORIENTED_EDGE ( 'NONE', *, *, #3755, .T. ) ;
#1396 = LINE ( 'NONE', #4703, #7928 ) ;
#1397 = CONICAL_SURFACE ( 'NONE', #6691, 2.500000000000000444, 0.7853981633974476129 ) ;
#1398 = ORIENTED_EDGE ( 'NONE', *, *, #7864, .T. ) ;
#1399 = VECTOR ( 'NONE', #7182, 1000.000000000000000 ) ;
#1400 = CARTESIAN_POINT ( 'NONE',  ( -9.500000000000000000, -25.00000000000000000, -12.00000000000000000 ) ) ;
#1401 = DATE_AND_TIME ( #826, #3445 ) ;
#1402 = CYLINDRICAL_SURFACE ( 'NONE', #6813, 3.009999999999998899 ) ;
#1403 = DIRECTION ( 'NONE',  ( 0.000000000000000000, 1.000000000000000000, 3.486794186725621544E-12 ) ) ;
#1404 = ORIENTED_EDGE ( 'NONE', *, *, #2817, .T. ) ;
#1405 = EDGE_LOOP ( 'NONE', ( #1986, #8197, #47, #5167 ) ) ;
#1406 = EDGE_CURVE ( 'NONE', #4008, #2312, #834, .T. ) ;
#1407 = DIRECTION ( 'NONE',  ( 0.000000000000000000, -1.000000000000000000, 0.000000000000000000 ) ) ;
#1408 = CARTESIAN_POINT ( 'NONE',  ( -43.00999999999999801, -23.00000000000000000, -20.00000000000000000 ) ) ;
#1409 = DIRECTION ( 'NONE',  ( 0.000000000000000000, 1.000000000000000000, 0.000000000000000000 ) ) ;
#1410 = CARTESIAN_POINT ( 'NONE',  ( 0.000000000000000000, -30.00000000000000000, 1.699999999999999956 ) ) ;
#1411 = ORIENTED_EDGE ( 'NONE', *, *, #4335, .T. ) ;
#1412 = DIRECTION ( 'NONE',  ( 0.000000000000000000, -1.000000000000000000, 0.000000000000000000 ) ) ;
#1413 = EDGE_CURVE ( 'NONE', #8591, #7190, #3884, .T. ) ;
#1414 = AXIS2_PLACEMENT_3D ( 'NONE', #2985, #2249, #2287 ) ;
#1415 = EDGE_CURVE ( 'NONE', #570, #7762, #3502, .T. ) ;
#1416 = EDGE_LOOP ( 'NONE', ( #156, #647, #669, #7740 ) ) ;
#1417 = ADVANCED_FACE ( 'NONE', ( #2837 ), #2882, .T. ) ;
#1418 = VERTEX_POINT ( 'NONE', #2612 ) ;
#1419 = DIRECTION ( 'NONE',  ( 0.000000000000000000, 1.000000000000000000, 0.000000000000000000 ) ) ;
#1420 = CARTESIAN_POINT ( 'NONE',  ( -77.35106857177699169, 53.00000000000000000, 8.900000000000000355 ) ) ;
#1421 = DIRECTION ( 'NONE',  ( 0.000000000000000000, -2.312964634635742267E-15, -1.000000000000000000 ) ) ;
#1422 = CARTESIAN_POINT ( 'NONE',  ( 17.67766952966359995, -6.600000000000001421, 17.67766952966379534 ) ) ;
#1423 = DIRECTION ( 'NONE',  ( 1.000000000000000000, 0.000000000000000000, 0.000000000000000000 ) ) ;
#1424 = EDGE_CURVE ( 'NONE', #1681, #5394, #1937, .T. ) ;
#1425 = ORIENTED_EDGE ( 'NONE', *, *, #735, .F. ) ;
#1426 = VERTEX_POINT ( 'NONE', #1302 ) ;
#1427 = DIRECTION ( 'NONE',  ( 0.000000000000000000, -1.000000000000000000, 0.000000000000000000 ) ) ;
#1428 = PLANE ( 'NONE',  #5395 ) ;
#1429 = DIRECTION ( 'NONE',  ( 0.000000000000000000, 1.000000000000000000, 0.000000000000000000 ) ) ;
#1430 = DIRECTION ( 'NONE',  ( 0.000000000000000000, 0.000000000000000000, 1.000000000000000000 ) ) ;
#1431 = ADVANCED_FACE ( 'NONE', ( #2568 ), #7515, .T. ) ;
#1432 = EDGE_LOOP ( 'NONE', ( #6352, #2553, #3287, #8127 ) ) ;
#1433 = AXIS2_PLACEMENT_3D ( 'NONE', #8029, #653, #5320 ) ;
#1434 = CARTESIAN_POINT ( 'NONE',  ( -58.89999999999999858, -22.39999999999999858, 19.90000000000000213 ) ) ;
#1435 = ORIENTED_EDGE ( 'NONE', *, *, #5771, .T. ) ;
#1436 = DIRECTION ( 'NONE',  ( 0.000000000000000000, -1.000000000000000000, 0.000000000000000000 ) ) ;
#1437 = ORIENTED_EDGE ( 'NONE', *, *, #5259, .T. ) ;
#1438 = FACE_OUTER_BOUND ( 'NONE', #4054, .T. ) ;
#1439 = DATE_AND_TIME ( #2135, #4695 ) ;
#1440 = CIRCLE ( 'NONE', #608, 3.010000000000029097 ) ;
#1441 = EDGE_CURVE ( 'NONE', #6734, #1681, #6580, .T. ) ;
#1442 = LINE ( 'NONE', #4632, #3748 ) ;
#1443 = EDGE_LOOP ( 'NONE', ( #5709, #1475, #6414, #4346, #4629 ) ) ;
#1444 = ORIENTED_EDGE ( 'NONE', *, *, #2702, .F. ) ;
#1445 = ORIENTED_EDGE ( 'NONE', *, *, #2412, .T. ) ;
#1446 = DIRECTION ( 'NONE',  ( 0.000000000000000000, 0.000000000000000000, 1.000000000000000000 ) ) ;
#1447 = CARTESIAN_POINT ( 'NONE',  ( -67.00000000000000000, 30.00000000000000000, -7.250000000000000000 ) ) ;
#1448 = LINE ( 'NONE', #4105, #1349 ) ;
#1449 = FACE_OUTER_BOUND ( 'NONE', #3367, .T. ) ;
#1450 = ORIENTED_EDGE ( 'NONE', *, *, #4507, .F. ) ;
#1451 = DIRECTION ( 'NONE',  ( 0.000000000000000000, 0.000000000000000000, -1.000000000000000000 ) ) ;
#1452 = EDGE_CURVE ( 'NONE', #8110, #5922, #7849, .T. ) ;
#1453 = EDGE_LOOP ( 'NONE', ( #7964, #1844 ) ) ;
#1454 = VECTOR ( 'NONE', #1407, 1000.000000000000000 ) ;
#1455 = VERTEX_POINT ( 'NONE', #644 ) ;
#1456 = FACE_BOUND ( 'NONE', #5178, .T. ) ;
#1457 = DIRECTION ( 'NONE',  ( 0.000000000000000000, 0.000000000000000000, -1.000000000000000000 ) ) ;
#1458 = DIRECTION ( 'NONE',  ( 0.9126217432562994114, 0.000000000000000000, 0.4088050314463279600 ) ) ;
#1459 = EDGE_CURVE ( 'NONE', #6094, #7190, #8587, .T. ) ;
#1460 = CARTESIAN_POINT ( 'NONE',  ( 2.081668171172170091E-14, -19.50000000000000000, 0.000000000000000000 ) ) ;
#1461 = CARTESIAN_POINT ( 'NONE',  ( 85.00000000000000000, -20.00000000000000000, 20.00000000000000000 ) ) ;
#1462 = ADVANCED_FACE ( 'NONE', ( #515 ), #6494, .F. ) ;
#1463 = VECTOR ( 'NONE', #5212, 1000.000000000000000 ) ;
#1464 = ADVANCED_FACE ( 'NONE', ( #468 ), #7979, .T. ) ;
#1465 = ORIENTED_EDGE ( 'NONE', *, *, #4133, .T. ) ;
#1466 = ORIENTED_EDGE ( 'NONE', *, *, #7213, .F. ) ;
#1467 = VECTOR ( 'NONE', #4371, 1000.000000000000114 ) ;
#1468 = AXIS2_PLACEMENT_3D ( 'NONE', #6467, #1056, #3768 ) ;
#1469 = DIRECTION ( 'NONE',  ( 0.000000000000000000, 0.000000000000000000, 1.000000000000000000 ) ) ;
#1470 = CYLINDRICAL_SURFACE ( 'NONE', #2339, 0.2000000000010535017 ) ;
#1471 = DIRECTION ( 'NONE',  ( 0.000000000000000000, 0.000000000000000000, -1.000000000000000000 ) ) ;
#1472 = VERTEX_POINT ( 'NONE', #1172 ) ;
#1473 = CARTESIAN_POINT ( 'NONE',  ( 31.00000000000000000, -43.00000000000000000, -13.00000000000000178 ) ) ;
#1474 = AXIS2_PLACEMENT_3D ( 'NONE', #6603, #2021, #83 ) ;
#1475 = ORIENTED_EDGE ( 'NONE', *, *, #4721, .F. ) ;
#1476 = CARTESIAN_POINT ( 'NONE',  ( 0.000000000000000000, -11.44999999999999929, 18.34248115565999981 ) ) ;
#1477 = ORIENTED_EDGE ( 'NONE', *, *, #878, .T. ) ;
#1478 = EDGE_CURVE ( 'NONE', #8355, #1835, #4738, .T. ) ;
#1479 = CARTESIAN_POINT ( 'NONE',  ( -48.00000000000000000, 19.50000000000000000, 13.00000000000000000 ) ) ;
#1480 = VERTEX_POINT ( 'NONE', #7940 ) ;
#1481 = DIRECTION ( 'NONE',  ( 0.000000000000000000, -1.000000000000000000, 0.000000000000000000 ) ) ;
#1482 = PERSON_AND_ORGANIZATION ( #2440, #369 ) ;
#1483 = CARTESIAN_POINT ( 'NONE',  ( -46.00000000000000000, -24.19999999999999929, -2.299999999999999822 ) ) ;
#1484 = ORIENTED_EDGE ( 'NONE', *, *, #2258, .T. ) ;
#1485 = ORIENTED_EDGE ( 'NONE', *, *, #1768, .T. ) ;
#1486 = ORIENTED_EDGE ( 'NONE', *, *, #942, .F. ) ;
#1487 = EDGE_CURVE ( 'NONE', #8527, #299, #5007, .T. ) ;
#1488 = CARTESIAN_POINT ( 'NONE',  ( -67.00000000000000000, -30.00000000000000000, 7.250000000000000000 ) ) ;
#1489 = CARTESIAN_POINT ( 'NONE',  ( 0.000000000000000000, -11.25000000000069988, 18.34248115566069970 ) ) ;
#1490 = VECTOR ( 'NONE', #2935, 1000.000000000000000 ) ;
#1491 = CARTESIAN_POINT ( 'NONE',  ( 0.000000000000000000, 14.55000000000000071, -18.26686273152995099 ) ) ;
#1492 = DIRECTION ( 'NONE',  ( 1.000000000000000000, 0.000000000000000000, 0.000000000000000000 ) ) ;
#1493 = CARTESIAN_POINT ( 'NONE',  ( -28.29741968705734223, -37.36497255716493981, 17.55370799676285998 ) ) ;
#1494 = ORIENTED_EDGE ( 'NONE', *, *, #3921, .T. ) ;
#1495 = APPROVAL_PERSON_ORGANIZATION ( #1482, #4142, #2829 ) ;
#1496 = ORIENTED_EDGE ( 'NONE', *, *, #1971, .T. ) ;
#1497 = DIRECTION ( 'NONE',  ( 0.000000000000000000, 0.000000000000000000, -1.000000000000000000 ) ) ;
#1498 = VECTOR ( 'NONE', #3874, 1000.000000000000000 ) ;
#1499 = CARTESIAN_POINT ( 'NONE',  ( -67.00000000000000000, 14.55000000000000071, -18.26686273152995099 ) ) ;
#1500 = CARTESIAN_POINT ( 'NONE',  ( 95.00000000000000000, -15.00000000000000000, 20.00000000000000000 ) ) ;
#1501 = DIRECTION ( 'NONE',  ( 1.000000000000000000, 0.000000000000000000, 0.000000000000000000 ) ) ;
#1502 = CARTESIAN_POINT ( 'NONE',  ( -67.00000000000000000, -11.25000000000069988, -18.34248115566069970 ) ) ;
#1503 = LOCAL_TIME ( 0, 52, 31.00000000000000000, #5140 ) ;
#1504 = DIRECTION ( 'NONE',  ( 0.000000000000000000, 1.000000000000000000, 0.000000000000000000 ) ) ;
#1505 = CIRCLE ( 'NONE', #6798, 5.250000000000004441 ) ;
#1506 = AXIS2_PLACEMENT_3D ( 'NONE', #2809, #93, #6655 ) ;
#1507 = ORIENTED_EDGE ( 'NONE', *, *, #1146, .F. ) ;
#1508 = EDGE_CURVE ( 'NONE', #7786, #2728, #1261, .T. ) ;
#1509 = VERTEX_POINT ( 'NONE', #1966 ) ;
#1510 = CYLINDRICAL_SURFACE ( 'NONE', #549, 5.000000000000004441 ) ;
#1511 = AXIS2_PLACEMENT_3D ( 'NONE', #7856, #7198, #3887 ) ;
#1512 = EDGE_CURVE ( 'NONE', #776, #4008, #3908, .T. ) ;
#1513 = CARTESIAN_POINT ( 'NONE',  ( 77.00000000000000000, -49.79999999999999716, 13.00000000000000178 ) ) ;
#1514 = CARTESIAN_POINT ( 'NONE',  ( -23.51688895040420135, -27.11309130870349193, 20.00000000000000000 ) ) ;
#1515 = AXIS2_PLACEMENT_3D ( 'NONE', #5991, #4675, #1320 ) ;
#1516 = VERTEX_POINT ( 'NONE', #2662 ) ;
#1517 = DIRECTION ( 'NONE',  ( 0.000000000000000000, 0.000000000000000000, 1.000000000000000000 ) ) ;
#1518 = CIRCLE ( 'NONE', #813, 3.009999999999998899 ) ;
#1519 = AXIS2_PLACEMENT_3D ( 'NONE', #370, #6444, #7048 ) ;
#1520 = ORIENTED_EDGE ( 'NONE', *, *, #4232, .F. ) ;
#1521 = EDGE_CURVE ( 'NONE', #1770, #2567, #5311, .T. ) ;
#1522 = ADVANCED_FACE ( 'NONE', ( #1215 ), #7316, .F. ) ;
#1523 = LINE ( 'NONE', #2260, #7480 ) ;
#1524 = ORIENTED_EDGE ( 'NONE', *, *, #4962, .F. ) ;
#1525 = ORIENTED_EDGE ( 'NONE', *, *, #8041, .T. ) ;
#1526 = CARTESIAN_POINT ( 'NONE',  ( 17.67766952966359995, -6.600000000000001421, -20.77766952966378255 ) ) ;
#1527 = VERTEX_POINT ( 'NONE', #5795 ) ;
#1528 = AXIS2_PLACEMENT_3D ( 'NONE', #7896, #7980, #4623 ) ;
#1529 = CARTESIAN_POINT ( 'NONE',  ( -67.00000000000000000, -53.00000000000000000, 19.75000000000000000 ) ) ;
#1530 = AXIS2_PLACEMENT_3D ( 'NONE', #5923, #2484, #3228 ) ;
#1531 = APPLICATION_PROTOCOL_DEFINITION ( 'international standard', 'config_control_design', 1994, #7061 ) ;
#1532 = CARTESIAN_POINT ( 'NONE',  ( -48.00000000000000000, 30.00000000000000000, 13.00000000000000000 ) ) ;
#1533 = EDGE_CURVE ( 'NONE', #5868, #7844, #3486, .T. ) ;
#1534 = ORIENTED_EDGE ( 'NONE', *, *, #7451, .F. ) ;
#1535 = VECTOR ( 'NONE', #8339, 1000.000000000000000 ) ;
#1536 = ORIENTED_EDGE ( 'NONE', *, *, #8344, .T. ) ;
#1537 = ORIENTED_EDGE ( 'NONE', *, *, #7706, .T. ) ;
#1538 = AXIS2_PLACEMENT_3D ( 'NONE', #3260, #6526, #504 ) ;
#1539 = CARTESIAN_POINT ( 'NONE',  ( -67.00000000000000000, -30.00000000000000000, -20.00000000000000000 ) ) ;
#1540 = LINE ( 'NONE', #4147, #5686 ) ;
#1541 = DIRECTION ( 'NONE',  ( 0.000000000000000000, 0.000000000000000000, -1.000000000000000000 ) ) ;
#1542 = CARTESIAN_POINT ( 'NONE',  ( -53.79999999999999716, -20.00000000000000000, 20.00000000000000000 ) ) ;
#1543 = DIRECTION ( 'NONE',  ( 1.000000000000000000, 0.000000000000000000, 0.000000000000000000 ) ) ;
#1544 = ADVANCED_FACE ( 'NONE', ( #567 ), #4489, .F. ) ;
#1545 = ORIENTED_EDGE ( 'NONE', *, *, #4254, .F. ) ;
#1546 = ORIENTED_EDGE ( 'NONE', *, *, #1136, .T. ) ;
#1547 = DIRECTION ( 'NONE',  ( 1.000000000000000000, 0.000000000000000000, 0.000000000000000000 ) ) ;
#1548 = CARTESIAN_POINT ( 'NONE',  ( -67.00000000000000000, 11.44999999999999929, -18.34248115565999981 ) ) ;
#1549 = DIRECTION ( 'NONE',  ( -1.420063268717216275E-07, 0.000000000000000000, 0.9999999999999898970 ) ) ;
#1550 = FACE_OUTER_BOUND ( 'NONE', #2665, .T. ) ;
#1551 = DIRECTION ( 'NONE',  ( 0.000000000000000000, -1.000000000000000000, 0.000000000000000000 ) ) ;
#1552 = VECTOR ( 'NONE', #358, 1000.000000000000000 ) ;
#1553 = CARTESIAN_POINT ( 'NONE',  ( -82.25000000000000000, -49.79999999999999716, -13.00000000000000178 ) ) ;
#1554 = ORIENTED_EDGE ( 'NONE', *, *, #5667, .F. ) ;
#1555 = ORIENTED_EDGE ( 'NONE', *, *, #5304, .F. ) ;
#1556 = CARTESIAN_POINT ( 'NONE',  ( 0.000000000000000000, -19.80000000000000071, 2.299999999999999822 ) ) ;
#1557 = CARTESIAN_POINT ( 'NONE',  ( -31.00000000000000000, -30.00000000000000000, 12.00000000000000000 ) ) ;
#1558 = LINE ( 'NONE', #5564, #6481 ) ;
#1559 = DIRECTION ( 'NONE',  ( 0.000000000000000000, 0.000000000000000000, 1.000000000000000000 ) ) ;
#1560 = ORIENTED_EDGE ( 'NONE', *, *, #1323, .T. ) ;
#1561 = CARTESIAN_POINT ( 'NONE',  ( -20.19999999999999929, -20.00000000000000000, -20.00000000000000000 ) ) ;
#1562 = EDGE_LOOP ( 'NONE', ( #6140, #7099, #1524, #1753 ) ) ;
#1563 = CARTESIAN_POINT ( 'NONE',  ( -37.54149999999999920, 23.00000034815554883, 10.00000000000000000 ) ) ;
#1564 = DIRECTION ( 'NONE',  ( 0.000000000000000000, -1.000000000000000000, 0.000000000000000000 ) ) ;
#1565 = CARTESIAN_POINT ( 'NONE',  ( -59.20000000000000284, 20.00000000000000000, 20.00000000000000000 ) ) ;
#1566 = VERTEX_POINT ( 'NONE', #5882 ) ;
#1567 = EDGE_CURVE ( 'NONE', #5351, #5706, #2224, .T. ) ;
#1568 = DIRECTION ( 'NONE',  ( 0.000000000000000000, -1.000000000000000000, 0.000000000000000000 ) ) ;
#1569 = EDGE_CURVE ( 'NONE', #7610, #7649, #2368, .T. ) ;
#1570 = CARTESIAN_POINT ( 'NONE',  ( -67.00000000000000000, -30.00000000000000000, -20.00000000000000000 ) ) ;
#1571 = ORIENTED_EDGE ( 'NONE', *, *, #7472, .T. ) ;
#1572 = ORIENTED_EDGE ( 'NONE', *, *, #22, .F. ) ;
#1573 = FACE_OUTER_BOUND ( 'NONE', #2523, .T. ) ;
#1575 = CARTESIAN_POINT ( 'NONE',  ( -30.54705052728616010, -41.51596867523402778, 7.767004190992434332 ) ) ;
#1574 = CIRCLE ( 'NONE', #5049, 3.009999999999998899 ) ;
#1576 = FACE_OUTER_BOUND ( 'NONE', #2400, .T. ) ;
#1577 = FACE_OUTER_BOUND ( 'NONE', #2823, .T. ) ;
#1578 = FACE_BOUND ( 'NONE', #618, .T. ) ;
#1579 = ORIENTED_EDGE ( 'NONE', *, *, #248, .F. ) ;
#1580 = ORIENTED_EDGE ( 'NONE', *, *, #1140, .F. ) ;
#1581 = EDGE_CURVE ( 'NONE', #1480, #2067, #2781, .T. ) ;
#1582 = EDGE_CURVE ( 'NONE', #8280, #6507, #2041, .T. ) ;
#1583 = DIRECTION ( 'NONE',  ( 0.000000000000000000, 0.000000000000000000, 1.000000000000000000 ) ) ;
#1584 = CARTESIAN_POINT ( 'NONE',  ( -43.00999999999999801, 23.00000000000000000, 2.299999999999999822 ) ) ;
#1585 = CARTESIAN_POINT ( 'NONE',  ( -40.00000000000000000, 23.00000000000000000, 1.699999999999999956 ) ) ;
#1586 = CARTESIAN_POINT ( 'NONE',  ( 0.000000000000000000, 0.000000000000000000, 0.000000000000000000 ) ) ;
#1587 = CARTESIAN_POINT ( 'NONE',  ( -33.70239327546651253, -42.98804145671680743, 17.50769263559600475 ) ) ;
#1588 = VECTOR ( 'NONE', #1980, 1000.000000000000114 ) ;
#1589 = LINE ( 'NONE', #4251, #4547 ) ;
#1590 = ORIENTED_EDGE ( 'NONE', *, *, #2898, .T. ) ;
#1591 = VERTEX_POINT ( 'NONE', #812 ) ;
#1592 = CARTESIAN_POINT ( 'NONE',  ( -72.59999999999999432, -53.00000000000000000, -8.900000000000000355 ) ) ;
#1593 = FACE_OUTER_BOUND ( 'NONE', #2661, .T. ) ;
#1594 = DIRECTION ( 'NONE',  ( 0.000000000000000000, -1.000000000000000000, 0.000000000000000000 ) ) ;
#1595 = ADVANCED_FACE ( 'NONE', ( #853 ), #2086, .F. ) ;
#1596 = VECTOR ( 'NONE', #3083, 1000.000000000000000 ) ;
#1597 = DIRECTION ( 'NONE',  ( 1.000000000000000000, 0.000000000000000000, 0.000000000000000000 ) ) ;
#1598 = PLANE ( 'NONE',  #4045 ) ;
#1599 = ORIENTED_EDGE ( 'NONE', *, *, #680, .F. ) ;
#1600 = CIRCLE ( 'NONE', #4673, 3.250000000000002665 ) ;
#1601 = AXIS2_PLACEMENT_3D ( 'NONE', #7574, #4259, #2209 ) ;
#1602 = FACE_OUTER_BOUND ( 'NONE', #4356, .T. ) ;
#1603 = ORIENTED_EDGE ( 'NONE', *, *, #2012, .F. ) ;
#1604 = CARTESIAN_POINT ( 'NONE',  ( -27.75418406211094791, -36.20000000000000284, 8.873599765249949201 ) ) ;
#1605 = ORIENTED_EDGE ( 'NONE', *, *, #4504, .F. ) ;
#1606 = CONICAL_SURFACE ( 'NONE', #6484, 3.000000000000031086, 0.7853981633974503884 ) ;
#1607 = CIRCLE ( 'NONE', #66, 5.250000000000000888 ) ;
#1608 = EDGE_CURVE ( 'NONE', #5440, #6945, #2089, .T. ) ;
#1609 = FACE_OUTER_BOUND ( 'NONE', #7144, .T. ) ;
#1610 = PERSON_AND_ORGANIZATION ( #2440, #369 ) ;
#1611 = DIRECTION ( 'NONE',  ( 0.000000000000000000, 1.000000000000000000, 0.000000000000000000 ) ) ;
#1612 = VERTEX_POINT ( 'NONE', #2213 ) ;
#1613 = AXIS2_PLACEMENT_3D ( 'NONE', #5684, #657, #5407 ) ;
#1614 = EDGE_CURVE ( 'NONE', #5500, #4314, #4746, .T. ) ;
#1615 = VERTEX_POINT ( 'NONE', #193 ) ;
#1616 = EDGE_CURVE ( 'NONE', #6227, #1206, #6403, .T. ) ;
#1617 = CARTESIAN_POINT ( 'NONE',  ( -67.00000000000000000, -30.00000000000000000, -19.75000000000000000 ) ) ;
#1618 = LINE ( 'NONE', #3542, #5406 ) ;
#1619 = LINE ( 'NONE', #7595, #1761 ) ;
#1620 = CARTESIAN_POINT ( 'NONE',  ( -77.35106857177699169, -53.00000000000000000, 8.900000000000000355 ) ) ;
#1621 = PLANE ( 'NONE',  #6683 ) ;
#1622 = ORIENTED_EDGE ( 'NONE', *, *, #3077, .F. ) ;
#1623 = ORIENTED_EDGE ( 'NONE', *, *, #2476, .T. ) ;
#1624 = AXIS2_PLACEMENT_3D ( 'NONE', #2186, #874, #6728 ) ;
#1625 = ADVANCED_FACE ( 'NONE', ( #6791, #769 ), #153, .T. ) ;
#1626 = DIRECTION ( 'NONE',  ( 0.000000000000000000, 0.000000000000000000, 1.000000000000000000 ) ) ;
#1627 = CARTESIAN_POINT ( 'NONE',  ( -79.00000000000000000, -53.00000000000000000, 19.75000000000000000 ) ) ;
#1628 = CARTESIAN_POINT ( 'NONE',  ( 0.000000000000000000, 0.000000000000000000, 0.000000000000000000 ) ) ;
#1629 = DIRECTION ( 'NONE',  ( -0.7071067811865531239, -8.659560562355000651E-17, -0.7071067811865420216 ) ) ;
#1630 = CARTESIAN_POINT ( 'NONE',  ( -34.11042744160234719, -43.00000000000000000, 17.22939016059373429 ) ) ;
#1631 = DIRECTION ( 'NONE',  ( -0.000000000000000000, 1.000000000000000000, 0.000000000000000000 ) ) ;
#1632 = EDGE_CURVE ( 'NONE', #7533, #5860, #2651, .T. ) ;
#1633 = EDGE_LOOP ( 'NONE', ( #3045, #4882, #3442, #3141 ) ) ;
#1634 = VECTOR ( 'NONE', #5089, 1000.000000000000000 ) ;
#1635 = ORIENTED_EDGE ( 'NONE', *, *, #3190, .T. ) ;
#1636 = CARTESIAN_POINT ( 'NONE',  ( -90.00000000000000000, -10.00000000000000178, -20.00000000000000000 ) ) ;
#1637 = DIRECTION ( 'NONE',  ( 1.000000000000000000, 0.000000000000000000, 0.000000000000000000 ) ) ;
#1638 = FACE_BOUND ( 'NONE', #3655, .T. ) ;
#1639 = DIRECTION ( 'NONE',  ( 1.000000000000000000, 0.000000000000000000, 0.000000000000000000 ) ) ;
#1640 = DIRECTION ( 'NONE',  ( 0.000000000000000000, -1.000000000000000000, -3.519197512019365319E-16 ) ) ;
#1641 =( BOUNDED_CURVE ( )  B_SPLINE_CURVE ( 3, ( #2022, #1493, #7299, #4682 ),
 .UNSPECIFIED., .F., .F. ) 
 B_SPLINE_CURVE_WITH_KNOTS ( ( 4, 4 ),
 ( 0.9042812609165249427, 1.296688786169070129 ),
 .UNSPECIFIED. ) 
 CURVE ( )  GEOMETRIC_REPRESENTATION_ITEM ( )  RATIONAL_B_SPLINE_CURVE ( ( 1.000000000000000000, 0.9872091399347590057, 0.9872091399347590057, 1.000000000000000000 ) ) 
 REPRESENTATION_ITEM ( '' )  );
#1642 = AXIS2_PLACEMENT_3D ( 'NONE', #17, #3380, #3299 ) ;
#1643 = VECTOR ( 'NONE', #3716, 1000.000000000000000 ) ;
#1644 = EDGE_CURVE ( 'NONE', #1900, #4401, #6091, .T. ) ;
#1645 = VERTEX_POINT ( 'NONE', #106 ) ;
#1646 = VECTOR ( 'NONE', #5397, 1000.000000000000000 ) ;
#1647 = CARTESIAN_POINT ( 'NONE',  ( 0.000000000000000000, 24.19999999999999929, -1.699999999999999956 ) ) ;
#1648 = AXIS2_PLACEMENT_3D ( 'NONE', #5503, #6205, #221 ) ;
#1649 = LINE ( 'NONE', #3571, #3794 ) ;
#1650 = FACE_BOUND ( 'NONE', #7204, .T. ) ;
#1651 = CONICAL_SURFACE ( 'NONE', #6529, 2.500000000000002220, 0.7853981633974659315 ) ;
#1652 = EDGE_LOOP ( 'NONE', ( #5672, #2304, #1742, #4801 ) ) ;
#1654 = DIRECTION ( 'NONE',  ( 0.7071067811865480168, -8.177564888977979626E-16, 0.7071067811865470176 ) ) ;
#1653 = AXIS2_PLACEMENT_3D ( 'NONE', #2658, #1298, #6012 ) ;
#1655 = APPLICATION_PROTOCOL_DEFINITION ( 'international standard', 'config_control_design', 1994, #4828 ) ;
#1656 = DIRECTION ( 'NONE',  ( 0.000000000000000000, -1.000000000000000000, 0.000000000000000000 ) ) ;
#1657 = AXIS2_PLACEMENT_3D ( 'NONE', #1282, #4637, #3939 ) ;
#1658 = VERTEX_POINT ( 'NONE', #4782 ) ;
#1659 = ORIENTED_EDGE ( 'NONE', *, *, #4661, .T. ) ;
#1660 = VECTOR ( 'NONE', #3477, 1000.000000000000000 ) ;
#1661 = CONICAL_SURFACE ( 'NONE', #1797, 2.700000000000001066, 0.7853981633974560506 ) ;
#1662 = PLANE ( 'NONE',  #885 ) ;
#1663 = LINE ( 'NONE', #3707, #1490 ) ;
#1664 = CARTESIAN_POINT ( 'NONE',  ( -58.89999999999999858, 20.00000000000000000, -19.90000000000000213 ) ) ;
#1665 = LINE ( 'NONE', #7559, #1667 ) ;
#1666 = VECTOR ( 'NONE', #5930, 1000.000000000000000 ) ;
#1667 = VECTOR ( 'NONE', #8295, 1000.000000000000000 ) ;
#1668 = ADVANCED_FACE ( 'NONE', ( #6139 ), #3525, .T. ) ;
#1669 = VECTOR ( 'NONE', #4577, 1000.000000000000000 ) ;
#1670 = ORIENTED_EDGE ( 'NONE', *, *, #2652, .T. ) ;
#1671 = EDGE_LOOP ( 'NONE', ( #4217, #6090, #6776, #7086 ) ) ;
#1672 = DIRECTION ( 'NONE',  ( 0.000000000000000000, 1.000000000000000000, 0.000000000000000000 ) ) ;
#1673 = CARTESIAN_POINT ( 'NONE',  ( 23.51688895040420135, -27.11309130870347772, 20.00000000000000000 ) ) ;
#1674 = DIRECTION ( 'NONE',  ( 1.000000000000000000, 0.000000000000000000, 0.000000000000000000 ) ) ;
#1675 = FACE_OUTER_BOUND ( 'NONE', #931, .T. ) ;
#1676 = ADVANCED_FACE ( 'NONE', ( #5350 ), #7445, .T. ) ;
#1677 = CARTESIAN_POINT ( 'NONE',  ( -56.50000000000000000, 20.00000000000000000, -20.00000000000000000 ) ) ;
#1678 = EDGE_CURVE ( 'NONE', #6454, #4644, #6820, .T. ) ;
#1679 = DIRECTION ( 'NONE',  ( 1.000000000000000000, 0.000000000000000000, 0.000000000000000000 ) ) ;
#1680 = VERTEX_POINT ( 'NONE', #4001 ) ;
#1681 = VERTEX_POINT ( 'NONE', #6667 ) ;
#1682 = CARTESIAN_POINT ( 'NONE',  ( -40.00000000000000000, -23.00000000000000000, -20.00000000000000000 ) ) ;
#1683 = DIRECTION ( 'NONE',  ( 1.000000000000000000, 7.953836594329479233E-17, 1.060511545910595793E-16 ) ) ;
#1684 = DIRECTION ( 'NONE',  ( -0.7071067811865600072, 0.000000000000000000, 0.7071067811865350272 ) ) ;
#1685 = CARTESIAN_POINT ( 'NONE',  ( -13.00000000000000000, -23.00000000000000000, 13.00000000000000000 ) ) ;
#1686 = EDGE_CURVE ( 'NONE', #7901, #2887, #5288, .T. ) ;
#1687 = LINE ( 'NONE', #2256, #8224 ) ;
#1688 = ORIENTED_EDGE ( 'NONE', *, *, #7336, .T. ) ;
#1689 = ORIENTED_EDGE ( 'NONE', *, *, #6910, .F. ) ;
#1690 = CARTESIAN_POINT ( 'NONE',  ( -40.31128874149275276, -19.50000000000000000, -20.00000000000000000 ) ) ;
#1691 = EDGE_LOOP ( 'NONE', ( #782, #759, #2832, #7877 ) ) ;
#1692 = FACE_OUTER_BOUND ( 'NONE', #1416, .T. ) ;
#1693 = EDGE_CURVE ( 'NONE', #848, #1311, #3356, .T. ) ;
#1695 = ORIENTED_EDGE ( 'NONE', *, *, #1686, .T. ) ;
#1694 = CC_DESIGN_PERSON_AND_ORGANIZATION_ASSIGNMENT ( #6061, #4096, ( #7058 ) ) ;
#1696 = LINE ( 'NONE', #7758, #2647 ) ;
#1697 = COORDINATED_UNIVERSAL_TIME_OFFSET ( 6, 0, .BEHIND. ) ;
#1698 = CARTESIAN_POINT ( 'NONE',  ( -56.50000000000000000, 20.00000000000000000, 19.80000000000000071 ) ) ;
#1699 = ORIENTED_EDGE ( 'NONE', *, *, #6966, .T. ) ;
#1700 = VERTEX_POINT ( 'NONE', #3567 ) ;
#1701 = CARTESIAN_POINT ( 'NONE',  ( -54.00000000000000000, -55.19999999999999574, 0.000000000000000000 ) ) ;
#1702 = ORIENTED_EDGE ( 'NONE', *, *, #7381, .T. ) ;
#1703 = DIRECTION ( 'NONE',  ( 0.000000000000000000, 0.000000000000000000, 1.000000000000000000 ) ) ;
#1704 = EDGE_CURVE ( 'NONE', #4071, #4837, #5698, .T. ) ;
#1705 = DIRECTION ( 'NONE',  ( 0.000000000000000000, 0.000000000000000000, -1.000000000000000000 ) ) ;
#1706 = CARTESIAN_POINT ( 'NONE',  ( 2.081668171172170091E-14, -13.60000000000000142, -25.00000000000000000 ) ) ;
#1707 = DIRECTION ( 'NONE',  ( -1.000000000000000000, 0.000000000000000000, 0.000000000000000000 ) ) ;
#1708 = EDGE_LOOP ( 'NONE', ( #7045, #8033, #7231, #6190, #4266, #791, #2110 ) ) ;
#1709 = ORIENTED_EDGE ( 'NONE', *, *, #7248, .T. ) ;
#1710 = AXIS2_PLACEMENT_3D ( 'NONE', #1228, #2498, #6504 ) ;
#1711 = DIRECTION ( 'NONE',  ( 0.000000000000000000, 0.000000000000000000, -1.000000000000000000 ) ) ;
#1712 = CARTESIAN_POINT ( 'NONE',  ( -0.5414999999999999813, 23.00000000000000000, -15.45850000000000080 ) ) ;
#1713 = DIRECTION ( 'NONE',  ( 0.000000000000000000, 0.000000000000000000, 1.000000000000000000 ) ) ;
#1714 = CARTESIAN_POINT ( 'NONE',  ( 2.081668171172170091E-14, -6.600000000000001421, 31.50000000000000000 ) ) ;
#1715 = DIRECTION ( 'NONE',  ( 0.000000000000000000, 0.000000000000000000, -1.000000000000000000 ) ) ;
#1716 = CIRCLE ( 'NONE', #7428, 2.500000000000000444 ) ;
#1717 = CARTESIAN_POINT ( 'NONE',  ( -43.00999999999999801, 23.00000000000000000, -2.299999999999999822 ) ) ;
#1718 = ORIENTED_EDGE ( 'NONE', *, *, #5560, .F. ) ;
#1719 = ORIENTED_EDGE ( 'NONE', *, *, #6662, .T. ) ;
#1720 = ADVANCED_FACE ( 'NONE', ( #418 ), #4218, .F. ) ;
#1721 = DIRECTION ( 'NONE',  ( 1.000000000000000000, 0.000000000000000000, 0.000000000000000000 ) ) ;
#1722 = CARTESIAN_POINT ( 'NONE',  ( 0.000000000000000000, 11.44999999999999929, 19.69999999999999929 ) ) ;
#1723 = CARTESIAN_POINT ( 'NONE',  ( -95.00000000000000000, -53.00000000000000000, 20.00000000000000000 ) ) ;
#1724 = EDGE_CURVE ( 'NONE', #5786, #162, #5563, .T. ) ;
#1725 = DIRECTION ( 'NONE',  ( 1.000000000000000000, 0.000000000000000000, 0.000000000000000000 ) ) ;
#1726 = CARTESIAN_POINT ( 'NONE',  ( -40.00000000000000000, -23.00000000000000000, 20.00000000000000000 ) ) ;
#1727 = EDGE_CURVE ( 'NONE', #7680, #5365, #6268, .T. ) ;
#1728 = ORIENTED_EDGE ( 'NONE', *, *, #4344, .T. ) ;
#1729 = VERTEX_POINT ( 'NONE', #7043 ) ;
#1730 = AXIS2_PLACEMENT_3D ( 'NONE', #211, #784, #2059 ) ;
#1731 = DIRECTION ( 'NONE',  ( 1.000000000000000000, -2.926572255078290114E-17, 0.000000000000000000 ) ) ;
#1732 = ORIENTED_EDGE ( 'NONE', *, *, #5259, .F. ) ;
#1733 = DIRECTION ( 'NONE',  ( 1.000000000000000000, 0.000000000000000000, 0.000000000000000000 ) ) ;
#1734 = DIRECTION ( 'NONE',  ( 1.000000000000000000, 0.000000000000000000, 2.741674628273490140E-16 ) ) ;
#1735 = VERTEX_POINT ( 'NONE', #8363 ) ;
#1736 = CARTESIAN_POINT ( 'NONE',  ( -43.00999999999999801, -23.00000000000000000, -10.00000000000000000 ) ) ;
#1737 = PERSON_AND_ORGANIZATION_ROLE ( 'design_supplier' ) ;
#1738 = AXIS2_PLACEMENT_3D ( 'NONE', #4126, #3565, #2862 ) ;
#1739 = LINE ( 'NONE', #1175, #6942 ) ;
#1740 = ORIENTED_EDGE ( 'NONE', *, *, #836, .F. ) ;
#1741 = ADVANCED_FACE ( 'NONE', ( #325 ), #5429, .F. ) ;
#1742 = ORIENTED_EDGE ( 'NONE', *, *, #1198, .T. ) ;
#1743 = ORIENTED_EDGE ( 'NONE', *, *, #5565, .T. ) ;
#1744 = CARTESIAN_POINT ( 'NONE',  ( 0.000000000000000000, -19.50000000000000000, 20.00000000000000000 ) ) ;
#1745 = CIRCLE ( 'NONE', #4803, 2.458500000000000796 ) ;
#1746 = DIRECTION ( 'NONE',  ( 0.000000000000000000, 0.000000000000000000, -1.000000000000000000 ) ) ;
#1747 = CYLINDRICAL_SURFACE ( 'NONE', #366, 5.249999999999997335 ) ;
#1748 = CARTESIAN_POINT ( 'NONE',  ( -95.00000000000000000, -10.00000000000000178, -20.00000000000000000 ) ) ;
#1749 = LINE ( 'NONE', #5104, #7935 ) ;
#1750 = AXIS2_PLACEMENT_3D ( 'NONE', #2063, #3413, #1492 ) ;
#1751 = VERTEX_POINT ( 'NONE', #3084 ) ;
#1752 = EDGE_CURVE ( 'NONE', #4598, #3212, #5608, .T. ) ;
#1753 = ORIENTED_EDGE ( 'NONE', *, *, #1325, .F. ) ;
#1754 = DIRECTION ( 'NONE',  ( 0.000000000000000000, 0.000000000000000000, 1.000000000000000000 ) ) ;
#1755 = CARTESIAN_POINT ( 'NONE',  ( 33.70393098870373905, -42.98810820133802935, -8.493306887674091143 ) ) ;
#1756 = CARTESIAN_POINT ( 'NONE',  ( -22.38609614442015072, -19.50000000000000000, 20.00000000000000000 ) ) ;
#1757 = DIRECTION ( 'NONE',  ( 0.000000000000000000, 0.000000000000000000, 1.000000000000000000 ) ) ;
#1758 = CARTESIAN_POINT ( 'NONE',  ( -31.09909680694864065, -41.99893260988115173, 18.25241648496927027 ) ) ;
#1759 = CYLINDRICAL_SURFACE ( 'NONE', #2653, 0.1999999999992979616 ) ;
#1760 = ORIENTED_EDGE ( 'NONE', *, *, #4319, .T. ) ;
#1761 = VECTOR ( 'NONE', #1705, 1000.000000000000000 ) ;
#1762 = ORIENTED_EDGE ( 'NONE', *, *, #6469, .T. ) ;
#1763 = CARTESIAN_POINT ( 'NONE',  ( 90.00000000000000000, -38.00000000000000000, -20.00000000000000000 ) ) ;
#1764 = CARTESIAN_POINT ( 'NONE',  ( -78.64644660940700760, 53.00000000000000000, -8.900000000000000355 ) ) ;
#1765 = DIRECTION ( 'NONE',  ( 0.000000000000000000, 0.000000000000000000, -1.000000000000000000 ) ) ;
#1766 = CARTESIAN_POINT ( 'NONE',  ( -85.00000000000000000, -20.00000000000000000, 20.00000000000000000 ) ) ;
#1767 = CARTESIAN_POINT ( 'NONE',  ( 95.00000000000000000, -15.00000000000000000, -20.00000000000000000 ) ) ;
#1768 = EDGE_CURVE ( 'NONE', #5297, #1900, #1956, .T. ) ;
#1769 = ORIENTED_EDGE ( 'NONE', *, *, #814, .F. ) ;
#1770 = VERTEX_POINT ( 'NONE', #7704 ) ;
#1771 = ADVANCED_FACE ( 'NONE', ( #288 ), #4599, .F. ) ;
#1772 = VECTOR ( 'NONE', #3294, 1000.000000000000000 ) ;
#1773 = CYLINDRICAL_SURFACE ( 'NONE', #7933, 5.250000000000000888 ) ;
#1774 = ORIENTED_EDGE ( 'NONE', *, *, #3068, .F. ) ;
#1775 = CARTESIAN_POINT ( 'NONE',  ( -37.00000000000000000, -23.00000000000000000, -20.00000000000000000 ) ) ;
#1776 = CARTESIAN_POINT ( 'NONE',  ( -54.00000000000000000, 20.00000000000000000, 19.80000000000000071 ) ) ;
#1777 = VECTOR ( 'NONE', #3788, 1000.000000000000000 ) ;
#1778 = ORIENTED_EDGE ( 'NONE', *, *, #2931, .T. ) ;
#1779 = CARTESIAN_POINT ( 'NONE',  ( -78.64644660940700760, -53.00000000000000000, -8.900000000000000355 ) ) ;
#1780 = LINE ( 'NONE', #1081, #5552 ) ;
#1781 = APPROVAL_ROLE ( '' ) ;
#1782 = ADVANCED_FACE ( 'NONE', ( #2296 ), #7809, .F. ) ;
#1783 = DIRECTION ( 'NONE',  ( 1.000000000000000000, 1.923669556980199114E-10, 0.000000000000000000 ) ) ;
#1784 = VERTEX_POINT ( 'NONE', #239 ) ;
#1785 = EDGE_CURVE ( 'NONE', #6931, #652, #6271, .T. ) ;
#1786 = AXIS2_PLACEMENT_3D ( 'NONE', #3206, #2547, #2106 ) ;
#1787 = ORIENTED_EDGE ( 'NONE', *, *, #1406, .T. ) ;
#1788 = ORIENTED_EDGE ( 'NONE', *, *, #6469, .F. ) ;
#1789 = CARTESIAN_POINT ( 'NONE',  ( 95.00000000000000000, -48.00000000000000000, 20.00000000000000000 ) ) ;
#1790 = AXIS2_PLACEMENT_3D ( 'NONE', #8195, #7544, #2826 ) ;
#1791 = CARTESIAN_POINT ( 'NONE',  ( -37.54149999999999920, -22.99999965184445117, 10.00000000000000000 ) ) ;
#1792 = CIRCLE ( 'NONE', #6671, 2.700000000000001066 ) ;
#1793 = EDGE_CURVE ( 'NONE', #7844, #3293, #1023, .T. ) ;
#1794 = CARTESIAN_POINT ( 'NONE',  ( 0.000000000000000000, -14.55000000000000071, -20.00000000000000000 ) ) ;
#1795 = DIRECTION ( 'NONE',  ( 0.000000000000000000, 1.000000000000000000, 0.000000000000000000 ) ) ;
#1796 = VECTOR ( 'NONE', #4311, 1000.000000000000000 ) ;
#1797 = AXIS2_PLACEMENT_3D ( 'NONE', #1677, #6908, #2327 ) ;
#1798 = ORIENTED_EDGE ( 'NONE', *, *, #1136, .F. ) ;
#1799 = ORIENTED_EDGE ( 'NONE', *, *, #2588, .T. ) ;
#1800 = FACE_OUTER_BOUND ( 'NONE', #8607, .T. ) ;
#1801 = LINE ( 'NONE', #5811, #97 ) ;
#1802 = CARTESIAN_POINT ( 'NONE',  ( -40.00000000000000000, -23.00000000000000000, -19.45850000000000080 ) ) ;
#1803 = DIRECTION ( 'NONE',  ( 0.000000000000000000, 0.000000000000000000, -1.000000000000000000 ) ) ;
#1804 = EDGE_CURVE ( 'NONE', #6677, #1102, #4343, .T. ) ;
#1805 = VECTOR ( 'NONE', #361, 1000.000000000000000 ) ;
#1806 = CIRCLE ( 'NONE', #7796, 5.250000000000004441 ) ;
#1807 = DIRECTION ( 'NONE',  ( 0.9999999999999901190, 1.416129997710645295E-07, 0.000000000000000000 ) ) ;
#1808 = VECTOR ( 'NONE', #8314, 1000.000000000000000 ) ;
#1809 = DIRECTION ( 'NONE',  ( 1.000000000000000000, 0.000000000000000000, 0.000000000000000000 ) ) ;
#1810 = ORIENTED_EDGE ( 'NONE', *, *, #6713, .F. ) ;
#1811 = ORIENTED_EDGE ( 'NONE', *, *, #1164, .F. ) ;
#1812 = VECTOR ( 'NONE', #8032, 1000.000000000000000 ) ;
#1813 = VECTOR ( 'NONE', #7727, 1000.000000000000000 ) ;
#1814 = CARTESIAN_POINT ( 'NONE',  ( -77.00000000000000000, -53.00000000000000000, -9.750000000000001776 ) ) ;
#1815 = CARTESIAN_POINT ( 'NONE',  ( -67.00000000000000000, 14.55000000000000071, -19.75000000000000000 ) ) ;
#1816 = VECTOR ( 'NONE', #2471, 1000.000000000000000 ) ;
#1817 = CARTESIAN_POINT ( 'NONE',  ( -46.00000000000000000, 30.00000000000000000, -7.250000000000000000 ) ) ;
#1818 = DIRECTION ( 'NONE',  ( -1.000000000000000000, 0.000000000000000000, 0.000000000000000000 ) ) ;
#1819 = PLANE ( 'NONE',  #1538 ) ;
#1820 = PRODUCT_DEFINITION_SHAPE ( 'NONE', 'NONE',  #4680 ) ;
#1821 = ORIENTED_EDGE ( 'NONE', *, *, #2197, .T. ) ;
#1822 = ORIENTED_EDGE ( 'NONE', *, *, #1413, .F. ) ;
#1823 = CARTESIAN_POINT ( 'NONE',  ( -72.29999999999999716, 53.00000000000000000, 8.599999999999999645 ) ) ;
#1824 = ORIENTED_EDGE ( 'NONE', *, *, #5353, .F. ) ;
#1825 = CARTESIAN_POINT ( 'NONE',  ( 85.00000000000000000, -38.00000000000000000, -20.00000000000000000 ) ) ;
#1826 = LINE ( 'NONE', #1776, #6092 ) ;
#1827 = VERTEX_POINT ( 'NONE', #7616 ) ;
#1828 = DIRECTION ( 'NONE',  ( 0.000000000000000000, 0.000000000000000000, 1.000000000000000000 ) ) ;
#1829 = FACE_OUTER_BOUND ( 'NONE', #5794, .T. ) ;
#1830 = APPROVAL_DATE_TIME ( #3880, #2118 ) ;
#1831 = EDGE_CURVE ( 'NONE', #1426, #1181, #1687, .T. ) ;
#1832 = AXIS2_PLACEMENT_3D ( 'NONE', #6489, #510, #2526 ) ;
#1833 = CARTESIAN_POINT ( 'NONE',  ( 40.31128874149275276, -19.50000000000000000, -20.00000000000000000 ) ) ;
#1834 = ORIENTED_EDGE ( 'NONE', *, *, #2241, .T. ) ;
#1835 = VERTEX_POINT ( 'NONE', #4306 ) ;
#1836 = EDGE_LOOP ( 'NONE', ( #971, #6958, #2927, #2976 ) ) ;
#1837 = CARTESIAN_POINT ( 'NONE',  ( 54.00000000000000000, -55.19999999999999574, 16.50000000000000000 ) ) ;
#1838 = ADVANCED_FACE ( 'NONE', ( #2338 ), #2913, .T. ) ;
#1839 = CARTESIAN_POINT ( 'NONE',  ( 22.38609614442020046, -53.00000000000000000, 20.00000000000000000 ) ) ;
#1840 = ADVANCED_FACE ( 'NONE', ( #6967 ), #1598, .F. ) ;
#1841 = DIRECTION ( 'NONE',  ( 1.000000000000000000, 0.000000000000000000, 0.000000000000000000 ) ) ;
#1842 = ADVANCED_FACE ( 'NONE', ( #365, #3037 ), #1819, .T. ) ;
#1843 = DIRECTION ( 'NONE',  ( 0.000000000000000000, -1.000000000000000000, 0.000000000000000000 ) ) ;
#1844 = ORIENTED_EDGE ( 'NONE', *, *, #7825, .F. ) ;
#1845 = ORIENTED_EDGE ( 'NONE', *, *, #1644, .T. ) ;
#1846 = AXIS2_PLACEMENT_3D ( 'NONE', #5221, #7103, #5088 ) ;
#1847 = PLANE ( 'NONE',  #5067 ) ;
#1848 = DIRECTION ( 'NONE',  ( 0.000000000000000000, 0.000000000000000000, -1.000000000000000000 ) ) ;
#1849 = DIRECTION ( 'NONE',  ( 0.000000000000000000, 0.000000000000000000, -1.000000000000000000 ) ) ;
#1850 = DIRECTION ( 'NONE',  ( 0.000000000000000000, 1.000000000000000000, 0.000000000000000000 ) ) ;
#1851 = DIRECTION ( 'NONE',  ( 0.000000000000000000, 1.000000000000000000, 0.000000000000000000 ) ) ;
#1852 = VECTOR ( 'NONE', #481, 1000.000000000000000 ) ;
#1853 = VERTEX_POINT ( 'NONE', #7929 ) ;
#1854 = EDGE_CURVE ( 'NONE', #7762, #7378, #3169, .T. ) ;
#1855 = ORIENTED_EDGE ( 'NONE', *, *, #511, .T. ) ;
#1856 = DIRECTION ( 'NONE',  ( 1.000000000000000000, 0.000000000000000000, 0.000000000000000000 ) ) ;
#1857 = DIRECTION ( 'NONE',  ( 0.000000000000000000, 0.000000000000000000, 1.000000000000000000 ) ) ;
#1858 = DIRECTION ( 'NONE',  ( 0.000000000000000000, 0.000000000000000000, 1.000000000000000000 ) ) ;
#1859 = DIRECTION ( 'NONE',  ( 0.000000000000000000, -1.000000000000000000, 0.000000000000000000 ) ) ;
#1860 = DIRECTION ( 'NONE',  ( 0.000000000000000000, 0.000000000000000000, 1.000000000000000000 ) ) ;
#1861 = CIRCLE ( 'NONE', #317, 2.458500000000000796 ) ;
#1862 = VERTEX_POINT ( 'NONE', #1767 ) ;
#1863 = ORIENTED_EDGE ( 'NONE', *, *, #6693, .F. ) ;
#1864 = ADVANCED_FACE ( 'NONE', ( #7141 ), #5213, .T. ) ;
#1865 = DIRECTION ( 'NONE',  ( 0.000000000000000000, -1.000000000000000000, 0.000000000000000000 ) ) ;
#1866 = EDGE_LOOP ( 'NONE', ( #6178, #105, #4905, #3560 ) ) ;
#1867 = FACE_OUTER_BOUND ( 'NONE', #5306, .T. ) ;
#1868 = CARTESIAN_POINT ( 'NONE',  ( 0.000000000000000000, -31.50000000000000000, -20.00000000000000000 ) ) ;
#1869 = ORIENTED_EDGE ( 'NONE', *, *, #3821, .F. ) ;
#1870 = CARTESIAN_POINT ( 'NONE',  ( -56.50000000000000000, -20.00000000000000000, -19.80000000000000071 ) ) ;
#1871 = DIRECTION ( 'NONE',  ( 0.4226182617406974429, -0.9063077870366509359, 0.000000000000000000 ) ) ;
#1872 = DIRECTION ( 'NONE',  ( 0.000000000000000000, 1.000000000000000000, 0.000000000000000000 ) ) ;
#1873 = ORIENTED_EDGE ( 'NONE', *, *, #7145, .T. ) ;
#1874 = AXIS2_PLACEMENT_3D ( 'NONE', #3369, #7461, #3541 ) ;
#1875 = SHAPE_REPRESENTATION ( 'gripper_base.step', ( #5949 ), #1918 ) ;
#1876 = ORIENTED_EDGE ( 'NONE', *, *, #3539, .T. ) ;
#1877 = CARTESIAN_POINT ( 'NONE',  ( -95.00000000000000000, -53.00000000000000000, 20.00000000000000000 ) ) ;
#1878 = ORIENTED_EDGE ( 'NONE', *, *, #2500, .T. ) ;
#1879 = CARTESIAN_POINT ( 'NONE',  ( -34.11042744160234719, -43.00000000000000000, 17.22939016059373429 ) ) ;
#1880 = CIRCLE ( 'NONE', #6752, 5.000000000000004441 ) ;
#1881 = CARTESIAN_POINT ( 'NONE',  ( 2.081668171172170091E-14, -6.600000000000001421, -25.00000000000000000 ) ) ;
#1882 =( NAMED_UNIT ( * ) PLANE_ANGLE_UNIT ( ) SI_UNIT ( $, .RADIAN. ) );
#1883 = DIRECTION ( 'NONE',  ( 0.000000000000000000, 0.000000000000000000, -1.000000000000000000 ) ) ;
#1884 = EDGE_CURVE ( 'NONE', #7322, #2816, #3915, .T. ) ;
#1885 = VECTOR ( 'NONE', #1850, 1000.000000000000000 ) ;
#1886 = VERTEX_POINT ( 'NONE', #8533 ) ;
#1887 = CONICAL_SURFACE ( 'NONE', #2449, 3.000000000000000888, 0.7853981633974476129 ) ;
#1888 = VECTOR ( 'NONE', #6438, 1000.000000000000000 ) ;
#1889 = ORIENTED_EDGE ( 'NONE', *, *, #2671, .T. ) ;
#1890 = EDGE_CURVE ( 'NONE', #4452, #4840, #5257, .T. ) ;
#1891 = CARTESIAN_POINT ( 'NONE',  ( 95.00000000000000000, -53.00000000000000000, -20.00000000000000000 ) ) ;
#1892 = CARTESIAN_POINT ( 'NONE',  ( 31.94138837074312320, -42.51137909058444109, -7.830148758221864291 ) ) ;
#1893 = CARTESIAN_POINT ( 'NONE',  ( -31.00000000000000000, -30.00000000000000000, 14.06700000000000017 ) ) ;
#1894 = LINE ( 'NONE', #587, #4255 ) ;
#1895 = CIRCLE ( 'NONE', #5234, 5.250000000000000888 ) ;
#1896 = PRODUCT_DEFINITION_SHAPE ( 'NONE', 'NONE',  #8644 ) ;
#1897 = CARTESIAN_POINT ( 'NONE',  ( -43.00000000000000000, -23.00000000000000000, 20.00000000000000000 ) ) ;
#1898 = ORIENTED_EDGE ( 'NONE', *, *, #4285, .T. ) ;
#1899 = ADVANCED_FACE ( 'NONE', ( #5827 ), #832, .F. ) ;
#1900 = VERTEX_POINT ( 'NONE', #553 ) ;
#1901 = DIRECTION ( 'NONE',  ( 0.000000000000000000, -1.000000000000000000, 0.000000000000000000 ) ) ;
#1902 = CARTESIAN_POINT ( 'NONE',  ( -17.67766952966359995, -13.60000000000000142, -20.77766952966377190 ) ) ;
#1903 = DIRECTION ( 'NONE',  ( -1.000000000000000000, 0.000000000000000000, 0.000000000000000000 ) ) ;
#1904 = CYLINDRICAL_SURFACE ( 'NONE', #2858, 16.50000000000000000 ) ;
#1905 = LINE ( 'NONE', #7226, #7525 ) ;
#1906 = EDGE_CURVE ( 'NONE', #4071, #570, #2522, .T. ) ;
#1907 = EDGE_LOOP ( 'NONE', ( #2219, #1946, #6102, #7842 ) ) ;
#1908 = ORIENTED_EDGE ( 'NONE', *, *, #5071, .T. ) ;
#1909 = DIRECTION ( 'NONE',  ( 0.000000000000000000, 0.000000000000000000, 1.000000000000000000 ) ) ;
#1910 = EDGE_LOOP ( 'NONE', ( #2139, #7283, #2319, #8267 ) ) ;
#1911 = FACE_OUTER_BOUND ( 'NONE', #270, .T. ) ;
#1912 = CIRCLE ( 'NONE', #8037, 3.000000000000002665 ) ;
#1913 = VERTEX_POINT ( 'NONE', #8492 ) ;
#1914 = DIRECTION ( 'NONE',  ( 0.000000000000000000, 0.000000000000000000, 1.000000000000000000 ) ) ;
#1915 = CARTESIAN_POINT ( 'NONE',  ( -67.00000000000000000, -30.00000000000000000, -7.250000000000000000 ) ) ;
#1916 = EDGE_CURVE ( 'NONE', #4897, #4627, #4520, .T. ) ;
#1917 = COORDINATED_UNIVERSAL_TIME_OFFSET ( 6, 0, .BEHIND. ) ;
#1918 =( GEOMETRIC_REPRESENTATION_CONTEXT ( 3 ) GLOBAL_UNCERTAINTY_ASSIGNED_CONTEXT ( ( #2900 ) ) GLOBAL_UNIT_ASSIGNED_CONTEXT ( ( #5983, #1882, #7952 ) ) REPRESENTATION_CONTEXT ( 'NONE', 'WORKASPACE' ) );
#1919 = ORIENTED_EDGE ( 'NONE', *, *, #1569, .T. ) ;
#1920 = ORIENTED_EDGE ( 'NONE', *, *, #2866, .F. ) ;
#1921 = ORIENTED_EDGE ( 'NONE', *, *, #6695, .T. ) ;
#1922 = CARTESIAN_POINT ( 'NONE',  ( -43.00000000000000000, 22.99999999942289719, -20.00000000000000000 ) ) ;
#1923 = ORIENTED_EDGE ( 'NONE', *, *, #7112, .T. ) ;
#1924 = CYLINDRICAL_SURFACE ( 'NONE', #4654, 5.000000000000000888 ) ;
#1925 = SECURITY_CLASSIFICATION ( '', '', #5313 ) ;
#1926 = CARTESIAN_POINT ( 'NONE',  ( 2.081668171172170091E-14, 0.000000000000000000, 0.000000000000000000 ) ) ;
#1927 = FACE_OUTER_BOUND ( 'NONE', #1910, .T. ) ;
#1928 = CARTESIAN_POINT ( 'NONE',  ( 0.000000000000000000, -24.19999999999999929, 2.299999999999999822 ) ) ;
#1929 = CIRCLE ( 'NONE', #7774, 5.250000000000000888 ) ;
#1930 = AXIS2_PLACEMENT_3D ( 'NONE', #1627, #843, #273 ) ;
#1931 = ORIENTED_EDGE ( 'NONE', *, *, #5883, .T. ) ;
#1932 = CIRCLE ( 'NONE', #8198, 0.1999999999992979616 ) ;
#1933 = ORIENTED_EDGE ( 'NONE', *, *, #6547, .F. ) ;
#1934 = VECTOR ( 'NONE', #4073, 1000.000000000000227 ) ;
#1935 = EDGE_LOOP ( 'NONE', ( #7037, #3966, #2462, #7015, #3499, #4391, #6868, #1605 ) ) ;
#1936 = CARTESIAN_POINT ( 'NONE',  ( -9.500000000000000000, -30.00000000000000000, -14.06700000000000017 ) ) ;
#1937 = CIRCLE ( 'NONE', #2349, 5.250000000000000888 ) ;
#1938 = CARTESIAN_POINT ( 'NONE',  ( -40.00000000000000000, 23.00000000000000000, -2.299999999999999822 ) ) ;
#1939 = CYLINDRICAL_SURFACE ( 'NONE', #3146, 2.458500000000047425 ) ;
#1940 = CARTESIAN_POINT ( 'NONE',  ( 34.11042744160234719, -38.00000000000000000, 20.00000000000000000 ) ) ;
#1941 = CARTESIAN_POINT ( 'NONE',  ( -67.00000000000000000, 11.40217391304338079, -18.21270018560345250 ) ) ;
#1942 = AXIS2_PLACEMENT_3D ( 'NONE', #7312, #5219, #3306 ) ;
#1943 = ADVANCED_FACE ( 'NONE', ( #457 ), #1256, .F. ) ;
#1944 = AXIS2_PLACEMENT_3D ( 'NONE', #1928, #5807, #8468 ) ;
#1945 = ORIENTED_EDGE ( 'NONE', *, *, #3618, .T. ) ;
#1946 = ORIENTED_EDGE ( 'NONE', *, *, #4924, .T. ) ;
#1947 = DIRECTION ( 'NONE',  ( 0.000000000000000000, -1.000000000000000000, 0.000000000000000000 ) ) ;
#1948 = AXIS2_PLACEMENT_3D ( 'NONE', #1316, #3975, #6999 ) ;
#1949 = CARTESIAN_POINT ( 'NONE',  ( -79.00000000000000000, 53.00000000000000000, 19.75000000000000000 ) ) ;
#1950 = VECTOR ( 'NONE', #5471, 1000.000000000000000 ) ;
#1951 = AXIS2_PLACEMENT_3D ( 'NONE', #6359, #7716, #2531 ) ;
#1952 = DIRECTION ( 'NONE',  ( -1.000000000000000000, 0.000000000000000000, 0.000000000000000000 ) ) ;
#1953 = EDGE_CURVE ( 'NONE', #2669, #3937, #6411, .T. ) ;
#1954 = FACE_OUTER_BOUND ( 'NONE', #2175, .T. ) ;
#1955 = DIRECTION ( 'NONE',  ( 0.000000000000000000, 1.000000000000000000, 0.000000000000000000 ) ) ;
#1956 = CIRCLE ( 'NONE', #7665, 2.458500000000000796 ) ;
#1957 = EDGE_CURVE ( 'NONE', #1341, #7184, #6573, .T. ) ;
#1958 = AXIS2_PLACEMENT_3D ( 'NONE', #7961, #1851, #1196 ) ;
#1959 = ORIENTED_EDGE ( 'NONE', *, *, #2258, .F. ) ;
#1960 = VERTEX_POINT ( 'NONE', #1162 ) ;
#1961 = VECTOR ( 'NONE', #3302, 1000.000000000000000 ) ;
#1962 = CARTESIAN_POINT ( 'NONE',  ( 2.664535259100374514E-15, 23.00000000000000000, -13.00000000000000000 ) ) ;
#1963 = EDGE_CURVE ( 'NONE', #609, #1658, #8621, .T. ) ;
#1964 = LINE ( 'NONE', #2732, #932 ) ;
#1965 = ORIENTED_EDGE ( 'NONE', *, *, #1297, .T. ) ;
#1966 = CARTESIAN_POINT ( 'NONE',  ( 31.00000000000000000, -49.79999999999999716, -16.25000000000000000 ) ) ;
#1967 = CARTESIAN_POINT ( 'NONE',  ( -40.00000000000000000, 23.00000000000000000, 2.299999999999999822 ) ) ;
#1968 = EDGE_LOOP ( 'NONE', ( #2290, #3889, #1834, #5106 ) ) ;
#1969 = ORIENTED_EDGE ( 'NONE', *, *, #4814, .T. ) ;
#1970 = EDGE_CURVE ( 'NONE', #6641, #8044, #3123, .T. ) ;
#1971 = EDGE_CURVE ( 'NONE', #3839, #5546, #6612, .T. ) ;
#1972 = LINE ( 'NONE', #7284, #4581 ) ;
#1973 = ORIENTED_EDGE ( 'NONE', *, *, #8535, .T. ) ;
#1974 = DIRECTION ( 'NONE',  ( 2.926572255078290114E-17, 1.000000000000000000, 0.000000000000000000 ) ) ;
#1975 = DIRECTION ( 'NONE',  ( 0.000000000000000000, 0.000000000000000000, 1.000000000000000000 ) ) ;
#1976 = DIRECTION ( 'NONE',  ( 0.000000000000000000, -1.000000000000000000, 3.351616678113679994E-17 ) ) ;
#1977 = ORIENTED_EDGE ( 'NONE', *, *, #6330, .T. ) ;
#1978 = EDGE_LOOP ( 'NONE', ( #4079, #2939, #320, #6830 ) ) ;
#1979 = EDGE_CURVE ( 'NONE', #1016, #8485, #1905, .T. ) ;
#1980 = DIRECTION ( 'NONE',  ( 0.7071067811862705721, 0.000000000000000000, -0.7071067811868245734 ) ) ;
#1981 = DIRECTION ( 'NONE',  ( 0.000000000000000000, 1.224646799147351975E-16, 1.000000000000000000 ) ) ;
#1982 = CARTESIAN_POINT ( 'NONE',  ( -17.67766952966355376, -13.60000000000000142, 17.67766952966379534 ) ) ;
#1983 = CARTESIAN_POINT ( 'NONE',  ( 0.000000000000000000, -23.00000042616160201, 10.00000000000000000 ) ) ;
#1984 = DIRECTION ( 'NONE',  ( 0.000000000000000000, -1.000000000000000000, 0.000000000000000000 ) ) ;
#1985 = EDGE_LOOP ( 'NONE', ( #5349, #2773, #2576, #4503 ) ) ;
#1986 = ORIENTED_EDGE ( 'NONE', *, *, #5393, .F. ) ;
#1987 = CARTESIAN_POINT ( 'NONE',  ( 82.25000000000000000, -49.79999999999999716, 13.00000000000000178 ) ) ;
#1988 = DIRECTION ( 'NONE',  ( 0.000000000000000000, 0.000000000000000000, -1.000000000000000000 ) ) ;
#1989 = DIRECTION ( 'NONE',  ( 0.000000000000000000, -1.000000000000000000, 0.000000000000000000 ) ) ;
#1990 = DIRECTION ( 'NONE',  ( -1.000000000000000000, 0.000000000000000000, 0.000000000000000000 ) ) ;
#1991 = DIRECTION ( 'NONE',  ( 0.000000000000000000, 0.000000000000000000, 1.000000000000000000 ) ) ;
#1992 = ORIENTED_EDGE ( 'NONE', *, *, #4066, .T. ) ;
#1993 = EDGE_CURVE ( 'NONE', #3030, #8591, #5783, .T. ) ;
#1994 = ORIENTED_EDGE ( 'NONE', *, *, #2702, .T. ) ;
#1995 = EDGE_CURVE ( 'NONE', #7444, #1247, #5123, .T. ) ;
#1996 = DIRECTION ( 'NONE',  ( 0.7071067811865600072, 0.000000000000000000, -0.7071067811865350272 ) ) ;
#1997 = ADVANCED_FACE ( 'NONE', ( #596 ), #8096, .T. ) ;
#1998 = LINE ( 'NONE', #6578, #3449 ) ;
#1999 = CIRCLE ( 'NONE', #2697, 2.067000000000020155 ) ;
#2000 = EDGE_LOOP ( 'NONE', ( #597, #6765 ) ) ;
#2001 = DIRECTION ( 'NONE',  ( 0.7071067811865444641, -1.004472522800485083E-07, -0.7071067811865434649 ) ) ;
#2002 = CARTESIAN_POINT ( 'NONE',  ( 0.000000000000000000, -14.55000000000000071, 20.00000000000000000 ) ) ;
#2003 = ORIENTED_EDGE ( 'NONE', *, *, #1616, .F. ) ;
#2004 = EDGE_CURVE ( 'NONE', #3055, #7465, #2155, .T. ) ;
#2005 = VERTEX_POINT ( 'NONE', #7471 ) ;
#2006 = CARTESIAN_POINT ( 'NONE',  ( -17.67766952966359995, -13.60000000000000142, -17.67766952966377403 ) ) ;
#2007 = EDGE_LOOP ( 'NONE', ( #192, #5973, #3573, #8161 ) ) ;
#2008 = CARTESIAN_POINT ( 'NONE',  ( -67.00000000000000000, 30.00000000000000000, -20.00000000000000000 ) ) ;
#2009 = LINE ( 'NONE', #8030, #8601 ) ;
#2010 = AXIS2_PLACEMENT_3D ( 'NONE', #8118, #2751, #2798 ) ;
#2011 = DIRECTION ( 'NONE',  ( 0.000000000000000000, -1.000000000000000000, 0.000000000000000000 ) ) ;
#2012 = EDGE_CURVE ( 'NONE', #2656, #478, #2116, .T. ) ;
#2013 = CC_DESIGN_PERSON_AND_ORGANIZATION_ASSIGNMENT ( #1347, #4532, ( #2622 ) ) ;
#2014 = LINE ( 'NONE', #8438, #1812 ) ;
#2015 = VERTEX_POINT ( 'NONE', #181 ) ;
#2016 = ORIENTED_EDGE ( 'NONE', *, *, #7118, .T. ) ;
#2017 = CIRCLE ( 'NONE', #6052, 17.56568542494899887 ) ;
#2018 = FACE_OUTER_BOUND ( 'NONE', #6733, .T. ) ;
#2019 = FACE_BOUND ( 'NONE', #2068, .T. ) ;
#2020 = DIRECTION ( 'NONE',  ( 0.000000000000000000, -1.000000000000000000, 0.000000000000000000 ) ) ;
#2021 = DIRECTION ( 'NONE',  ( 0.000000000000000000, 0.000000000000000000, -1.000000000000000000 ) ) ;
#2022 = CARTESIAN_POINT ( 'NONE',  ( -27.75418406211094791, -36.20000000000000284, 17.12640023475005080 ) ) ;
#2023 = EDGE_CURVE ( 'NONE', #4568, #776, #7396, .T. ) ;
#2024 = VECTOR ( 'NONE', #7128, 1000.000000000000000 ) ;
#2025 = AXIS2_PLACEMENT_3D ( 'NONE', #3818, #3216, #7139 ) ;
#2026 = ORIENTED_EDGE ( 'NONE', *, *, #6704, .F. ) ;
#2027 = EDGE_LOOP ( 'NONE', ( #7855, #319, #333, #2516 ) ) ;
#2028 = CARTESIAN_POINT ( 'NONE',  ( -34.11042744160234719, -38.00000000000000000, -20.00000000000000000 ) ) ;
#2029 = FACE_BOUND ( 'NONE', #6517, .T. ) ;
#2030 = AXIS2_PLACEMENT_3D ( 'NONE', #6781, #4649, #144 ) ;
#2031 = CARTESIAN_POINT ( 'NONE',  ( 29.57888850641910139, -40.11309130870348127, -18.05400258436937122 ) ) ;
#2032 = CIRCLE ( 'NONE', #1468, 3.250000000000002665 ) ;
#2033 = DIRECTION ( 'NONE',  ( 1.000000000000000000, 0.000000000000000000, 0.000000000000000000 ) ) ;
#2034 = CARTESIAN_POINT ( 'NONE',  ( -56.50000000000000000, -20.00000000000000000, 19.80000000000000071 ) ) ;
#2035 = CIRCLE ( 'NONE', #5796, 5.250000000000000888 ) ;
#2036 = EDGE_LOOP ( 'NONE', ( #4651, #2948 ) ) ;
#2037 = ORIENTED_EDGE ( 'NONE', *, *, #6462, .T. ) ;
#2038 = DIRECTION ( 'NONE',  ( 0.000000000000000000, 0.000000000000000000, 1.000000000000000000 ) ) ;
#2039 = CARTESIAN_POINT ( 'NONE',  ( -56.50000000000000000, 20.00000000000000000, -20.00000000000000000 ) ) ;
#2040 = ORIENTED_EDGE ( 'NONE', *, *, #7275, .F. ) ;
#2041 = LINE ( 'NONE', #65, #6265 ) ;
#2042 = PERSON_AND_ORGANIZATION ( #455, #5263 ) ;
#2043 = EDGE_CURVE ( 'NONE', #3958, #1862, #8642, .T. ) ;
#2044 = ORIENTED_EDGE ( 'NONE', *, *, #7183, .F. ) ;
#2045 = CIRCLE ( 'NONE', #3162, 3.099999999999998757 ) ;
#2046 = ORIENTED_EDGE ( 'NONE', *, *, #8090, .F. ) ;
#2047 = CYLINDRICAL_SURFACE ( 'NONE', #125, 0.2999999999998698152 ) ;
#2048 = ORIENTED_EDGE ( 'NONE', *, *, #1521, .F. ) ;
#2049 = ADVANCED_FACE ( 'NONE', ( #6740, #6657 ), #1337, .T. ) ;
#2050 = CARTESIAN_POINT ( 'NONE',  ( 0.000000000000000000, 0.000000000000000000, 0.000000000000000000 ) ) ;
#2051 = LOCAL_TIME ( 0, 52, 31.00000000000000000, #7111 ) ;
#2052 = EDGE_CURVE ( 'NONE', #6994, #3672, #2583, .T. ) ;
#2053 = CARTESIAN_POINT ( 'NONE',  ( -42.76045286139795110, -24.19999999999999929, 2.299999999999999822 ) ) ;
#2054 = FACE_OUTER_BOUND ( 'NONE', #7749, .T. ) ;
#2055 = AXIS2_PLACEMENT_3D ( 'NONE', #7357, #26, #725 ) ;
#2056 = EDGE_LOOP ( 'NONE', ( #6584, #7005, #4585, #6633 ) ) ;
#2057 = ORIENTED_EDGE ( 'NONE', *, *, #1884, .F. ) ;
#2058 = ADVANCED_FACE ( 'NONE', ( #3994 ), #6167, .F. ) ;
#2059 = DIRECTION ( 'NONE',  ( 1.000000000000000000, 0.000000000000000000, 0.000000000000000000 ) ) ;
#2060 = CARTESIAN_POINT ( 'NONE',  ( -43.00999999999999801, -26.00999999999999801, -10.00000000000000000 ) ) ;
#2061 = DIRECTION ( 'NONE',  ( 0.000000000000000000, -1.000000000000000000, 0.000000000000000000 ) ) ;
#2062 = AXIS2_PLACEMENT_3D ( 'NONE', #1202, #1291, #593 ) ;
#2063 = CARTESIAN_POINT ( 'NONE',  ( -67.00000000000000000, 30.00000000000000000, 1.699999999999999956 ) ) ;
#2064 = CIRCLE ( 'NONE', #6933, 5.000000000000004441 ) ;
#2065 = CARTESIAN_POINT ( 'NONE',  ( -36.99000000000000199, 23.00000000000000000, -10.00000000000000000 ) ) ;
#2066 = CIRCLE ( 'NONE', #4293, 2.458500000000002572 ) ;
#2067 = VERTEX_POINT ( 'NONE', #1461 ) ;
#2068 = EDGE_LOOP ( 'NONE', ( #6042, #3009 ) ) ;
#2069 = CIRCLE ( 'NONE', #7931, 5.000000000000004441 ) ;
#2070 = LINE ( 'NONE', #4685, #2342 ) ;
#2071 = EDGE_CURVE ( 'NONE', #7707, #5774, #4531, .T. ) ;
#2072 = LINE ( 'NONE', #4732, #7930 ) ;
#2073 = CARTESIAN_POINT ( 'NONE',  ( -13.00000000000000000, 23.00000000000000000, -11.40752540378399971 ) ) ;
#2074 = CARTESIAN_POINT ( 'NONE',  ( 2.081668171172170091E-14, -13.60000000000000142, -22.00000000000000355 ) ) ;
#2075 = AXIS2_PLACEMENT_3D ( 'NONE', #7672, #5086, #3737 ) ;
#2076 = CARTESIAN_POINT ( 'NONE',  ( -17.67766952966359995, -13.60000000000000142, -17.67766952966377403 ) ) ;
#2077 = CIRCLE ( 'NONE', #3607, 2.067000000000020155 ) ;
#2078 = CIRCLE ( 'NONE', #1515, 5.250000000000000888 ) ;
#2079 = ORIENTED_EDGE ( 'NONE', *, *, #2343, .T. ) ;
#2080 = VERTEX_POINT ( 'NONE', #5383 ) ;
#2081 = VECTOR ( 'NONE', #5139, 1000.000000000000000 ) ;
#2082 = DIRECTION ( 'NONE',  ( 1.000000000000000000, 0.000000000000000000, 5.302557729552989442E-17 ) ) ;
#2083 = DIRECTION ( 'NONE',  ( 0.000000000000000000, 1.000000000000000000, 0.000000000000000000 ) ) ;
#2084 = ADVANCED_FACE ( 'NONE', ( #4118 ), #7351, .F. ) ;
#2085 = CARTESIAN_POINT ( 'NONE',  ( -40.00000000000000000, -23.00000000000000000, -2.299999999999999822 ) ) ;
#2086 = CYLINDRICAL_SURFACE ( 'NONE', #406, 3.099999999999998757 ) ;
#2087 = CIRCLE ( 'NONE', #5425, 0.1999999999992959354 ) ;
#2088 = VECTOR ( 'NONE', #5542, 1000.000000000000000 ) ;
#2089 = CIRCLE ( 'NONE', #5150, 2.700000000000001066 ) ;
#2090 = ORIENTED_EDGE ( 'NONE', *, *, #4504, .T. ) ;
#2091 = FACE_OUTER_BOUND ( 'NONE', #2762, .T. ) ;
#2092 = ORIENTED_EDGE ( 'NONE', *, *, #4442, .T. ) ;
#2093 = DIRECTION ( 'NONE',  ( -1.000000000000000000, 0.000000000000000000, 0.000000000000000000 ) ) ;
#2094 = ORIENTED_EDGE ( 'NONE', *, *, #680, .T. ) ;
#2095 = EDGE_CURVE ( 'NONE', #7028, #1770, #1745, .T. ) ;
#2096 = LINE ( 'NONE', #7286, #2136 ) ;
#2097 = APPROVAL_DATE_TIME ( #5444, #7136 ) ;
#2098 = DIRECTION ( 'NONE',  ( 0.000000000000000000, 0.000000000000000000, -1.000000000000000000 ) ) ;
#2099 = ORIENTED_EDGE ( 'NONE', *, *, #5301, .T. ) ;
#2100 = ORIENTED_EDGE ( 'NONE', *, *, #1963, .F. ) ;
#2101 = EDGE_CURVE ( 'NONE', #4385, #6607, #201, .T. ) ;
#2102 = ORIENTED_EDGE ( 'NONE', *, *, #659, .F. ) ;
#2103 = EDGE_CURVE ( 'NONE', #7646, #6568, #4384, .T. ) ;
#2104 = EDGE_CURVE ( 'NONE', #6308, #7175, #5341, .T. ) ;
#2105 = LINE ( 'NONE', #2235, #5764 ) ;
#2106 = DIRECTION ( 'NONE',  ( 0.000000000000000000, 0.000000000000000000, -1.000000000000000000 ) ) ;
#2107 = CARTESIAN_POINT ( 'NONE',  ( -95.00000000000000000, -10.00000000000000178, 20.00000000000000000 ) ) ;
#2108 = FACE_BOUND ( 'NONE', #6402, .T. ) ;
#2109 = DIRECTION ( 'NONE',  ( 0.000000000000000000, 0.000000000000000000, -1.000000000000000000 ) ) ;
#2110 = ORIENTED_EDGE ( 'NONE', *, *, #1995, .T. ) ;
#2111 = ORIENTED_EDGE ( 'NONE', *, *, #5217, .T. ) ;
#2112 = DIRECTION ( 'NONE',  ( 0.000000000000000000, -1.000000000000000000, 0.000000000000000000 ) ) ;
#2113 = CARTESIAN_POINT ( 'NONE',  ( -31.00000000000000000, -49.79999999999999716, 13.00000000000000178 ) ) ;
#2114 = CARTESIAN_POINT ( 'NONE',  ( -48.00000000000000000, 29.45849999999999724, -15.45850000000000080 ) ) ;
#2115 = DIRECTION ( 'NONE',  ( 0.000000000000000000, 0.000000000000000000, 1.000000000000000000 ) ) ;
#2116 = LINE ( 'NONE', #3384, #4177 ) ;
#2117 = EDGE_CURVE ( 'NONE', #3524, #3927, #491, .T. ) ;
#2118 = APPROVAL ( #3700, 'UNSPECIFIED' ) ;
#2119 = ORIENTED_EDGE ( 'NONE', *, *, #7326, .F. ) ;
#2120 = ORIENTED_EDGE ( 'NONE', *, *, #5495, .F. ) ;
#2121 = DIRECTION ( 'NONE',  ( 0.000000000000000000, 0.000000000000000000, 1.000000000000000000 ) ) ;
#2122 = FACE_OUTER_BOUND ( 'NONE', #5280, .T. ) ;
#2123 = PLANE ( 'NONE',  #7729 ) ;
#2124 = ORIENTED_EDGE ( 'NONE', *, *, #7247, .T. ) ;
#2125 = DIRECTION ( 'NONE',  ( 0.000000000000000000, 1.000000000000000000, 0.000000000000000000 ) ) ;
#2126 = MANIFOLD_SOLID_BREP ( 'NONE', #4493 ) ;
#2127 = ORIENTED_EDGE ( 'NONE', *, *, #2416, .T. ) ;
#2128 = EDGE_CURVE ( 'NONE', #1124, #5096, #54, .T. ) ;
#2129 = CIRCLE ( 'NONE', #8542, 3.000000000000000888 ) ;
#2130 = DIRECTION ( 'NONE',  ( 0.000000000000000000, -1.000000000000000000, 0.000000000000000000 ) ) ;
#2131 = ORIENTED_EDGE ( 'NONE', *, *, #4866, .F. ) ;
#2132 = CARTESIAN_POINT ( 'NONE',  ( -28.29741968705734223, -37.36497255716493981, 8.446292003237136470 ) ) ;
#2133 = VERTEX_POINT ( 'NONE', #2727 ) ;
#2134 = CARTESIAN_POINT ( 'NONE',  ( -48.00000000000000000, 19.00000000000000000, 13.00000000000000000 ) ) ;
#2135 = CALENDAR_DATE ( 2026, 24, 3 ) ;
#2136 = VECTOR ( 'NONE', #6635, 1000.000000000000000 ) ;
#2137 = CARTESIAN_POINT ( 'NONE',  ( 77.00000000000000000, -53.00000000000000000, 13.00000000000000178 ) ) ;
#2138 = ORIENTED_EDGE ( 'NONE', *, *, #309, .F. ) ;
#2139 = ORIENTED_EDGE ( 'NONE', *, *, #6415, .F. ) ;
#2140 = ORIENTED_EDGE ( 'NONE', *, *, #1441, .T. ) ;
#2141 = CARTESIAN_POINT ( 'NONE',  ( 29.57888850641910139, -40.11309130870348127, -18.05400258436937122 ) ) ;
#2142 = DIRECTION ( 'NONE',  ( 0.000000000000000000, 0.000000000000000000, -1.000000000000000000 ) ) ;
#2143 = CARTESIAN_POINT ( 'NONE',  ( -58.89999999999999858, -20.00000000000000000, 19.90000000000000213 ) ) ;
#2144 = FACE_OUTER_BOUND ( 'NONE', #2721, .T. ) ;
#2145 = ADVANCED_FACE ( 'NONE', ( #8052 ), #4737, .F. ) ;
#2146 = LINE ( 'NONE', #4067, #2923 ) ;
#2147 = EDGE_CURVE ( 'NONE', #4973, #7962, #3024, .T. ) ;
#2148 = EDGE_LOOP ( 'NONE', ( #5521, #6973, #5736, #7354 ) ) ;
#2149 = AXIS2_PLACEMENT_3D ( 'NONE', #913, #8379, #7637 ) ;
#2150 = ORIENTED_EDGE ( 'NONE', *, *, #1890, .T. ) ;
#2151 = DIRECTION ( 'NONE',  ( 0.000000000000000000, 0.000000000000000000, 1.000000000000000000 ) ) ;
#2152 = CARTESIAN_POINT ( 'NONE',  ( -31.00000000000000000, -33.00000000000000000, 16.25000000000000000 ) ) ;
#2153 = CARTESIAN_POINT ( 'NONE',  ( 0.000000000000000000, 11.40217391304303973, 18.21270018560294801 ) ) ;
#2154 = PLANE ( 'NONE',  #3416 ) ;
#2155 = LINE ( 'NONE', #5428, #6694 ) ;
#2156 = AXIS2_PLACEMENT_3D ( 'NONE', #7532, #1559, #1597 ) ;
#2157 = DIRECTION ( 'NONE',  ( 0.000000000000000000, -1.000000000000000000, 0.000000000000000000 ) ) ;
#2158 = EDGE_CURVE ( 'NONE', #5324, #2392, #6337, .T. ) ;
#2159 = VERTEX_POINT ( 'NONE', #2246 ) ;
#2160 = ORIENTED_EDGE ( 'NONE', *, *, #3492, .F. ) ;
#2161 = AXIS2_PLACEMENT_3D ( 'NONE', #1502, #2811, #4163 ) ;
#2162 = AXIS2_PLACEMENT_3D ( 'NONE', #8007, #5256, #2033 ) ;
#2163 = CARTESIAN_POINT ( 'NONE',  ( -17.67766952966355376, -13.60000000000000142, 20.77766952966379321 ) ) ;
#2164 = FACE_BOUND ( 'NONE', #6698, .T. ) ;
#2165 = DIRECTION ( 'NONE',  ( 0.000000000000000000, -1.000000000000000000, 0.000000000000000000 ) ) ;
#2166 = EDGE_CURVE ( 'NONE', #7465, #2133, #5785, .T. ) ;
#2167 = ORIENTED_EDGE ( 'NONE', *, *, #2446, .F. ) ;
#2168 = DIRECTION ( 'NONE',  ( 0.000000000000000000, 0.000000000000000000, -1.000000000000000000 ) ) ;
#2169 = VECTOR ( 'NONE', #3854, 1000.000000000000000 ) ;
#2170 = ORIENTED_EDGE ( 'NONE', *, *, #7566, .T. ) ;
#2171 = CARTESIAN_POINT ( 'NONE',  ( -17.67766952966355376, -13.60000000000000142, 17.67766952966379534 ) ) ;
#2172 = ORIENTED_EDGE ( 'NONE', *, *, #3900, .T. ) ;
#2173 = LINE ( 'NONE', #3572, #2488 ) ;
#2175 = EDGE_LOOP ( 'NONE', ( #3797, #3103, #4061, #6212 ) ) ;
#2174 = EDGE_CURVE ( 'NONE', #7630, #7412, #7606, .T. ) ;
#2176 = DIRECTION ( 'NONE',  ( 0.000000000000000000, 1.000000000000000000, 0.000000000000000000 ) ) ;
#2177 = APPROVAL_DATE_TIME ( #8155, #4142 ) ;
#2178 = LINE ( 'NONE', #2876, #2208 ) ;
#2179 = VECTOR ( 'NONE', #3528, 1000.000000000000000 ) ;
#2180 = ORIENTED_EDGE ( 'NONE', *, *, #229, .F. ) ;
#2181 = ORIENTED_EDGE ( 'NONE', *, *, #2595, .F. ) ;
#2182 = ORIENTED_EDGE ( 'NONE', *, *, #2274, .F. ) ;
#2183 = CARTESIAN_POINT ( 'NONE',  ( -9.500000000000000000, -25.00000000000000000, -12.00000000000000000 ) ) ;
#2184 = CARTESIAN_POINT ( 'NONE',  ( -67.00000000000000000, -53.00000000000000000, -19.75000000000000000 ) ) ;
#2185 = PRODUCT_DEFINITION_FORMATION_WITH_SPECIFIED_SOURCE ( 'ANY', '', #5865, .NOT_KNOWN. ) ;
#2186 = CARTESIAN_POINT ( 'NONE',  ( 2.081668171172170091E-14, -13.60000000000000142, -25.00000000000000000 ) ) ;
#2187 = CARTESIAN_POINT ( 'NONE',  ( -40.00000000000000000, -23.00000000000000000, 10.00000000000000000 ) ) ;
#2188 = CARTESIAN_POINT ( 'NONE',  ( 0.000000000000000000, -24.19999999999999929, 1.699999999999999956 ) ) ;
#2189 = EDGE_LOOP ( 'NONE', ( #1074, #831, #5908, #4006 ) ) ;
#2190 = ORIENTED_EDGE ( 'NONE', *, *, #1508, .F. ) ;
#2191 = DIRECTION ( 'NONE',  ( 0.000000000000000000, -1.000000000000000000, 0.000000000000000000 ) ) ;
#2192 = CIRCLE ( 'NONE', #7071, 3.010000000000029097 ) ;
#2193 = CARTESIAN_POINT ( 'NONE',  ( -40.00000000000000000, 23.00000000000000000, -10.00000000000000000 ) ) ;
#2194 = CARTESIAN_POINT ( 'NONE',  ( -13.00000000000000000, 23.00000000000000000, -14.59247459621600029 ) ) ;
#2195 = CARTESIAN_POINT ( 'NONE',  ( -12.50000000000000000, -23.00000000000000000, 15.45850000000000080 ) ) ;
#2196 = LINE ( 'NONE', #927, #2857 ) ;
#2197 = EDGE_CURVE ( 'NONE', #5128, #2785, #5551, .T. ) ;
#2198 = DIRECTION ( 'NONE',  ( 1.000000000000000000, 0.000000000000000000, 0.000000000000000000 ) ) ;
#2199 = DESIGN_CONTEXT ( 'detailed design', #4828, 'design' ) ;
#2200 = AXIS2_PLACEMENT_3D ( 'NONE', #2600, #2556, #7879 ) ;
#2201 = AXIS2_PLACEMENT_3D ( 'NONE', #6428, #4415, #3156 ) ;
#2202 = EDGE_LOOP ( 'NONE', ( #1898, #56 ) ) ;
#2203 = ORIENTED_EDGE ( 'NONE', *, *, #5043, .T. ) ;
#2204 = ADVANCED_FACE ( 'NONE', ( #2283 ), #4291, .F. ) ;
#2205 = DIRECTION ( 'NONE',  ( -1.000000000000000000, 0.000000000000000000, 0.000000000000000000 ) ) ;
#2206 = VECTOR ( 'NONE', #525, 1000.000000000000000 ) ;
#2207 = DIRECTION ( 'NONE',  ( 0.000000000000000000, 0.000000000000000000, -1.000000000000000000 ) ) ;
#2208 = VECTOR ( 'NONE', #7586, 1000.000000000000000 ) ;
#2209 = DIRECTION ( 'NONE',  ( 0.000000000000000000, -0.7380952380954938219, 0.6746965388237563532 ) ) ;
#2210 = ADVANCED_FACE ( 'NONE', ( #5507 ), #6951, .F. ) ;
#2211 = CARTESIAN_POINT ( 'NONE',  ( -75.89999999999999147, -53.00000000000000000, -8.250000000000571987 ) ) ;
#2212 = ORIENTED_EDGE ( 'NONE', *, *, #6424, .F. ) ;
#2213 = CARTESIAN_POINT ( 'NONE',  ( -46.00000000000000000, -30.00000000000000000, -7.250000000000000000 ) ) ;
#2214 = CONTEXT_DEPENDENT_SHAPE_REPRESENTATION ( #7963, #5373 ) ;
#2215 = MANIFOLD_SOLID_BREP ( 'NONE', #2958 ) ;
#2216 = CIRCLE ( 'NONE', #1519, 3.009999999999998899 ) ;
#2217 = ORIENTED_EDGE ( 'NONE', *, *, #5499, .F. ) ;
#2218 = CARTESIAN_POINT ( 'NONE',  ( 0.000000000000000000, -11.24999999999893951, -19.49999999999894840 ) ) ;
#2219 = ORIENTED_EDGE ( 'NONE', *, *, #6095, .T. ) ;
#2220 = ORIENTED_EDGE ( 'NONE', *, *, #4721, .T. ) ;
#2221 = CIRCLE ( 'NONE', #967, 2.458500000000000796 ) ;
#2222 = AXIS2_PLACEMENT_3D ( 'NONE', #145, #5884, #3310 ) ;
#2223 = LINE ( 'NONE', #4883, #8208 ) ;
#2224 = CIRCLE ( 'NONE', #559, 1.589999999999434532 ) ;
#2225 = APPROVAL_STATUS ( 'not_yet_approved' ) ;
#2226 = DIRECTION ( 'NONE',  ( 0.000000000000000000, 1.000000000000000000, 0.000000000000000000 ) ) ;
#2227 = VERTEX_POINT ( 'NONE', #4247 ) ;
#2228 = EDGE_CURVE ( 'NONE', #3538, #8408, #1043, .T. ) ;
#2229 = EDGE_CURVE ( 'NONE', #3055, #2473, #883, .T. ) ;
#2230 = CIRCLE ( 'NONE', #3065, 5.250000000000000888 ) ;
#2231 = ORIENTED_EDGE ( 'NONE', *, *, #1050, .T. ) ;
#2232 = ORIENTED_EDGE ( 'NONE', *, *, #5393, .T. ) ;
#2233 = ORIENTED_EDGE ( 'NONE', *, *, #4331, .F. ) ;
#2234 = VECTOR ( 'NONE', #1955, 1000.000000000000000 ) ;
#2235 = CARTESIAN_POINT ( 'NONE',  ( -42.76045286139795110, -24.19999999999999929, -1.699999999999999956 ) ) ;
#2236 = CARTESIAN_POINT ( 'NONE',  ( -85.00000000000000000, -20.00000000000000000, -20.00000000000000000 ) ) ;
#2237 = DIRECTION ( 'NONE',  ( 1.000000000000000000, 0.000000000000000000, 0.000000000000000000 ) ) ;
#2238 = DIRECTION ( 'NONE',  ( 0.000000000000000000, 1.000000000000000000, 0.000000000000000000 ) ) ;
#2239 = DIRECTION ( 'NONE',  ( 0.000000000000000000, 0.000000000000000000, 1.000000000000000000 ) ) ;
#2240 = ORIENTED_EDGE ( 'NONE', *, *, #8146, .T. ) ;
#2241 = EDGE_CURVE ( 'NONE', #780, #3840, #3637, .T. ) ;
#2242 = ORIENTED_EDGE ( 'NONE', *, *, #4232, .T. ) ;
#2243 = CARTESIAN_POINT ( 'NONE',  ( -17.67766952966359995, -19.50000000000000000, -17.67766952966377403 ) ) ;
#2244 = DIRECTION ( 'NONE',  ( 0.000000000000000000, 0.000000000000000000, -1.000000000000000000 ) ) ;
#2245 = DIRECTION ( 'NONE',  ( 0.000000000000000000, 0.000000000000000000, -1.000000000000000000 ) ) ;
#2246 = CARTESIAN_POINT ( 'NONE',  ( -78.64644660940700760, -53.00000000000000000, 8.900000000000000355 ) ) ;
#2247 = CIRCLE ( 'NONE', #711, 3.099999999999998757 ) ;
#2248 = DIRECTION ( 'NONE',  ( 0.000000000000000000, -1.000000000000000000, 0.000000000000000000 ) ) ;
#2249 = DIRECTION ( 'NONE',  ( 0.000000000000000000, -1.000000000000000000, 0.000000000000000000 ) ) ;
#2250 = ORIENTED_EDGE ( 'NONE', *, *, #3408, .F. ) ;
#2251 = EDGE_LOOP ( 'NONE', ( #89, #8456, #6831, #4360 ) ) ;
#2252 = CARTESIAN_POINT ( 'NONE',  ( 28.04842788558745070, -25.00000000000000000, -20.00000000000000000 ) ) ;
#2253 = FACE_OUTER_BOUND ( 'NONE', #5557, .T. ) ;
#2254 = DIRECTION ( 'NONE',  ( 0.000000000000000000, 1.000000000000000000, 0.000000000000000000 ) ) ;
#2255 = CARTESIAN_POINT ( 'NONE',  ( -85.00000000000000000, -25.00000000000000000, 20.00000000000000000 ) ) ;
#2256 = CARTESIAN_POINT ( 'NONE',  ( -12.96924291490699943, -55.20100000000000051, 20.00000000000000000 ) ) ;
#2257 = ORIENTED_EDGE ( 'NONE', *, *, #4442, .F. ) ;
#2258 = EDGE_CURVE ( 'NONE', #7533, #2889, #4205, .T. ) ;
#2259 = EDGE_CURVE ( 'NONE', #2491, #7602, #5598, .T. ) ;
#2260 = CARTESIAN_POINT ( 'NONE',  ( 0.000000000000000000, 23.00000000000000000, -10.54150000000000098 ) ) ;
#2261 = ORIENTED_EDGE ( 'NONE', *, *, #8020, .F. ) ;
#2262 = DIRECTION ( 'NONE',  ( 0.000000000000000000, -1.000000000000000000, 0.000000000000000000 ) ) ;
#2263 = ORIENTED_EDGE ( 'NONE', *, *, #5724, .F. ) ;
#2264 = CARTESIAN_POINT ( 'NONE',  ( -48.00000000000000000, 29.45849999999999724, -13.00000000000000000 ) ) ;
#2265 = DATE_AND_TIME ( #7584, #228 ) ;
#2266 = DIRECTION ( 'NONE',  ( -1.420063268717216275E-07, 0.000000000000000000, 0.9999999999999898970 ) ) ;
#2267 = ORIENTED_EDGE ( 'NONE', *, *, #4189, .F. ) ;
#2268 = EDGE_CURVE ( 'NONE', #867, #1017, #760, .T. ) ;
#2269 = ORIENTED_EDGE ( 'NONE', *, *, #4285, .F. ) ;
#2270 = LINE ( 'NONE', #4274, #7166 ) ;
#2272 = CARTESIAN_POINT ( 'NONE',  ( 17.67766952966359995, -13.60000000000000142, -17.67766952966378469 ) ) ;
#2271 = VECTOR ( 'NONE', #5058, 1000.000000000000000 ) ;
#2273 = CARTESIAN_POINT ( 'NONE',  ( 40.31128874149275276, -19.50000000000000000, 20.00000000000000000 ) ) ;
#2274 = EDGE_CURVE ( 'NONE', #2785, #4143, #6057, .T. ) ;
#2275 = CARTESIAN_POINT ( 'NONE',  ( -43.00000000000000000, 23.00000000000000000, 20.00000000000000000 ) ) ;
#2276 = CC_DESIGN_DATE_AND_TIME_ASSIGNMENT ( #1036, #6451, ( #7558 ) ) ;
#2277 = FACE_BOUND ( 'NONE', #5003, .T. ) ;
#2278 = ORIENTED_EDGE ( 'NONE', *, *, #327, .T. ) ;
#2279 = ORIENTED_EDGE ( 'NONE', *, *, #1906, .F. ) ;
#2280 = CARTESIAN_POINT ( 'NONE',  ( -31.00000000000000000, -53.00000000000000000, 13.00000000000000178 ) ) ;
#2281 = DIRECTION ( 'NONE',  ( 1.000000000000000000, 0.000000000000000000, 0.000000000000000000 ) ) ;
#2282 = DIRECTION ( 'NONE',  ( 0.000000000000000000, 0.000000000000000000, -1.000000000000000000 ) ) ;
#2283 = FACE_OUTER_BOUND ( 'NONE', #5479, .T. ) ;
#2284 = ADVANCED_FACE ( 'NONE', ( #1675 ), #1012, .F. ) ;
#2285 = CARTESIAN_POINT ( 'NONE',  ( -31.00000000000000000, -30.00000000000000000, 12.00000000000000000 ) ) ;
#2286 = VECTOR ( 'NONE', #6851, 1000.000000000000000 ) ;
#2287 = DIRECTION ( 'NONE',  ( 0.000000000000000000, 0.000000000000000000, 1.000000000000000000 ) ) ;
#2288 = UNCERTAINTY_MEASURE_WITH_UNIT (LENGTH_MEASURE( 1.000000000000000082E-05 ), #3846, 'distance_accuracy_value', 'NONE');
#2289 = VERTEX_POINT ( 'NONE', #6907 ) ;
#2290 = ORIENTED_EDGE ( 'NONE', *, *, #1614, .F. ) ;
#2291 = FACE_OUTER_BOUND ( 'NONE', #7683, .T. ) ;
#2292 = CARTESIAN_POINT ( 'NONE',  ( -40.00000000000000000, -23.00000000000000000, -1.699999999999999956 ) ) ;
#2293 = CARTESIAN_POINT ( 'NONE',  ( -67.00000000000000000, 53.00000000000000000, -19.75000000000000000 ) ) ;
#2294 = AXIS2_PLACEMENT_3D ( 'NONE', #2384, #3168, #5078 ) ;
#2295 = DIRECTION ( 'NONE',  ( 1.000000000000000000, 0.000000000000000000, 0.000000000000000000 ) ) ;
#2296 = FACE_OUTER_BOUND ( 'NONE', #7164, .T. ) ;
#2297 = AXIS2_PLACEMENT_3D ( 'NONE', #4979, #8175, #5635 ) ;
#2298 = ORIENTED_EDGE ( 'NONE', *, *, #5071, .F. ) ;
#2299 = CIRCLE ( 'NONE', #1044, 3.249999999999999556 ) ;
#2300 = AXIS2_PLACEMENT_3D ( 'NONE', #8400, #3121, #8490 ) ;
#2301 = CYLINDRICAL_SURFACE ( 'NONE', #7089, 5.250000000000004441 ) ;
#2302 = ORIENTED_EDGE ( 'NONE', *, *, #440, .F. ) ;
#2303 = DIRECTION ( 'NONE',  ( 0.000000000000000000, 0.000000000000000000, -1.000000000000000000 ) ) ;
#2304 = ORIENTED_EDGE ( 'NONE', *, *, #6808, .F. ) ;
#2305 = VECTOR ( 'NONE', #3718, 1000.000000000000000 ) ;
#2306 = DIRECTION ( 'NONE',  ( 0.000000000000000000, 0.000000000000000000, 1.000000000000000000 ) ) ;
#2307 = EDGE_CURVE ( 'NONE', #2621, #2870, #2196, .T. ) ;
#2308 = MECHANICAL_CONTEXT ( 'NONE', #1277, 'mechanical' ) ;
#2309 = DIRECTION ( 'NONE',  ( 0.000000000000000000, 0.000000000000000000, 1.000000000000000000 ) ) ;
#2310 = ORIENTED_EDGE ( 'NONE', *, *, #4498, .F. ) ;
#2311 = AXIS2_PLACEMENT_3D ( 'NONE', #6026, #3116, #7333 ) ;
#2312 = VERTEX_POINT ( 'NONE', #6208 ) ;
#2313 = EDGE_CURVE ( 'NONE', #4188, #6274, #4109, .T. ) ;
#2314 = DIRECTION ( 'NONE',  ( 0.000000000000000000, 1.000000000000000000, 0.000000000000000000 ) ) ;
#2315 = EDGE_CURVE ( 'NONE', #8147, #8289, #275, .T. ) ;
#2316 = DIRECTION ( 'NONE',  ( -1.000000000000000000, 0.000000000000000000, 0.000000000000000000 ) ) ;
#2317 = CYLINDRICAL_SURFACE ( 'NONE', #7847, 5.000000000000000888 ) ;
#2318 = CARTESIAN_POINT ( 'NONE',  ( -40.00000000000000000, -23.00000000000000000, 2.299999999999999822 ) ) ;
#2319 = ORIENTED_EDGE ( 'NONE', *, *, #7003, .T. ) ;
#2320 = EDGE_CURVE ( 'NONE', #879, #6022, #6760, .T. ) ;
#2321 = ORIENTED_EDGE ( 'NONE', *, *, #75, .T. ) ;
#2322 = CIRCLE ( 'NONE', #6505, 0.2000000000010535017 ) ;
#2323 = DIRECTION ( 'NONE',  ( 0.000000000000000000, -1.000000000000000000, 0.000000000000000000 ) ) ;
#2324 = FACE_OUTER_BOUND ( 'NONE', #5000, .T. ) ;
#2325 = DIRECTION ( 'NONE',  ( 0.000000000000000000, 0.000000000000000000, -1.000000000000000000 ) ) ;
#2326 = DIRECTION ( 'NONE',  ( 2.775557561562890957E-15, 0.000000000000000000, -1.000000000000000000 ) ) ;
#2327 = DIRECTION ( 'NONE',  ( 1.000000000000000000, 0.000000000000000000, 0.000000000000000000 ) ) ;
#2328 = AXIS2_PLACEMENT_3D ( 'NONE', #577, #5894, #7906 ) ;
#2329 = CYLINDRICAL_SURFACE ( 'NONE', #1414, 0.2500000000000002220 ) ;
#2330 = EDGE_LOOP ( 'NONE', ( #4944, #2341, #1061, #1411 ) ) ;
#2331 = AXIS2_PLACEMENT_3D ( 'NONE', #7803, #4487, #7754 ) ;
#2332 = VERTEX_POINT ( 'NONE', #1107 ) ;
#2333 = CC_DESIGN_PERSON_AND_ORGANIZATION_ASSIGNMENT ( #2793, #7373, ( #5865 ) ) ;
#2334 = DIRECTION ( 'NONE',  ( 0.000000000000000000, 0.000000000000000000, 1.000000000000000000 ) ) ;
#2335 = DIRECTION ( 'NONE',  ( 1.000000000000000000, 0.000000000000000000, 0.000000000000000000 ) ) ;
#2336 = DIRECTION ( 'NONE',  ( 0.000000000000000000, 0.000000000000000000, 1.000000000000000000 ) ) ;
#2337 = CARTESIAN_POINT ( 'NONE',  ( -67.00000000000000000, 11.25000000000069988, -18.34248115566069970 ) ) ;
#2338 = FACE_OUTER_BOUND ( 'NONE', #351, .T. ) ;
#2339 = AXIS2_PLACEMENT_3D ( 'NONE', #149, #4124, #6871 ) ;
#2340 = CIRCLE ( 'NONE', #8328, 3.000000000000000888 ) ;
#2341 = ORIENTED_EDGE ( 'NONE', *, *, #68, .F. ) ;
#2342 = VECTOR ( 'NONE', #6124, 1000.000000000000000 ) ;
#2343 = EDGE_CURVE ( 'NONE', #7449, #1124, #6624, .T. ) ;
#2344 = DIRECTION ( 'NONE',  ( 0.000000000000000000, 1.224646799147352221E-16, 1.000000000000000000 ) ) ;
#2345 = ORIENTED_EDGE ( 'NONE', *, *, #2541, .T. ) ;
#2346 = AXIS2_PLACEMENT_3D ( 'NONE', #1149, #3715, #7775 ) ;
#2347 = LINE ( 'NONE', #5001, #2813 ) ;
#2348 = DIRECTION ( 'NONE',  ( -0.000000000000000000, 1.000000000000000000, 0.000000000000000000 ) ) ;
#2349 = AXIS2_PLACEMENT_3D ( 'NONE', #8544, #4656, #1914 ) ;
#2350 = ORIENTED_EDGE ( 'NONE', *, *, #6503, .F. ) ;
#2352 = CARTESIAN_POINT ( 'NONE',  ( 17.67766952966359995, -13.60000000000000142, -17.67766952966378469 ) ) ;
#2351 = AXIS2_PLACEMENT_3D ( 'NONE', #2487, #6452, #8508 ) ;
#2353 = PERSON_AND_ORGANIZATION ( #2440, #369 ) ;
#2354 = CIRCLE ( 'NONE', #7083, 2.500000000000002220 ) ;
#2355 = CARTESIAN_POINT ( 'NONE',  ( 17.67766952966359995, -19.50000000000000000, -17.67766952966378469 ) ) ;
#2356 = EDGE_LOOP ( 'NONE', ( #2734, #2100, #8520, #7493 ) ) ;
#2357 = ORIENTED_EDGE ( 'NONE', *, *, #2957, .T. ) ;
#2358 = CARTESIAN_POINT ( 'NONE',  ( -31.00000000000000000, -49.79999999999999716, 13.00000000000000178 ) ) ;
#2359 = AXIS2_PLACEMENT_3D ( 'NONE', #138, #2151, #3012 ) ;
#2360 = AXIS2_PLACEMENT_3D ( 'NONE', #6668, #2812, #6168 ) ;
#2361 = ORIENTED_EDGE ( 'NONE', *, *, #3500, .T. ) ;
#2362 = FACE_OUTER_BOUND ( 'NONE', #360, .T. ) ;
#2363 = DIRECTION ( 'NONE',  ( 0.000000000000000000, 0.000000000000000000, -1.000000000000000000 ) ) ;
#2364 = PLANE ( 'NONE',  #169 ) ;
#2365 = CARTESIAN_POINT ( 'NONE',  ( 90.00000000000000000, -10.00000000000000178, -20.00000000000000000 ) ) ;
#2366 = VECTOR ( 'NONE', #838, 1000.000000000000000 ) ;
#2367 = EDGE_CURVE ( 'NONE', #5394, #7610, #4470, .T. ) ;
#2368 = CIRCLE ( 'NONE', #3479, 5.250000000000000888 ) ;
#2369 = ORIENTED_EDGE ( 'NONE', *, *, #6311, .F. ) ;
#2370 = ADVANCED_FACE ( 'NONE', ( #7211 ), #3208, .F. ) ;
#2371 = ORIENTED_EDGE ( 'NONE', *, *, #6583, .T. ) ;
#2372 = EDGE_CURVE ( 'NONE', #1700, #1591, #3250, .T. ) ;
#2373 = DIRECTION ( 'NONE',  ( 0.000000000000000000, 0.7608695652141669319, 0.6489048502907066585 ) ) ;
#2374 = CARTESIAN_POINT ( 'NONE',  ( -40.00000000000000000, 23.00000000000000000, 19.45850000000000080 ) ) ;
#2375 = DIRECTION ( 'NONE',  ( 0.000000000000000000, -1.000000000000000000, 0.000000000000000000 ) ) ;
#2376 = DIRECTION ( 'NONE',  ( -1.000000000000000000, 0.000000000000000000, 0.000000000000000000 ) ) ;
#2377 = CARTESIAN_POINT ( 'NONE',  ( 2.081668171172170091E-14, -10.00000000000000178, 0.000000000000000000 ) ) ;
#2378 = CARTESIAN_POINT ( 'NONE',  ( -31.00000127116289761, -25.00000000000000000, 11.75000000000322053 ) ) ;
#2379 = EDGE_LOOP ( 'NONE', ( #840, #6500, #1484, #1114 ) ) ;
#2380 = EDGE_LOOP ( 'NONE', ( #4740, #4031 ) ) ;
#2381 = DIRECTION ( 'NONE',  ( 0.000000000000000000, 0.000000000000000000, -1.000000000000000000 ) ) ;
#2382 = DIRECTION ( 'NONE',  ( 0.000000000000000000, 1.000000000000000000, -5.256212132182038372E-12 ) ) ;
#2383 = CYLINDRICAL_SURFACE ( 'NONE', #485, 3.009999999999998899 ) ;
#2384 = CARTESIAN_POINT ( 'NONE',  ( -17.67766952966359995, -55.20100000000000051, -17.67766952966377403 ) ) ;
#2385 = DIRECTION ( 'NONE',  ( 1.000000000000000000, 1.923669556980199114E-10, 0.000000000000000000 ) ) ;
#2386 = EDGE_CURVE ( 'NONE', #4548, #6454, #4511, .T. ) ;
#2387 = CC_DESIGN_PERSON_AND_ORGANIZATION_ASSIGNMENT ( #7627, #6360, ( #6631 ) ) ;
#2388 = ORIENTED_EDGE ( 'NONE', *, *, #5105, .F. ) ;
#2389 = ORIENTED_EDGE ( 'NONE', *, *, #3522, .T. ) ;
#2390 = DIRECTION ( 'NONE',  ( 1.000000000000000000, 0.000000000000000000, 0.000000000000000000 ) ) ;
#2391 = ORIENTED_EDGE ( 'NONE', *, *, #3963, .F. ) ;
#2392 = VERTEX_POINT ( 'NONE', #7830 ) ;
#2393 = CARTESIAN_POINT ( 'NONE',  ( -56.50000000000000000, -20.00000000000000000, -19.80000000000000071 ) ) ;
#2394 = ORIENTED_EDGE ( 'NONE', *, *, #5043, .F. ) ;
#2395 = CARTESIAN_POINT ( 'NONE',  ( -40.00000000000000000, -23.00000000000000000, -10.00000000000000000 ) ) ;
#2396 = APPLICATION_PROTOCOL_DEFINITION ( 'international standard', 'config_control_design', 1994, #7509 ) ;
#2397 = ADVANCED_FACE ( 'NONE', ( #8390 ), #540, .F. ) ;
#2398 = LINE ( 'NONE', #5095, #3048 ) ;
#2399 = EDGE_LOOP ( 'NONE', ( #6548, #8167, #5107, #2643 ) ) ;
#2400 = EDGE_LOOP ( 'NONE', ( #6567, #4559, #1537, #4157 ) ) ;
#2401 = ORIENTED_EDGE ( 'NONE', *, *, #5664, .T. ) ;
#2402 = CARTESIAN_POINT ( 'NONE',  ( 17.67766952966359995, -13.60000000000000142, -17.67766952966378469 ) ) ;
#2403 = ORIENTED_EDGE ( 'NONE', *, *, #7678, .T. ) ;
#2404 = DIRECTION ( 'NONE',  ( 1.000000000000000000, 0.000000000000000000, 0.000000000000000000 ) ) ;
#2405 = DIRECTION ( 'NONE',  ( -0.7071067811865475727, 0.000000000000000000, 0.7071067811865475727 ) ) ;
#2406 = DIRECTION ( 'NONE',  ( 0.000000000000000000, 1.000000000000000000, 0.000000000000000000 ) ) ;
#2407 = CARTESIAN_POINT ( 'NONE',  ( -67.00000000000000000, 11.24999999999893951, -19.49999999999894840 ) ) ;
#2408 = ORIENTED_EDGE ( 'NONE', *, *, #6396, .F. ) ;
#2409 = ORIENTED_EDGE ( 'NONE', *, *, #912, .F. ) ;
#2410 = CARTESIAN_POINT ( 'NONE',  ( 54.00000000000000000, -55.19999999999999574, 0.000000000000000000 ) ) ;
#2411 = CARTESIAN_POINT ( 'NONE',  ( 29.78648123762618383, -40.55827535742458423, -7.887625380520355556 ) ) ;
#2412 = EDGE_CURVE ( 'NONE', #7090, #8376, #1894, .T. ) ;
#2413 = CARTESIAN_POINT ( 'NONE',  ( 32.59978331230876591, -42.77194812977052862, -18.00600013503200358 ) ) ;
#2414 = CARTESIAN_POINT ( 'NONE',  ( -17.67766952966355376, -55.20100000000000051, 17.67766952966379534 ) ) ;
#2415 = FACE_OUTER_BOUND ( 'NONE', #658, .T. ) ;
#2416 = EDGE_CURVE ( 'NONE', #3604, #4636, #5814, .T. ) ;
#2417 = AXIS2_PLACEMENT_3D ( 'NONE', #2964, #7546, #6804 ) ;
#2418 = LINE ( 'NONE', #4294, #4890 ) ;
#2419 = ORIENTED_EDGE ( 'NONE', *, *, #217, .T. ) ;
#2420 = VERTEX_POINT ( 'NONE', #1193 ) ;
#2421 = DIRECTION ( 'NONE',  ( 0.000000000000000000, -1.000000000000000000, 0.000000000000000000 ) ) ;
#2422 = CARTESIAN_POINT ( 'NONE',  ( 0.000000000000000000, -23.00000000000000000, 10.54150000000000098 ) ) ;
#2423 = LINE ( 'NONE', #5913, #4667 ) ;
#2424 = ADVANCED_FACE ( 'NONE', ( #4554 ), #1606, .F. ) ;
#2425 = DIRECTION ( 'NONE',  ( 0.000000000000000000, 0.000000000000000000, 1.000000000000000000 ) ) ;
#2426 = CARTESIAN_POINT ( 'NONE',  ( -48.00000000000000000, 19.50000000000000000, 13.00000000000000000 ) ) ;
#2427 = EDGE_CURVE ( 'NONE', #7447, #8115, #8478, .T. ) ;
#2428 = ORIENTED_EDGE ( 'NONE', *, *, #5271, .F. ) ;
#2429 = VERTEX_POINT ( 'NONE', #5247 ) ;
#2430 = CIRCLE ( 'NONE', #2844, 5.000000000000004441 ) ;
#2431 = FACE_OUTER_BOUND ( 'NONE', #8168, .T. ) ;
#2432 = ORIENTED_EDGE ( 'NONE', *, *, #3278, .T. ) ;
#2433 = DIRECTION ( 'NONE',  ( 1.000000000000000000, 0.000000000000000000, 0.000000000000000000 ) ) ;
#2434 = EDGE_CURVE ( 'NONE', #5544, #176, #1285, .T. ) ;
#2435 = DIRECTION ( 'NONE',  ( 1.000000000000000000, 7.455831558639569157E-17, 0.000000000000000000 ) ) ;
#2436 = ORIENTED_EDGE ( 'NONE', *, *, #4592, .F. ) ;
#2437 = LINE ( 'NONE', #8120, #6940 ) ;
#2438 = LINE ( 'NONE', #5180, #260 ) ;
#2439 = CALENDAR_DATE ( 2026, 24, 3 ) ;
#2440 = PERSON ( 'UNSPECIFIED', 'UNSPECIFIED', 'UNSPECIFIED', ('UNSPECIFIED'), ('UNSPECIFIED'), ('UNSPECIFIED') ) ;
#2441 = CIRCLE ( 'NONE', #7585, 5.000000000000004441 ) ;
#2442 = VECTOR ( 'NONE', #7041, 1000.000000000000000 ) ;
#2443 = CARTESIAN_POINT ( 'NONE',  ( -77.00000000000000000, -49.79999999999999716, -16.25000000000000000 ) ) ;
#2444 = ORIENTED_EDGE ( 'NONE', *, *, #7213, .T. ) ;
#2445 = ORIENTED_EDGE ( 'NONE', *, *, #4964, .T. ) ;
#2446 = EDGE_CURVE ( 'NONE', #7444, #497, #4417, .T. ) ;
#2447 = LINE ( 'NONE', #5100, #7225 ) ;
#2448 = VECTOR ( 'NONE', #6254, 1000.000000000000000 ) ;
#2449 = AXIS2_PLACEMENT_3D ( 'NONE', #3157, #8303, #7653 ) ;
#2450 = ORIENTED_EDGE ( 'NONE', *, *, #2052, .F. ) ;
#2451 = CARTESIAN_POINT ( 'NONE',  ( -67.00000000000000000, -14.55000000000000071, 18.26686273152999718 ) ) ;
#2452 = CARTESIAN_POINT ( 'NONE',  ( 0.000000000000000000, 23.00000000000000000, -13.00000000000000000 ) ) ;
#2453 = CARTESIAN_POINT ( 'NONE',  ( -72.59999999999999432, 53.00000000000000000, 8.900000000000000355 ) ) ;
#2454 = EDGE_LOOP ( 'NONE', ( #116, #2233, #2903, #3053, #6056, #5534, #8189, #6661, #999 ) ) ;
#2455 = ORIENTED_EDGE ( 'NONE', *, *, #5339, .T. ) ;
#2456 = DIRECTION ( 'NONE',  ( 0.000000000000000000, 0.000000000000000000, -1.000000000000000000 ) ) ;
#2457 = FACE_OUTER_BOUND ( 'NONE', #2007, .T. ) ;
#2458 = DIRECTION ( 'NONE',  ( 0.000000000000000000, 0.000000000000000000, -1.000000000000000000 ) ) ;
#2459 = CARTESIAN_POINT ( 'NONE',  ( -46.00000000000000000, -30.00000000000000000, 1.699999999999999956 ) ) ;
#2460 = DIRECTION ( 'NONE',  ( 1.000000000000000000, 0.000000000000000000, 0.000000000000000000 ) ) ;
#2461 = DIRECTION ( 'NONE',  ( 0.000000000000000000, -1.000000000000000000, 0.000000000000000000 ) ) ;
#2462 = ORIENTED_EDGE ( 'NONE', *, *, #2641, .T. ) ;
#2463 = AXIS2_PLACEMENT_3D ( 'NONE', #8190, #2130, #2917 ) ;
#2464 = ORIENTED_EDGE ( 'NONE', *, *, #4886, .T. ) ;
#2465 = ORIENTED_EDGE ( 'NONE', *, *, #3459, .T. ) ;
#2466 = CARTESIAN_POINT ( 'NONE',  ( 29.57888850641909073, -40.11309130870347417, -7.945997415630637661 ) ) ;
#2467 = LINE ( 'NONE', #1722, #6240 ) ;
#2468 = ADVANCED_FACE ( 'NONE', ( #8524 ), #5112, .F. ) ;
#2469 = LINE ( 'NONE', #3778, #1888 ) ;
#2470 = DIRECTION ( 'NONE',  ( 0.000000000000000000, -1.000000000000000000, 0.000000000000000000 ) ) ;
#2471 = DIRECTION ( 'NONE',  ( 1.000000000000000000, 0.000000000000000000, 0.000000000000000000 ) ) ;
#2472 = CC_DESIGN_APPROVAL ( #2756, ( #3865 ) ) ;
#2473 = VERTEX_POINT ( 'NONE', #2549 ) ;
#2474 = EDGE_CURVE ( 'NONE', #6143, #6947, #3698, .T. ) ;
#2475 = ORIENTED_EDGE ( 'NONE', *, *, #5056, .T. ) ;
#2476 = EDGE_CURVE ( 'NONE', #2005, #849, #6766, .T. ) ;
#2477 = CARTESIAN_POINT ( 'NONE',  ( 17.67766952966359995, -55.20100000000000051, 17.67766952966379534 ) ) ;
#2478 = EDGE_LOOP ( 'NONE', ( #5756, #71 ) ) ;
#2479 = LINE ( 'NONE', #1775, #3934 ) ;
#2480 = EDGE_CURVE ( 'NONE', #6706, #6422, #6468, .T. ) ;
#2481 = DIRECTION ( 'NONE',  ( 0.000000000000000000, 0.000000000000000000, -1.000000000000000000 ) ) ;
#2482 = CIRCLE ( 'NONE', #6659, 14.50000000000000000 ) ;
#2483 = EDGE_LOOP ( 'NONE', ( #1032, #7114, #598, #2880, #7310, #830, #6586, #6968 ) ) ;
#2484 = DIRECTION ( 'NONE',  ( 0.000000000000000000, 1.000000000000000000, 0.000000000000000000 ) ) ;
#2485 = CARTESIAN_POINT ( 'NONE',  ( -37.54149999999999920, 23.00000000000000000, 19.45850000000000080 ) ) ;
#2486 = DATE_AND_TIME ( #7810, #5963 ) ;
#2487 = CARTESIAN_POINT ( 'NONE',  ( -56.50000000000000000, 20.00000000000000000, 19.80000000000000071 ) ) ;
#2488 = VECTOR ( 'NONE', #6925, 1000.000000000000000 ) ;
#2489 = ORIENTED_EDGE ( 'NONE', *, *, #2854, .F. ) ;
#2490 = VECTOR ( 'NONE', #7348, 1000.000000000000000 ) ;
#2491 = VERTEX_POINT ( 'NONE', #4679 ) ;
#2492 = ORIENTED_EDGE ( 'NONE', *, *, #3510, .T. ) ;
#2493 = CARTESIAN_POINT ( 'NONE',  ( -59.20000000000000284, -20.00000000000000000, -20.00000000000000000 ) ) ;
#2494 = VECTOR ( 'NONE', #1872, 1000.000000000000000 ) ;
#2495 = DIRECTION ( 'NONE',  ( 0.000000000000000000, 0.000000000000000000, -1.000000000000000000 ) ) ;
#2496 = AXIS2_PLACEMENT_3D ( 'NONE', #4448, #5713, #3140 ) ;
#2497 = VECTOR ( 'NONE', #6125, 1000.000000000000000 ) ;
#2498 = DIRECTION ( 'NONE',  ( 0.000000000000000000, 0.000000000000000000, -1.000000000000000000 ) ) ;
#2499 = DIRECTION ( 'NONE',  ( 0.000000000000000000, 0.000000000000000000, -1.000000000000000000 ) ) ;
#2500 = EDGE_CURVE ( 'NONE', #4485, #5922, #770, .T. ) ;
#2501 = ADVANCED_FACE ( 'NONE', ( #1449 ), #5415, .F. ) ;
#2502 = VERTEX_POINT ( 'NONE', #8086 ) ;
#2503 = ORIENTED_EDGE ( 'NONE', *, *, #5403, .F. ) ;
#2504 = CARTESIAN_POINT ( 'NONE',  ( -82.25000000000000000, -49.79999999999999716, -13.00000000000000178 ) ) ;
#2505 = CARTESIAN_POINT ( 'NONE',  ( 33.27615768710203525, -42.93461819913159871, -8.262845602705732873 ) ) ;
#2506 = LINE ( 'NONE', #4370, #4387 ) ;
#2507 = CARTESIAN_POINT ( 'NONE',  ( -95.00000000000000000, -10.00000000000000178, 20.00000000000000000 ) ) ;
#2508 = AXIS2_PLACEMENT_3D ( 'NONE', #6391, #5119, #2988 ) ;
#2509 = CIRCLE ( 'NONE', #697, 5.000000000000004441 ) ;
#2510 = CARTESIAN_POINT ( 'NONE',  ( 28.91353514847780204, -38.68623642801406248, -8.133085033509447115 ) ) ;
#2511 = VECTOR ( 'NONE', #2001, 1000.000000000000227 ) ;
#2512 = EDGE_CURVE ( 'NONE', #5950, #6122, #3292, .T. ) ;
#2513 = DIRECTION ( 'NONE',  ( -0.000000000000000000, 1.000000000000000000, 0.000000000000000000 ) ) ;
#2514 = VERTEX_POINT ( 'NONE', #4762 ) ;
#2515 = ORIENTED_EDGE ( 'NONE', *, *, #3325, .T. ) ;
#2516 = ORIENTED_EDGE ( 'NONE', *, *, #2343, .F. ) ;
#2517 = AXIS2_PLACEMENT_3D ( 'NONE', #3760, #1795, #6506 ) ;
#2518 = PLANE ( 'NONE',  #6399 ) ;
#2519 = CARTESIAN_POINT ( 'NONE',  ( 0.000000000000000000, 30.00000000000000000, 1.699999999999999956 ) ) ;
#2520 = DIRECTION ( 'NONE',  ( -1.000000000000000000, 0.000000000000000000, 0.000000000000000000 ) ) ;
#2521 = DIRECTION ( 'NONE',  ( 0.000000000000000000, 1.000000000000000000, 0.000000000000000000 ) ) ;
#2522 = LINE ( 'NONE', #3952, #2932 ) ;
#2523 = EDGE_LOOP ( 'NONE', ( #4582, #3419, #5261, #7715 ) ) ;
#2524 = ORIENTED_EDGE ( 'NONE', *, *, #8411, .T. ) ;
#2525 = CARTESIAN_POINT ( 'NONE',  ( -46.00000000000000000, 19.80000000000000071, 2.299999999999999822 ) ) ;
#2526 = DIRECTION ( 'NONE',  ( 0.000000000000000000, 0.000000000000000000, -1.000000000000000000 ) ) ;
#2527 = CARTESIAN_POINT ( 'NONE',  ( -17.67766952966359995, -6.600000000000001421, -14.57766952966377438 ) ) ;
#2528 = ORIENTED_EDGE ( 'NONE', *, *, #277, .F. ) ;
#2529 = DIRECTION ( 'NONE',  ( 0.000000000000000000, 1.000000000000000000, 0.000000000000000000 ) ) ;
#2530 = EDGE_CURVE ( 'NONE', #4080, #4440, #8159, .T. ) ;
#2531 = DIRECTION ( 'NONE',  ( 0.000000000000000000, 0.000000000000000000, 1.000000000000000000 ) ) ;
#2532 = COORDINATED_UNIVERSAL_TIME_OFFSET ( 6, 0, .BEHIND. ) ;
#2533 = CARTESIAN_POINT ( 'NONE',  ( -25.75000000000000000, -49.79999999999999716, 13.00000000000000178 ) ) ;
#2534 = ADVANCED_FACE ( 'NONE', ( #2108, #2144 ), #4106, .T. ) ;
#2535 = ORIENTED_EDGE ( 'NONE', *, *, #1459, .F. ) ;
#2536 = ORIENTED_EDGE ( 'NONE', *, *, #6341, .T. ) ;
#2537 = DIRECTION ( 'NONE',  ( 1.000000000000000000, 0.000000000000000000, 0.000000000000000000 ) ) ;
#2538 = EDGE_LOOP ( 'NONE', ( #1811, #1052 ) ) ;
#2539 = CARTESIAN_POINT ( 'NONE',  ( -71.75000000000000000, -49.79999999999999716, -13.00000000000000178 ) ) ;
#2540 = LINE ( 'NONE', #1748, #1852 ) ;
#2541 = EDGE_CURVE ( 'NONE', #5267, #3028, #666, .T. ) ;
#2542 = LINE ( 'NONE', #5195, #3891 ) ;
#2543 = ORIENTED_EDGE ( 'NONE', *, *, #1297, .F. ) ;
#2544 = ORIENTED_EDGE ( 'NONE', *, *, #1086, .T. ) ;
#2545 = ADVANCED_FACE ( 'NONE', ( #2755 ), #638, .F. ) ;
#2546 = LINE ( 'NONE', #1891, #6113 ) ;
#2547 = DIRECTION ( 'NONE',  ( 0.000000000000000000, 1.000000000000000000, 0.000000000000000000 ) ) ;
#2548 = DIRECTION ( 'NONE',  ( 1.000000000000000000, 0.000000000000000000, 0.000000000000000000 ) ) ;
#2549 = CARTESIAN_POINT ( 'NONE',  ( -95.00000000000000000, -15.00000000000000000, -20.00000000000000000 ) ) ;
#2550 = CARTESIAN_POINT ( 'NONE',  ( -46.00000000000000000, -30.00000000000000000, 7.250000000000000000 ) ) ;
#2551 = AXIS2_PLACEMENT_3D ( 'NONE', #2744, #3443, #5982 ) ;
#2552 = ORIENTED_EDGE ( 'NONE', *, *, #1197, .T. ) ;
#2553 = ORIENTED_EDGE ( 'NONE', *, *, #2843, .F. ) ;
#2554 = DIRECTION ( 'NONE',  ( 0.000000000000000000, 0.000000000000000000, -1.000000000000000000 ) ) ;
#2555 = EDGE_CURVE ( 'NONE', #2080, #8371, #4395, .T. ) ;
#2556 = DIRECTION ( 'NONE',  ( 0.000000000000000000, -1.000000000000000000, 0.000000000000000000 ) ) ;
#2557 = DIRECTION ( 'NONE',  ( 1.000000000000000000, 0.000000000000000000, 0.000000000000000000 ) ) ;
#2558 = DIRECTION ( 'NONE',  ( 1.000000000000000000, 0.000000000000000000, 0.000000000000000000 ) ) ;
#2559 = DIRECTION ( 'NONE',  ( 0.000000000000000000, 0.000000000000000000, -1.000000000000000000 ) ) ;
#2560 = VECTOR ( 'NONE', #296, 1000.000000000000000 ) ;
#2561 = ORIENTED_EDGE ( 'NONE', *, *, #6053, .F. ) ;
#2562 = EDGE_LOOP ( 'NONE', ( #295, #2825, #3487, #7025 ) ) ;
#2563 = DIRECTION ( 'NONE',  ( 2.926572255078290114E-17, 1.000000000000000000, 0.000000000000000000 ) ) ;
#2564 = ORIENTED_EDGE ( 'NONE', *, *, #8156, .F. ) ;
#2565 = DIRECTION ( 'NONE',  ( 0.000000000000000000, 0.000000000000000000, -1.000000000000000000 ) ) ;
#2566 = DIRECTION ( 'NONE',  ( 1.000000000000000000, 0.000000000000000000, -2.056255971205114647E-16 ) ) ;
#2567 = VERTEX_POINT ( 'NONE', #1983 ) ;
#2568 = FACE_OUTER_BOUND ( 'NONE', #4953, .T. ) ;
#2569 = DIRECTION ( 'NONE',  ( 1.000000000000000000, -5.853533328037435721E-10, 0.000000000000000000 ) ) ;
#2570 = APPROVAL_STATUS ( 'not_yet_approved' ) ;
#2571 = ORIENTED_EDGE ( 'NONE', *, *, #6769, .F. ) ;
#2572 = CONICAL_SURFACE ( 'NONE', #7724, 17.56568542494899887, 0.7853981633972341170 ) ;
#2573 = ORIENTED_EDGE ( 'NONE', *, *, #8240, .T. ) ;
#2574 = LINE ( 'NONE', #3275, #8332 ) ;
#2576 = ORIENTED_EDGE ( 'NONE', *, *, #1059, .F. ) ;
#2575 = ADVANCED_FACE ( 'NONE', ( #5331 ), #6071, .F. ) ;
#2577 = CARTESIAN_POINT ( 'NONE',  ( -9.500000000000000000, -29.56700000000000017, -12.00000000000000000 ) ) ;
#2578 = CIRCLE ( 'NONE', #4102, 2.066999999999999282 ) ;
#2579 = DIRECTION ( 'NONE',  ( 0.4226182617406969988, 0.9063077870366510469, 0.000000000000000000 ) ) ;
#2580 = CARTESIAN_POINT ( 'NONE',  ( -78.64644660940700760, -53.00000000000000000, 8.900000000000000355 ) ) ;
#2581 = CARTESIAN_POINT ( 'NONE',  ( -53.79999999999999716, 20.00000000000000000, -20.00000000000000000 ) ) ;
#2582 = ADVANCED_FACE ( 'NONE', ( #7464 ), #2802, .F. ) ;
#2583 = CIRCLE ( 'NONE', #1194, 3.249999999999999556 ) ;
#2584 = ORIENTED_EDGE ( 'NONE', *, *, #6474, .T. ) ;
#2585 = ADVANCED_FACE ( 'NONE', ( #8606 ), #8296, .F. ) ;
#2586 = CONICAL_SURFACE ( 'NONE', #7454, 3.000000000000002665, 0.7853981633974476129 ) ;
#2587 = ORIENTED_EDGE ( 'NONE', *, *, #4410, .T. ) ;
#2588 = EDGE_CURVE ( 'NONE', #3030, #6094, #3422, .T. ) ;
#2589 = LINE ( 'NONE', #5903, #5405 ) ;
#2590 = LINE ( 'NONE', #4023, #4852 ) ;
#2591 = CARTESIAN_POINT ( 'NONE',  ( -12.50000000000000000, 23.00000000000000000, -10.54150000000000098 ) ) ;
#2592 = CARTESIAN_POINT ( 'NONE',  ( -46.00000000000000000, 24.19999999999999929, 2.299999999999999822 ) ) ;
#2593 = CIRCLE ( 'NONE', #7458, 2.100000000000111111 ) ;
#2594 = CARTESIAN_POINT ( 'NONE',  ( 29.57888850641909073, -40.11309130870347417, -7.945997415630637661 ) ) ;
#2595 = EDGE_CURVE ( 'NONE', #6010, #4785, #1895, .T. ) ;
#2596 = EDGE_LOOP ( 'NONE', ( #5235, #6443, #877, #69 ) ) ;
#2597 = EDGE_LOOP ( 'NONE', ( #2693, #1507, #6821, #2371, #2040, #3641, #3237, #7399, #3498 ) ) ;
#2598 = ADVANCED_FACE ( 'NONE', ( #1368 ), #6032, .T. ) ;
#2599 = LINE ( 'NONE', #2686, #6682 ) ;
#2600 = CARTESIAN_POINT ( 'NONE',  ( -9.500000000000000000, -30.00000000000000000, -12.00000000000000000 ) ) ;
#2601 = DIRECTION ( 'NONE',  ( 1.000000000000000000, 0.000000000000000000, 0.000000000000000000 ) ) ;
#2602 = LINE ( 'NONE', #5955, #4796 ) ;
#2603 = CARTESIAN_POINT ( 'NONE',  ( -95.00000000000000000, -53.00000000000000000, 20.00000000000000000 ) ) ;
#2604 = EDGE_CURVE ( 'NONE', #3653, #5242, #2593, .T. ) ;
#2605 = EDGE_CURVE ( 'NONE', #6016, #4262, #6118, .T. ) ;
#2606 = ORIENTED_EDGE ( 'NONE', *, *, #1024, .T. ) ;
#2607 = EDGE_LOOP ( 'NONE', ( #2760, #6912, #6986, #3830 ) ) ;
#2608 = DIRECTION ( 'NONE',  ( -1.000000000000000000, 0.000000000000000000, 0.000000000000000000 ) ) ;
#2609 = DIRECTION ( 'NONE',  ( 1.000000000000000000, 0.000000000000000000, 0.000000000000000000 ) ) ;
#2610 = VECTOR ( 'NONE', #3583, 1000.000000000000000 ) ;
#2611 = ORIENTED_EDGE ( 'NONE', *, *, #3990, .T. ) ;
#2612 = CARTESIAN_POINT ( 'NONE',  ( 40.31128874149275276, -10.00000000000000178, -20.00000000000000000 ) ) ;
#2613 = CARTESIAN_POINT ( 'NONE',  ( -78.64644660940700760, 53.00000000000000000, 8.900000000000000355 ) ) ;
#2614 = CALENDAR_DATE ( 2026, 24, 3 ) ;
#2615 = LOCAL_TIME ( 0, 52, 31.00000000000000000, #4834 ) ;
#2616 = VERTEX_POINT ( 'NONE', #4325 ) ;
#2617 = ADVANCED_FACE ( 'NONE', ( #8256 ), #875, .T. ) ;
#2618 = AXIS2_PLACEMENT_3D ( 'NONE', #3091, #2348, #5653 ) ;
#2619 = ORIENTED_EDGE ( 'NONE', *, *, #7118, .F. ) ;
#2620 = CARTESIAN_POINT ( 'NONE',  ( -72.59999999999999432, 53.00000000000000000, 8.600000000000129319 ) ) ;
#2621 = VERTEX_POINT ( 'NONE', #4930 ) ;
#2622 = PRODUCT_DEFINITION_FORMATION_WITH_SPECIFIED_SOURCE ( 'ANY', '', #6631, .NOT_KNOWN. ) ;
#2623 = PLANE ( 'NONE',  #6310 ) ;
#2624 = CARTESIAN_POINT ( 'NONE',  ( -46.00000000000000000, -30.00000000000000000, -1.699999999999999956 ) ) ;
#2625 = CIRCLE ( 'NONE', #1371, 0.2000000000010535017 ) ;
#2626 = AXIS2_PLACEMENT_3D ( 'NONE', #7469, #6292, #1549 ) ;
#2627 = ORIENTED_EDGE ( 'NONE', *, *, #2530, .T. ) ;
#2628 = AXIS2_PLACEMENT_3D ( 'NONE', #696, #1436, #6629 ) ;
#2629 = ORIENTED_EDGE ( 'NONE', *, *, #7271, .F. ) ;
#2630 = CIRCLE ( 'NONE', #4156, 2.458500000000002572 ) ;
#2631 = LINE ( 'NONE', #7957, #1588 ) ;
#2632 = VECTOR ( 'NONE', #3743, 1000.000000000000000 ) ;
#2633 = CARTESIAN_POINT ( 'NONE',  ( -22.38609614442015072, -53.00000000000000000, 20.00000000000000000 ) ) ;
#2634 = DIRECTION ( 'NONE',  ( 1.000000000000000000, 0.000000000000000000, 0.000000000000000000 ) ) ;
#2635 = DIRECTION ( 'NONE',  ( 1.000000000000000000, 0.000000000000000000, 0.000000000000000000 ) ) ;
#2636 = EDGE_CURVE ( 'NONE', #2616, #1102, #6327, .T. ) ;
#2637 = ORIENTED_EDGE ( 'NONE', *, *, #6363, .F. ) ;
#2638 = FACE_OUTER_BOUND ( 'NONE', #7293, .T. ) ;
#2639 = VECTOR ( 'NONE', #74, 1000.000000000000000 ) ;
#2640 = EDGE_CURVE ( 'NONE', #1373, #6272, #4196, .T. ) ;
#2641 = EDGE_CURVE ( 'NONE', #5344, #7708, #1574, .T. ) ;
#2642 = ORIENTED_EDGE ( 'NONE', *, *, #3647, .F. ) ;
#2643 = ORIENTED_EDGE ( 'NONE', *, *, #5784, .F. ) ;
#2644 = LINE ( 'NONE', #6003, #2775 ) ;
#2645 = CARTESIAN_POINT ( 'NONE',  ( -90.00000000000000000, -15.00000000000000000, 20.00000000000000000 ) ) ;
#2646 = AXIS2_PLACEMENT_3D ( 'NONE', #3989, #5168, #3214 ) ;
#2647 = VECTOR ( 'NONE', #7054, 1000.000000000000000 ) ;
#2648 = DIRECTION ( 'NONE',  ( -1.000000000000000000, 0.000000000000000000, 0.000000000000000000 ) ) ;
#2649 = CARTESIAN_POINT ( 'NONE',  ( 17.67766952966359995, -53.00000000000000000, 17.67766952966379534 ) ) ;
#2650 = DIRECTION ( 'NONE',  ( 1.000000000000000000, 0.000000000000000000, 0.000000000000000000 ) ) ;
#2651 = CIRCLE ( 'NONE', #3346, 31.50000000000000000 ) ;
#2652 = EDGE_CURVE ( 'NONE', #1017, #2749, #5590, .T. ) ;
#2653 = AXIS2_PLACEMENT_3D ( 'NONE', #4713, #5773, #1403 ) ;
#2654 = AXIS2_PLACEMENT_3D ( 'NONE', #6119, #46, #2717 ) ;
#2655 = VERTEX_POINT ( 'NONE', #306 ) ;
#2656 = VERTEX_POINT ( 'NONE', #6197 ) ;
#2657 = VECTOR ( 'NONE', #2559, 1000.000000000000000 ) ;
#2658 = CARTESIAN_POINT ( 'NONE',  ( -48.00000000000000000, 29.45849999999999724, -13.00000000000000000 ) ) ;
#2659 = DIRECTION ( 'NONE',  ( 0.000000000000000000, 1.000000000000000000, 0.000000000000000000 ) ) ;
#2660 = ADVANCED_FACE ( 'NONE', ( #1577 ), #2364, .T. ) ;
#2661 = EDGE_LOOP ( 'NONE', ( #269, #6810, #3712, #4151 ) ) ;
#2662 = CARTESIAN_POINT ( 'NONE',  ( -31.00000000000000000, -53.00000000000000000, 16.25000000000000000 ) ) ;
#2663 = DIRECTION ( 'NONE',  ( -0.9126217432562998555, 0.000000000000000000, -0.4088050314463270163 ) ) ;
#2664 = CALENDAR_DATE ( 2026, 24, 3 ) ;
#2665 = EDGE_LOOP ( 'NONE', ( #2987, #5486, #6202, #6717, #1445, #816, #5745, #7984 ) ) ;
#2666 = ORIENTED_EDGE ( 'NONE', *, *, #7408, .T. ) ;
#2667 = DIRECTION ( 'NONE',  ( 0.7071067811865470176, 1.360239788502823920E-10, -0.7071067811865480168 ) ) ;
#2669 = VERTEX_POINT ( 'NONE', #264 ) ;
#2668 = EDGE_CURVE ( 'NONE', #8625, #1472, #2129, .T. ) ;
#2670 = CIRCLE ( 'NONE', #6708, 1.592474596216000071 ) ;
#2671 = EDGE_CURVE ( 'NONE', #8322, #8138, #7989, .T. ) ;
#2672 = DIRECTION ( 'NONE',  ( 0.000000000000000000, 0.000000000000000000, -1.000000000000000000 ) ) ;
#2673 = DIRECTION ( 'NONE',  ( 1.000000000000000000, 0.000000000000000000, 0.000000000000000000 ) ) ;
#2674 = CARTESIAN_POINT ( 'NONE',  ( -67.00000000000000000, 53.00000000000000000, 19.75000000000000000 ) ) ;
#2675 = DIRECTION ( 'NONE',  ( 0.000000000000000000, 1.000000000000000000, 0.000000000000000000 ) ) ;
#2676 = VERTEX_POINT ( 'NONE', #1542 ) ;
#2677 = ORIENTED_EDGE ( 'NONE', *, *, #8209, .F. ) ;
#2678 = CARTESIAN_POINT ( 'NONE',  ( 0.000000000000000000, -30.00000000000000000, -20.00000000000000000 ) ) ;
#2679 = DIRECTION ( 'NONE',  ( -1.000000000000000000, 0.000000000000000000, 0.000000000000000000 ) ) ;
#2680 = DIRECTION ( 'NONE',  ( 0.000000000000000000, 1.224646799147351975E-16, 1.000000000000000000 ) ) ;
#2681 = CARTESIAN_POINT ( 'NONE',  ( -77.00000000000000000, -43.00000000000000000, -13.00000000000000178 ) ) ;
#2682 = DIRECTION ( 'NONE',  ( 0.000000000000000000, -1.000000000000000000, 0.000000000000000000 ) ) ;
#2683 = EDGE_LOOP ( 'NONE', ( #5315, #1398, #4030, #3351, #7545, #1386 ) ) ;
#2684 = ORIENTED_EDGE ( 'NONE', *, *, #8423, .F. ) ;
#2685 = ADVANCED_FACE ( 'NONE', ( #2936 ), #4774, .T. ) ;
#2686 = CARTESIAN_POINT ( 'NONE',  ( 0.000000000000000000, -30.00000000000000000, 1.699999999999999956 ) ) ;
#2687 = DIRECTION ( 'NONE',  ( 0.000000000000000000, 1.000000000000000000, 0.000000000000000000 ) ) ;
#2688 = PLANE ( 'NONE',  #628 ) ;
#2689 = DIRECTION ( 'NONE',  ( 0.000000000000000000, -1.000000000000000000, 0.000000000000000000 ) ) ;
#2690 = DIRECTION ( 'NONE',  ( 0.000000000000000000, 0.000000000000000000, 1.000000000000000000 ) ) ;
#2691 = EDGE_CURVE ( 'NONE', #5860, #7533, #5333, .T. ) ;
#2692 = ORIENTED_EDGE ( 'NONE', *, *, #75, .F. ) ;
#2693 = ORIENTED_EDGE ( 'NONE', *, *, #5467, .T. ) ;
#2694 = ADVANCED_FACE ( 'NONE', ( #5627 ), #2317, .F. ) ;
#2695 = CARTESIAN_POINT ( 'NONE',  ( -25.75000000000000000, -36.20000000000000284, 13.00000000000000178 ) ) ;
#2696 = DIRECTION ( 'NONE',  ( 0.000000000000000000, 0.000000000000000000, 1.000000000000000000 ) ) ;
#2697 = AXIS2_PLACEMENT_3D ( 'NONE', #4894, #3584, #7557 ) ;
#2698 = EDGE_CURVE ( 'NONE', #562, #1886, #3392, .T. ) ;
#2699 = VERTEX_POINT ( 'NONE', #1664 ) ;
#2700 = DIRECTION ( 'NONE',  ( 0.000000000000000000, 1.000000000000000000, 0.000000000000000000 ) ) ;
#2701 = ORIENTED_EDGE ( 'NONE', *, *, #4507, .T. ) ;
#2702 = EDGE_CURVE ( 'NONE', #5833, #7417, #3945, .T. ) ;
#2703 = VERTEX_POINT ( 'NONE', #3504 ) ;
#2704 = DIRECTION ( 'NONE',  ( 1.000000000000000000, 0.000000000000000000, 0.000000000000000000 ) ) ;
#2705 = ORIENTED_EDGE ( 'NONE', *, *, #3054, .F. ) ;
#2706 = DIRECTION ( 'NONE',  ( 0.000000000000000000, 1.000000000000000000, 0.000000000000000000 ) ) ;
#2707 = CIRCLE ( 'NONE', #1319, 3.000000000000002665 ) ;
#2708 = DIRECTION ( 'NONE',  ( 0.000000000000000000, 0.000000000000000000, -1.000000000000000000 ) ) ;
#2709 = CARTESIAN_POINT ( 'NONE',  ( -78.64644660940700760, -53.00000000000000000, -8.900000000000000355 ) ) ;
#2710 = ORIENTED_EDGE ( 'NONE', *, *, #2386, .F. ) ;
#2711 = ORIENTED_EDGE ( 'NONE', *, *, #814, .T. ) ;
#2712 = AXIS2_PLACEMENT_3D ( 'NONE', #8401, #8313, #4993 ) ;
#2713 = CARTESIAN_POINT ( 'NONE',  ( -67.00000000000000000, -11.44999999999999929, -18.34248115565999981 ) ) ;
#2714 = CYLINDRICAL_SURFACE ( 'NONE', #537, 14.50000000000000000 ) ;
#2715 = DIRECTION ( 'NONE',  ( 0.000000000000000000, -1.000000000000000000, 0.000000000000000000 ) ) ;
#2716 = DIRECTION ( 'NONE',  ( 0.000000000000000000, 1.000000000000000000, 0.000000000000000000 ) ) ;
#2717 = DIRECTION ( 'NONE',  ( 1.420538732939850440E-07, 0.000000000000000000, -0.9999999999999898970 ) ) ;
#2718 = AXIS2_PLACEMENT_3D ( 'NONE', #2649, #2689, #6863 ) ;
#2719 = VECTOR ( 'NONE', #3729, 1000.000000000000000 ) ;
#2720 = ORIENTED_EDGE ( 'NONE', *, *, #2229, .F. ) ;
#2721 = EDGE_LOOP ( 'NONE', ( #1113, #4756, #4297, #4212, #7197, #6043, #6835 ) ) ;
#2722 = PLANE ( 'NONE',  #945 ) ;
#2723 = DIRECTION ( 'NONE',  ( -1.000000000000000000, 0.000000000000000000, 0.000000000000000000 ) ) ;
#2724 = AXIS2_PLACEMENT_3D ( 'NONE', #720, #4772, #845 ) ;
#2725 = DIRECTION ( 'NONE',  ( 0.000000000000000000, 0.000000000000000000, -1.000000000000000000 ) ) ;
#2726 = DIRECTION ( 'NONE',  ( 0.000000000000000000, 0.000000000000000000, -1.000000000000000000 ) ) ;
#2727 = CARTESIAN_POINT ( 'NONE',  ( -90.00000000000000000, -53.00000000000000000, 20.00000000000000000 ) ) ;
#2728 = VERTEX_POINT ( 'NONE', #6158 ) ;
#2729 = ORIENTED_EDGE ( 'NONE', *, *, #3180, .T. ) ;
#2730 = EDGE_CURVE ( 'NONE', #176, #6162, #6453, .T. ) ;
#2731 = CYLINDRICAL_SURFACE ( 'NONE', #7795, 3.249999999999999556 ) ;
#2732 = CARTESIAN_POINT ( 'NONE',  ( 95.00000000000000000, -48.00000000000000000, 20.00000000000000000 ) ) ;
#2733 = CARTESIAN_POINT ( 'NONE',  ( 0.000000000000000000, 11.44999999999999929, -18.34248115566045101 ) ) ;
#2734 = ORIENTED_EDGE ( 'NONE', *, *, #4307, .T. ) ;
#2735 = DIRECTION ( 'NONE',  ( -1.004472571865875860E-07, 0.7071067811865419106, 0.7071067811865460184 ) ) ;
#2736 = EDGE_CURVE ( 'NONE', #7528, #194, #1999, .T. ) ;
#2737 = ORIENTED_EDGE ( 'NONE', *, *, #7550, .T. ) ;
#2738 = ADVANCED_FACE ( 'NONE', ( #916 ), #8404, .T. ) ;
#2739 = ADVANCED_FACE ( 'NONE', ( #4364 ), #7568, .F. ) ;
#2740 = AXIS2_PLACEMENT_3D ( 'NONE', #4844, #7510, #1541 ) ;
#2741 = ORIENTED_EDGE ( 'NONE', *, *, #6361, .F. ) ;
#2742 = DIRECTION ( 'NONE',  ( 0.000000000000000000, 0.000000000000000000, 1.000000000000000000 ) ) ;
#2743 = ORIENTED_EDGE ( 'NONE', *, *, #4964, .F. ) ;
#2744 = CARTESIAN_POINT ( 'NONE',  ( -2.500000000000000000, 0.000000000000000000, 0.000000000000000000 ) ) ;
#2745 = PLANE ( 'NONE',  #8628 ) ;
#2746 = LINE ( 'NONE', #7991, #8641 ) ;
#2747 = AXIS2_PLACEMENT_3D ( 'NONE', #3490, #2262, #4917 ) ;
#2748 = EDGE_LOOP ( 'NONE', ( #5707, #5458, #5274, #7459, #6485, #6134, #6009, #8307 ) ) ;
#2749 = VERTEX_POINT ( 'NONE', #4544 ) ;
#2750 = LOCAL_TIME ( 0, 52, 31.00000000000000000, #6582 ) ;
#2751 = DIRECTION ( 'NONE',  ( 0.000000000000000000, 0.000000000000000000, 1.000000000000000000 ) ) ;
#2752 = CARTESIAN_POINT ( 'NONE',  ( -12.96924291490699943, -19.50000000000000000, 20.00000000000000000 ) ) ;
#2753 = LINE ( 'NONE', #2884, #8315 ) ;
#2754 = ADVANCED_FACE ( 'NONE', ( #7726 ), #3105, .F. ) ;
#2755 = FACE_OUTER_BOUND ( 'NONE', #683, .T. ) ;
#2756 = APPROVAL ( #429, 'UNSPECIFIED' ) ;
#2757 = CIRCLE ( 'NONE', #6801, 2.700000000000001066 ) ;
#2758 = CARTESIAN_POINT ( 'NONE',  ( -54.10000000000000142, -22.39999999999999858, -19.90000000000000213 ) ) ;
#2759 = AXIS2_PLACEMENT_3D ( 'NONE', #2402, #7722, #7064 ) ;
#2760 = ORIENTED_EDGE ( 'NONE', *, *, #4141, .T. ) ;
#2761 = AXIS2_PLACEMENT_3D ( 'NONE', #2113, #4899, #4115 ) ;
#2762 = EDGE_LOOP ( 'NONE', ( #7921, #5436, #2878, #2834 ) ) ;
#2763 = VECTOR ( 'NONE', #7462, 1000.000000000000000 ) ;
#2764 = FACE_BOUND ( 'NONE', #7739, .T. ) ;
#2765 = DIRECTION ( 'NONE',  ( 0.000000000000000000, 0.000000000000000000, 1.000000000000000000 ) ) ;
#2766 = DIRECTION ( 'NONE',  ( 0.9999999999999898970, -1.418616808662140949E-07, 0.000000000000000000 ) ) ;
#2767 = DIRECTION ( 'NONE',  ( 0.000000000000000000, 0.000000000000000000, -1.000000000000000000 ) ) ;
#2768 = CIRCLE ( 'NONE', #3468, 0.2999999999998698152 ) ;
#2769 = DIRECTION ( 'NONE',  ( 0.000000000000000000, -1.000000000000000000, 0.000000000000000000 ) ) ;
#2770 = AXIS2_PLACEMENT_3D ( 'NONE', #5984, #5322, #2011 ) ;
#2771 = EDGE_CURVE ( 'NONE', #3958, #1418, #2540, .T. ) ;
#2772 = AXIS2_PLACEMENT_3D ( 'NONE', #2678, #6562, #4600 ) ;
#2773 = ORIENTED_EDGE ( 'NONE', *, *, #3775, .T. ) ;
#2774 = ORIENTED_EDGE ( 'NONE', *, *, #7857, .F. ) ;
#2775 = VECTOR ( 'NONE', #6653, 1000.000000000000000 ) ;
#2776 = AXIS2_PLACEMENT_3D ( 'NONE', #1967, #605, #2569 ) ;
#2777 = CARTESIAN_POINT ( 'NONE',  ( 0.000000000000000000, -24.19999999999999929, 1.699999999999999956 ) ) ;
#2778 = CARTESIAN_POINT ( 'NONE',  ( -40.00000000000000000, 23.00000000000000000, -10.00000000000000000 ) ) ;
#2779 = DIRECTION ( 'NONE',  ( 0.000000000000000000, 1.000000000000000000, 0.000000000000000000 ) ) ;
#2780 = EDGE_LOOP ( 'NONE', ( #2388, #1340, #4348, #2833 ) ) ;
#2781 = LINE ( 'NONE', #8186, #5854 ) ;
#2782 = AXIS2_PLACEMENT_3D ( 'NONE', #7519, #4201, #6979 ) ;
#2783 = AXIS2_PLACEMENT_3D ( 'NONE', #1153, #7081, #1807 ) ;
#2784 = VECTOR ( 'NONE', #1640, 1000.000000000000000 ) ;
#2785 = VERTEX_POINT ( 'NONE', #5152 ) ;
#2786 = PLANE ( 'NONE',  #2463 ) ;
#2787 = ORIENTED_EDGE ( 'NONE', *, *, #3070, .T. ) ;
#2788 = CARTESIAN_POINT ( 'NONE',  ( 0.000000000000000000, 23.00000000000000000, -15.45850000000000080 ) ) ;
#2789 = ADVANCED_FACE ( 'NONE', ( #7023 ), #3709, .T. ) ;
#2790 = ORIENTED_EDGE ( 'NONE', *, *, #1195, .T. ) ;
#2791 = CARTESIAN_POINT ( 'NONE',  ( -72.59999999999999432, 53.00000000000000000, -8.600000000000129319 ) ) ;
#2792 = EDGE_CURVE ( 'NONE', #8396, #8550, #1097, .T. ) ;
#2793 = PERSON_AND_ORGANIZATION ( #2440, #369 ) ;
#2794 = DIRECTION ( 'NONE',  ( 0.000000000000000000, 0.000000000000000000, -1.000000000000000000 ) ) ;
#2795 = EDGE_LOOP ( 'NONE', ( #5342, #7571, #8316, #4436 ) ) ;
#2796 = ORIENTED_EDGE ( 'NONE', *, *, #859, .T. ) ;
#2797 = EDGE_LOOP ( 'NONE', ( #1259, #7302, #1271, #6744, #2167, #2637, #2912, #1137 ) ) ;
#2798 = DIRECTION ( 'NONE',  ( 1.000000000000000000, 0.000000000000000000, 0.000000000000000000 ) ) ;
#2799 = CARTESIAN_POINT ( 'NONE',  ( -54.10000000000000142, 20.00000000000000000, -19.90000000000000213 ) ) ;
#2800 = EDGE_CURVE ( 'NONE', #1472, #8625, #4077, .T. ) ;
#2801 = CARTESIAN_POINT ( 'NONE',  ( -4.299999999999999822, -1.694245099770344745E-08, 14.50000000000000000 ) ) ;
#2802 = CYLINDRICAL_SURFACE ( 'NONE', #1339, 3.249999999999999556 ) ;
#2803 = LINE ( 'NONE', #5332, #5710 ) ;
#2804 = ORIENTED_EDGE ( 'NONE', *, *, #1000, .F. ) ;
#2805 = ADVANCED_FACE ( 'NONE', ( #7768 ), #4500, .F. ) ;
#2806 = ORIENTED_EDGE ( 'NONE', *, *, #2004, .T. ) ;
#2807 = DIRECTION ( 'NONE',  ( 0.000000000000000000, -1.000000000000000000, 0.000000000000000000 ) ) ;
#2808 = DIRECTION ( 'NONE',  ( 0.000000000000000000, 1.000000000000000000, 0.000000000000000000 ) ) ;
#2809 = CARTESIAN_POINT ( 'NONE',  ( 17.67766952966359995, -13.60000000000000142, -17.67766952966378469 ) ) ;
#2810 = DIRECTION ( 'NONE',  ( 0.9170939738863552737, 0.3986710963455125656, 0.000000000000000000 ) ) ;
#2811 = DIRECTION ( 'NONE',  ( 1.000000000000000000, 0.000000000000000000, 0.000000000000000000 ) ) ;
#2812 = DIRECTION ( 'NONE',  ( 1.000000000000000000, 0.000000000000000000, 0.000000000000000000 ) ) ;
#2813 = VECTOR ( 'NONE', #245, 1000.000000000000000 ) ;
#2814 =( BOUNDED_CURVE ( )  B_SPLINE_CURVE ( 3, ( #8151, #7491, #2132, #1604 ),
 .UNSPECIFIED., .F., .F. ) 
 B_SPLINE_CURVE_WITH_KNOTS ( ( 4, 4 ),
 ( 4.986496521010519878, 5.378904046263060401 ),
 .UNSPECIFIED. ) 
 CURVE ( )  GEOMETRIC_REPRESENTATION_ITEM ( )  RATIONAL_B_SPLINE_CURVE ( ( 1.000000000000000000, 0.9872091399347590057, 0.9872091399347590057, 1.000000000000000000 ) ) 
 REPRESENTATION_ITEM ( '' )  );
#2815 = ORIENTED_EDGE ( 'NONE', *, *, #1608, .F. ) ;
#2816 = VERTEX_POINT ( 'NONE', #5805 ) ;
#2817 = EDGE_CURVE ( 'NONE', #8396, #5847, #5194, .T. ) ;
#2818 = CARTESIAN_POINT ( 'NONE',  ( -27.75418406211094791, -36.20000000000000284, 17.12640023475005080 ) ) ;
#2819 = DIRECTION ( 'NONE',  ( 0.000000000000000000, 0.000000000000000000, 1.000000000000000000 ) ) ;
#2820 = CARTESIAN_POINT ( 'NONE',  ( -33.06699989988065624, -25.00000000000000000, 14.06700015863379960 ) ) ;
#2821 = ORIENTED_EDGE ( 'NONE', *, *, #8441, .T. ) ;
#2822 = DIRECTION ( 'NONE',  ( 0.000000000000000000, -1.000000000000000000, 0.000000000000000000 ) ) ;
#2823 = EDGE_LOOP ( 'NONE', ( #7281, #2369, #8495, #4635 ) ) ;
#2824 = DIRECTION ( 'NONE',  ( -1.000000000000000000, 0.000000000000000000, 0.000000000000000000 ) ) ;
#2825 = ORIENTED_EDGE ( 'NONE', *, *, #6996, .F. ) ;
#2826 = DIRECTION ( 'NONE',  ( 1.000000000000000000, 0.000000000000000000, 0.000000000000000000 ) ) ;
#2827 = ORIENTED_EDGE ( 'NONE', *, *, #6704, .T. ) ;
#2828 = PLANE ( 'NONE',  #1306 ) ;
#2829 = APPROVAL_ROLE ( '' ) ;
#2830 = CIRCLE ( 'NONE', #2417, 5.250000000000000888 ) ;
#2831 = CARTESIAN_POINT ( 'NONE',  ( -79.00000000000000000, -53.00000000000000000, 19.75000000000000000 ) ) ;
#2832 = ORIENTED_EDGE ( 'NONE', *, *, #5467, .F. ) ;
#2833 = ORIENTED_EDGE ( 'NONE', *, *, #2117, .F. ) ;
#2834 = ORIENTED_EDGE ( 'NONE', *, *, #7056, .T. ) ;
#2835 = EDGE_CURVE ( 'NONE', #4692, #4401, #1163, .T. ) ;
#2836 = DIRECTION ( 'NONE',  ( -0.000000000000000000, 1.000000000000000000, 0.000000000000000000 ) ) ;
#2837 = FACE_OUTER_BOUND ( 'NONE', #464, .T. ) ;
#2838 = CARTESIAN_POINT ( 'NONE',  ( -71.75000000000000000, -43.00000000000000000, -13.00000000000000178 ) ) ;
#2839 = CARTESIAN_POINT ( 'NONE',  ( -1.013085688617472007E-15, -43.00000000000000000, 20.00000000000000000 ) ) ;
#2840 = DIRECTION ( 'NONE',  ( 0.7071067811865531239, -8.659560562355000651E-17, 0.7071067811865420216 ) ) ;
#2841 = EDGE_CURVE ( 'NONE', #6649, #8528, #392, .T. ) ;
#2842 = EDGE_LOOP ( 'NONE', ( #4271, #5164, #8218, #8561 ) ) ;
#2843 = EDGE_CURVE ( 'NONE', #5277, #2816, #5237, .T. ) ;
#2844 = AXIS2_PLACEMENT_3D ( 'NONE', #5536, #8210, #6687 ) ;
#2845 = VERTEX_POINT ( 'NONE', #7200 ) ;
#2846 = LINE ( 'NONE', #7467, #8635 ) ;
#2847 = FACE_OUTER_BOUND ( 'NONE', #6034, .T. ) ;
#2848 = CARTESIAN_POINT ( 'NONE',  ( -42.76045286139795110, 24.19999999999999929, -2.299999999999999822 ) ) ;
#2849 = DIRECTION ( 'NONE',  ( 0.000000000000000000, 0.000000000000000000, 1.000000000000000000 ) ) ;
#2850 = DIRECTION ( 'NONE',  ( 1.000000000000000000, 0.000000000000000000, 0.000000000000000000 ) ) ;
#2851 = VECTOR ( 'NONE', #7199, 1000.000000000000000 ) ;
#2852 = AXIS2_PLACEMENT_3D ( 'NONE', #7222, #5255, #7792 ) ;
#2853 = CARTESIAN_POINT ( 'NONE',  ( 0.000000000000000000, -23.00000000000000000, 13.00000000000000000 ) ) ;
#2854 = EDGE_CURVE ( 'NONE', #1260, #7457, #8265, .T. ) ;
#2855 = EDGE_LOOP ( 'NONE', ( #5909, #340, #998, #4431 ) ) ;
#2856 = ORIENTED_EDGE ( 'NONE', *, *, #1521, .T. ) ;
#2857 = VECTOR ( 'NONE', #7524, 1000.000000000000000 ) ;
#2858 = AXIS2_PLACEMENT_3D ( 'NONE', #4565, #5382, #6006 ) ;
#2859 = CARTESIAN_POINT ( 'NONE',  ( -79.00000000000000000, -53.00000000000000000, 19.75000000000000000 ) ) ;
#2860 = CARTESIAN_POINT ( 'NONE',  ( -54.00000000000000000, -55.19999999999999574, -16.50000000000000000 ) ) ;
#2861 = DIRECTION ( 'NONE',  ( 0.7071067811865531239, 0.000000000000000000, -0.7071067811865420216 ) ) ;
#2862 = DIRECTION ( 'NONE',  ( -1.000000000000000000, 0.000000000000000000, 0.000000000000000000 ) ) ;
#2863 = ORIENTED_EDGE ( 'NONE', *, *, #3814, .T. ) ;
#2864 = DIRECTION ( 'NONE',  ( 1.000000000000000000, 0.000000000000000000, 0.000000000000000000 ) ) ;
#2865 = ADVANCED_FACE ( 'NONE', ( #576 ), #5893, .T. ) ;
#2866 = EDGE_CURVE ( 'NONE', #2699, #5128, #6420, .T. ) ;
#2867 = VECTOR ( 'NONE', #5455, 1000.000000000000000 ) ;
#2868 = ORIENTED_EDGE ( 'NONE', *, *, #2427, .F. ) ;
#2869 = CARTESIAN_POINT ( 'NONE',  ( 17.67766952966359995, -13.60000000000000142, -14.57766952966378504 ) ) ;
#2870 = VERTEX_POINT ( 'NONE', #3845 ) ;
#2871 = ORIENTED_EDGE ( 'NONE', *, *, #8287, .F. ) ;
#2872 = CARTESIAN_POINT ( 'NONE',  ( -40.00000000000000000, -23.00000000000000000, -2.299999999999999822 ) ) ;
#2873 = VERTEX_POINT ( 'NONE', #1794 ) ;
#2874 = DIRECTION ( 'NONE',  ( 0.000000000000000000, 0.000000000000000000, -1.000000000000000000 ) ) ;
#2875 = EDGE_CURVE ( 'NONE', #8384, #5868, #7121, .T. ) ;
#2876 = CARTESIAN_POINT ( 'NONE',  ( -95.00000000000000000, -53.00000000000000000, -20.00000000000000000 ) ) ;
#2877 = AXIS2_PLACEMENT_3D ( 'NONE', #5538, #8212, #2237 ) ;
#2878 = ORIENTED_EDGE ( 'NONE', *, *, #2866, .T. ) ;
#2879 = ORIENTED_EDGE ( 'NONE', *, *, #3447, .T. ) ;
#2880 = ORIENTED_EDGE ( 'NONE', *, *, #5857, .T. ) ;
#2881 = CARTESIAN_POINT ( 'NONE',  ( -28.04842788558745070, -20.00000000000000000, 20.00000000000000000 ) ) ;
#2882 = CYLINDRICAL_SURFACE ( 'NONE', #4985, 16.50000000000000000 ) ;
#2883 = LOCAL_TIME ( 0, 52, 31.00000000000000000, #3050 ) ;
#2884 = CARTESIAN_POINT ( 'NONE',  ( -9.500000000000000000, -30.00000000000000000, -9.500000000000000000 ) ) ;
#2885 = CARTESIAN_POINT ( 'NONE',  ( -12.50000000000000000, 23.00000000000000000, -15.45850000000000080 ) ) ;
#2886 = DIRECTION ( 'NONE',  ( 1.000000000000000000, 0.000000000000000000, 0.000000000000000000 ) ) ;
#2887 = VERTEX_POINT ( 'NONE', #1143 ) ;
#2888 = CC_DESIGN_APPROVAL ( #5468, ( #936 ) ) ;
#2889 = VERTEX_POINT ( 'NONE', #3317 ) ;
#2890 = AXIS2_PLACEMENT_3D ( 'NONE', #1479, #294, #199 ) ;
#2891 = LINE ( 'NONE', #92, #6528 ) ;
#2892 = CARTESIAN_POINT ( 'NONE',  ( -13.00000000000000000, -23.00000000000000000, 13.00000000000000000 ) ) ;
#2893 = ADVANCED_FACE ( 'NONE', ( #5282 ), #4056, .T. ) ;
#2894 = CARTESIAN_POINT ( 'NONE',  ( -36.98999976899479947, -26.00999985420455118, 10.00000000000000000 ) ) ;
#2895 = DIRECTION ( 'NONE',  ( -1.000000000000000000, 0.000000000000000000, 0.000000000000000000 ) ) ;
#2896 = EDGE_CURVE ( 'NONE', #1784, #6162, #737, .T. ) ;
#2897 = DIRECTION ( 'NONE',  ( 0.000000000000000000, 1.000000000000000000, 0.000000000000000000 ) ) ;
#2898 = EDGE_CURVE ( 'NONE', #3078, #1280, #732, .T. ) ;
#2899 = CARTESIAN_POINT ( 'NONE',  ( -13.00000000000000000, -24.59247459621600029, 14.59247459621600029 ) ) ;
#2900 = UNCERTAINTY_MEASURE_WITH_UNIT (LENGTH_MEASURE( 1.000000000000000082E-05 ), #5983, 'distance_accuracy_value', 'NONE');
#2901 = AXIS2_PLACEMENT_3D ( 'NONE', #7091, #1637, #3683 ) ;
#2902 = AXIS2_PLACEMENT_3D ( 'NONE', #4810, #4735, #7394 ) ;
#2903 = ORIENTED_EDGE ( 'NONE', *, *, #4919, .F. ) ;
#2904 = ORIENTED_EDGE ( 'NONE', *, *, #1024, .F. ) ;
#2905 = LINE ( 'NONE', #2163, #7942 ) ;
#2906 = AXIS2_PLACEMENT_3D ( 'NONE', #1962, #5264, #7274 ) ;
#2907 = CARTESIAN_POINT ( 'NONE',  ( 31.00000000000000000, -33.00000000000000000, -13.00000000000000178 ) ) ;
#2908 = VECTOR ( 'NONE', #4228, 1000.000000000000000 ) ;
#2909 = CARTESIAN_POINT ( 'NONE',  ( -43.00999999999999801, 23.00000000000000000, 10.00000000000000000 ) ) ;
#2910 = PLANE ( 'NONE',  #3554 ) ;
#2911 = AXIS2_PLACEMENT_3D ( 'NONE', #8260, #3109, #5728 ) ;
#2912 = ORIENTED_EDGE ( 'NONE', *, *, #1979, .F. ) ;
#2913 = PLANE ( 'NONE',  #8360 ) ;
#2914 = EDGE_CURVE ( 'NONE', #729, #3546, #311, .T. ) ;
#2915 = CIRCLE ( 'NONE', #1942, 3.009999999999998899 ) ;
#2916 = ORIENTED_EDGE ( 'NONE', *, *, #589, .T. ) ;
#2917 = DIRECTION ( 'NONE',  ( 0.000000000000000000, 0.000000000000000000, -1.000000000000000000 ) ) ;
#2918 = ORIENTED_EDGE ( 'NONE', *, *, #3249, .T. ) ;
#2919 = ADVANCED_FACE ( 'NONE', ( #7253, #1438 ), #3972, .T. ) ;
#2920 = CC_DESIGN_PERSON_AND_ORGANIZATION_ASSIGNMENT ( #606, #1304, ( #2622 ) ) ;
#2921 = DIRECTION ( 'NONE',  ( 0.000000000000000000, 1.000000000000000000, 0.000000000000000000 ) ) ;
#2922 = VERTEX_POINT ( 'NONE', #3401 ) ;
#2923 = VECTOR ( 'NONE', #85, 1000.000000000000114 ) ;
#2924 = LINE ( 'NONE', #995, #8548 ) ;
#2925 = AXIS2_PLACEMENT_3D ( 'NONE', #6712, #2168, #8104 ) ;
#2926 = FACE_BOUND ( 'NONE', #7149, .T. ) ;
#2927 = ORIENTED_EDGE ( 'NONE', *, *, #1387, .T. ) ;
#2928 = VECTOR ( 'NONE', #7291, 1000.000000000000000 ) ;
#2929 = VECTOR ( 'NONE', #1843, 1000.000000000000000 ) ;
#2930 = ORIENTED_EDGE ( 'NONE', *, *, #6319, .F. ) ;
#2931 = EDGE_CURVE ( 'NONE', #4026, #7673, #6307, .T. ) ;
#2932 = VECTOR ( 'NONE', #3781, 1000.000000000000000 ) ;
#2933 = CARTESIAN_POINT ( 'NONE',  ( -36.25000000000000000, -49.79999999999999716, 13.00000000000000178 ) ) ;
#2934 = DIRECTION ( 'NONE',  ( 0.000000000000000000, 1.000000000000000000, 0.000000000000000000 ) ) ;
#2935 = DIRECTION ( 'NONE',  ( 2.478637450325925029E-15, 0.000000000000000000, -1.000000000000000000 ) ) ;
#2936 = FACE_OUTER_BOUND ( 'NONE', #6724, .T. ) ;
#2937 = CARTESIAN_POINT ( 'NONE',  ( 0.000000000000000000, -30.00000000000000000, -20.00000000000000000 ) ) ;
#2938 = ORIENTED_EDGE ( 'NONE', *, *, #5339, .F. ) ;
#2939 = ORIENTED_EDGE ( 'NONE', *, *, #2268, .F. ) ;
#2940 = DIRECTION ( 'NONE',  ( 0.000000000000000000, 1.000000000000000000, 0.000000000000000000 ) ) ;
#2941 = DIRECTION ( 'NONE',  ( 0.000000000000000000, 1.000000000000000000, 0.000000000000000000 ) ) ;
#2942 = DIRECTION ( 'NONE',  ( 0.000000000000000000, 0.000000000000000000, -1.000000000000000000 ) ) ;
#2943 = DIRECTION ( 'NONE',  ( 0.000000000000000000, 0.000000000000000000, -1.000000000000000000 ) ) ;
#2944 = VECTOR ( 'NONE', #4982, 1000.000000000000000 ) ;
#2945 = CARTESIAN_POINT ( 'NONE',  ( 54.00000000000000000, -53.00000000000000000, -16.50000000000000000 ) ) ;
#2946 = DIRECTION ( 'NONE',  ( 0.000000000000000000, 1.000000000000000000, 0.000000000000000000 ) ) ;
#2947 = ORIENTED_EDGE ( 'NONE', *, *, #5353, .T. ) ;
#2948 = ORIENTED_EDGE ( 'NONE', *, *, #1569, .F. ) ;
#2949 = DIRECTION ( 'NONE',  ( 0.000000000000000000, 0.000000000000000000, -1.000000000000000000 ) ) ;
#2950 = ADVANCED_FACE ( 'NONE', ( #6104, #3280 ), #4707, .T. ) ;
#2951 = DIRECTION ( 'NONE',  ( 0.000000000000000000, 0.000000000000000000, 1.000000000000000000 ) ) ;
#2952 = CARTESIAN_POINT ( 'NONE',  ( -59.00000000000000000, -20.00000000000000000, -19.80000000000000071 ) ) ;
#2953 = CARTESIAN_POINT ( 'NONE',  ( -67.00000000000000000, 30.00000000000000000, -19.75000000000000000 ) ) ;
#2954 = DIRECTION ( 'NONE',  ( 0.000000000000000000, 1.000000000000000000, 0.000000000000000000 ) ) ;
#2955 = EDGE_CURVE ( 'NONE', #2655, #1658, #5198, .T. ) ;
#2956 = VERTEX_POINT ( 'NONE', #700 ) ;
#2957 = EDGE_CURVE ( 'NONE', #562, #1002, #2096, .T. ) ;
#2958 = CLOSED_SHELL ( 'NONE', ( #4758, #761, #1741, #6889, #5316, #8412, #2545, #2284, #1257, #6008, #1720, #5838, #2585, #1462, #7300, #7748, #3347, #3650, #4040, #3201, #3585, #1372, #6200, #3758, #2685, #2738, #4537, #3540, #8600, #4125, #1782, #6860, #5145, #7273, #6784, #4242, #4476, #6873, #846, #8178, #1771, #5097, #5151, #3537, #4409, #1840, #3115, #5448, #7165, #8612, #5939, #3833, #2789, #2893, #5192, #1842, #2598, #6591, #4281, #4230, #4207, #5553, #6284, #7080, #8391, #920, #4155, #7583, #2534, #5517, #2204, #7501, #459, #6426, #7289, #6275, #4041, #8525, #1997, #579, #6021, #3708, #4021, #7257, #2145, #8187, #6859, #6172, #6257, #4119, #5626, #442, #1522, #3917, #6991, #505, #3746, #7647, #7502, #5326, #6203, #1305, #7920, #139, #7220, #5411, #969, #4877, #8497, #8634, #817, #792, #2660, #5674, #7223, #2983, #7044, #3438, #756, #3806, #3973, #1668, #8571, #1838, #5831, #5656, #7541, #2865, #1676, #4349, #2049, #7938, #289, #4549, #8023, #8597, #6492, #7193, #550, #3671, #8136, #7517, #1213, #6634, #5090, #5896, #8364, #8504, #772, #5399, #7481, #4419, #1431, #1084, #6651, #6220, #215, #5187, #6559, #3505, #1544, #2424, #4728, #956, #3873, #8125, #6064, #7227, #2739, #1080, #4935, #1899, #12, #8024 ) ) ;
#2959 = EDGE_CURVE ( 'NONE', #5367, #6143, #3953, .T. ) ;
#2960 = DIRECTION ( 'NONE',  ( 0.000000000000000000, 0.000000000000000000, -1.000000000000000000 ) ) ;
#2961 = VERTEX_POINT ( 'NONE', #3932 ) ;
#2962 = DIRECTION ( 'NONE',  ( 0.000000000000000000, 1.000000000000000000, 0.000000000000000000 ) ) ;
#2963 = ORIENTED_EDGE ( 'NONE', *, *, #57, .F. ) ;
#2964 = CARTESIAN_POINT ( 'NONE',  ( -17.67766952966359995, -13.60000000000000142, -17.67766952966377403 ) ) ;
#2965 = CALENDAR_DATE ( 2026, 24, 3 ) ;
#2966 = CARTESIAN_POINT ( 'NONE',  ( 17.67766952966359995, -13.60000000000000142, 17.67766952966379534 ) ) ;
#2967 = EDGE_CURVE ( 'NONE', #8563, #7797, #3261, .T. ) ;
#2968 = AXIS2_PLACEMENT_3D ( 'NONE', #3800, #3063, #6459 ) ;
#2969 = ORIENTED_EDGE ( 'NONE', *, *, #6576, .T. ) ;
#2970 = EDGE_LOOP ( 'NONE', ( #590, #3451, #7102, #3314, #2642, #5928, #1425 ) ) ;
#2971 = CARTESIAN_POINT ( 'NONE',  ( 4.996003610813199699E-15, 0.000000000000000000, 0.000000000000000000 ) ) ;
#2972 = AXIS2_PLACEMENT_3D ( 'NONE', #7455, #5528, #3493 ) ;
#2973 = CARTESIAN_POINT ( 'NONE',  ( -31.00000000000000000, -49.79999999999999716, 13.00000000000000178 ) ) ;
#2974 = CARTESIAN_POINT ( 'NONE',  ( -56.50000000000000000, -20.00000000000000000, -19.80000000000000071 ) ) ;
#2975 = CARTESIAN_POINT ( 'NONE',  ( -67.00000000000000000, -14.55000000000000071, -20.00000000000000000 ) ) ;
#2976 = ORIENTED_EDGE ( 'NONE', *, *, #1487, .T. ) ;
#2977 = EDGE_LOOP ( 'NONE', ( #2263, #1348, #1437, #5830 ) ) ;
#2978 = DIRECTION ( 'NONE',  ( 0.000000000000000000, 0.000000000000000000, 1.000000000000000000 ) ) ;
#2979 = CARTESIAN_POINT ( 'NONE',  ( -95.00000000000000000, -53.00000000000000000, -20.00000000000000000 ) ) ;
#2980 = CARTESIAN_POINT ( 'NONE',  ( 32.37712658144387490, -42.69607219265873965, -18.07120899813062209 ) ) ;
#2981 = CARTESIAN_POINT ( 'NONE',  ( -12.50000000000000000, -23.00000000000000000, 15.45850000000000080 ) ) ;
#2982 = FACE_OUTER_BOUND ( 'NONE', #4200, .T. ) ;
#2983 = ADVANCED_FACE ( 'NONE', ( #1 ), #4668, .F. ) ;
#2984 = AXIS2_PLACEMENT_3D ( 'NONE', #5853, #8466, #7818 ) ;
#2985 = CARTESIAN_POINT ( 'NONE',  ( -9.500000000000000000, -30.00000000000000000, -12.00000000000000000 ) ) ;
#2986 = ORIENTED_EDGE ( 'NONE', *, *, #1103, .T. ) ;
#2987 = ORIENTED_EDGE ( 'NONE', *, *, #2128, .T. ) ;
#2988 = DIRECTION ( 'NONE',  ( 2.775557561562890957E-15, 0.000000000000000000, -1.000000000000000000 ) ) ;
#2989 = CARTESIAN_POINT ( 'NONE',  ( -67.00000000000000000, -30.00000000000000000, 7.250000000000000000 ) ) ;
#2990 = FACE_BOUND ( 'NONE', #3481, .T. ) ;
#2991 = VECTOR ( 'NONE', #3914, 1000.000000000000000 ) ;
#2992 = CARTESIAN_POINT ( 'NONE',  ( 17.67766952966359995, -13.60000000000000142, 22.92766952966379534 ) ) ;
#2993 = CARTESIAN_POINT ( 'NONE',  ( -46.00000000000000000, 30.00000000000000000, -1.699999999999999956 ) ) ;
#2994 = EDGE_CURVE ( 'NONE', #6711, #7854, #1440, .T. ) ;
#2995 = ORIENTED_EDGE ( 'NONE', *, *, #3485, .T. ) ;
#2996 = AXIS2_PLACEMENT_3D ( 'NONE', #1011, #5111, #1674 ) ;
#2997 = AXIS2_PLACEMENT_3D ( 'NONE', #416, #7744, #8444 ) ;
#2998 = DIRECTION ( 'NONE',  ( -1.000000000000000000, 0.000000000000000000, 0.000000000000000000 ) ) ;
#2999 = ORIENTED_EDGE ( 'NONE', *, *, #7589, .F. ) ;
#3000 = DIRECTION ( 'NONE',  ( 0.000000000000000000, -1.000000000000000000, 0.000000000000000000 ) ) ;
#3001 = ORIENTED_EDGE ( 'NONE', *, *, #5243, .T. ) ;
#3002 = VECTOR ( 'NONE', #4025, 1000.000000000000000 ) ;
#3003 = ADVANCED_FACE ( 'NONE', ( #6718, #8594 ), #2623, .T. ) ;
#3004 = DIRECTION ( 'NONE',  ( 0.9999999999999898970, -1.418616808662140949E-07, 0.000000000000000000 ) ) ;
#3005 = CALENDAR_DATE ( 2026, 24, 3 ) ;
#3006 = EDGE_CURVE ( 'NONE', #4702, #7444, #1313, .T. ) ;
#3007 = DIRECTION ( 'NONE',  ( 0.000000000000000000, -1.000000000000000000, 0.000000000000000000 ) ) ;
#3008 = EDGE_CURVE ( 'NONE', #3212, #8278, #1355, .T. ) ;
#3009 = ORIENTED_EDGE ( 'NONE', *, *, #862, .T. ) ;
#3010 = EDGE_LOOP ( 'NONE', ( #5757, #1845, #7430, #5045 ) ) ;
#3011 = ORIENTED_EDGE ( 'NONE', *, *, #4811, .F. ) ;
#3012 = DIRECTION ( 'NONE',  ( 1.000000000000000000, 0.000000000000000000, 0.000000000000000000 ) ) ;
#3013 = CARTESIAN_POINT ( 'NONE',  ( 17.67766952966359995, -13.60000000000000142, -17.67766952966378469 ) ) ;
#3014 = DIRECTION ( 'NONE',  ( 1.000000000000000000, 0.000000000000000000, 0.000000000000000000 ) ) ;
#3015 = DIRECTION ( 'NONE',  ( 0.000000000000000000, 0.000000000000000000, -1.000000000000000000 ) ) ;
#3016 = CARTESIAN_POINT ( 'NONE',  ( -67.00000000000000000, 14.55000000000000071, 20.00000000000000000 ) ) ;
#3017 = ORIENTED_EDGE ( 'NONE', *, *, #2023, .T. ) ;
#3018 = ORIENTED_EDGE ( 'NONE', *, *, #1387, .F. ) ;
#3019 = EDGE_CURVE ( 'NONE', #8227, #8625, #825, .T. ) ;
#3020 = APPROVAL ( #8416, 'UNSPECIFIED' ) ;
#3021 = CARTESIAN_POINT ( 'NONE',  ( 2.081668171172170091E-14, -6.600000000000001421, 0.000000000000000000 ) ) ;
#3022 = DIRECTION ( 'NONE',  ( 0.000000000000000000, -1.000000000000000000, 0.000000000000000000 ) ) ;
#3023 = CARTESIAN_POINT ( 'NONE',  ( 17.67766952966359995, -55.20100000000000051, -22.92766952966378469 ) ) ;
#3024 = LINE ( 'NONE', #2981, #1467 ) ;
#3025 = CARTESIAN_POINT ( 'NONE',  ( -59.00000000000000000, -20.00000000000000000, 19.80000000000000071 ) ) ;
#3026 = AXIS2_PLACEMENT_3D ( 'NONE', #2580, #1314, #5238 ) ;
#3027 = DIRECTION ( 'NONE',  ( 0.000000000000000000, 1.000000000000000000, 0.000000000000000000 ) ) ;
#3028 = VERTEX_POINT ( 'NONE', #4317 ) ;
#3029 = AXIS2_PLACEMENT_3D ( 'NONE', #2039, #5880, #600 ) ;
#3030 = VERTEX_POINT ( 'NONE', #6228 ) ;
#3031 = DIRECTION ( 'NONE',  ( 0.000000000000000000, 0.000000000000000000, -1.000000000000000000 ) ) ;
#3032 = DIRECTION ( 'NONE',  ( 0.000000000000000000, 0.000000000000000000, 1.000000000000000000 ) ) ;
#3033 = APPROVAL_PERSON_ORGANIZATION ( #8636, #4197, #5971 ) ;
#3034 = DIRECTION ( 'NONE',  ( -1.000000000000000000, -1.152640183373294164E-15, 0.000000000000000000 ) ) ;
#3035 = EDGE_CURVE ( 'NONE', #2703, #6519, #1716, .T. ) ;
#3036 = CARTESIAN_POINT ( 'NONE',  ( -72.59999999999999432, -53.00000000000000000, 8.600000000000129319 ) ) ;
#3037 = FACE_OUTER_BOUND ( 'NONE', #4696, .T. ) ;
#3038 = CIRCLE ( 'NONE', #3601, 2.700000000000001066 ) ;
#3039 = CIRCLE ( 'NONE', #6101, 2.399999999999999467 ) ;
#3040 = ORIENTED_EDGE ( 'NONE', *, *, #859, .F. ) ;
#3041 = VECTOR ( 'NONE', #7018, 1000.000000000000000 ) ;
#3042 = ORIENTED_EDGE ( 'NONE', *, *, #7713, .T. ) ;
#3043 = CARTESIAN_POINT ( 'NONE',  ( -0.5656854249492400122, 0.000000000000000000, 0.000000000000000000 ) ) ;
#3044 = VECTOR ( 'NONE', #141, 999.9999999999998863 ) ;
#3045 = ORIENTED_EDGE ( 'NONE', *, *, #1120, .F. ) ;
#3046 = DIRECTION ( 'NONE',  ( 0.000000000000000000, 0.000000000000000000, -1.000000000000000000 ) ) ;
#3047 = ORIENTED_EDGE ( 'NONE', *, *, #1953, .F. ) ;
#3049 = LINE ( 'NONE', #7012, #5285 ) ;
#3048 = VECTOR ( 'NONE', #4535, 1000.000000000000000 ) ;
#3050 = COORDINATED_UNIVERSAL_TIME_OFFSET ( 6, 0, .BEHIND. ) ;
#3051 = VECTOR ( 'NONE', #7769, 1000.000000000000000 ) ;
#3052 = CARTESIAN_POINT ( 'NONE',  ( -40.00000000000000000, 23.00000000000000000, -20.00000000000000000 ) ) ;
#3053 = ORIENTED_EDGE ( 'NONE', *, *, #421, .F. ) ;
#3054 = EDGE_CURVE ( 'NONE', #8180, #6507, #3666, .T. ) ;
#3055 = VERTEX_POINT ( 'NONE', #3622 ) ;
#3056 = CYLINDRICAL_SURFACE ( 'NONE', #2759, 3.100000000000000533 ) ;
#3057 = AXIS2_PLACEMENT_3D ( 'NONE', #7039, #1018, #3682 ) ;
#3058 = VECTOR ( 'NONE', #4352, 999.9999999999998863 ) ;
#3060 = EDGE_LOOP ( 'NONE', ( #8464, #3192, #2701, #2203 ) ) ;
#3059 = EDGE_CURVE ( 'NONE', #497, #4643, #2924, .T. ) ;
#3061 = FACE_OUTER_BOUND ( 'NONE', #2977, .T. ) ;
#3062 = CARTESIAN_POINT ( 'NONE',  ( -12.50000000000000000, -23.00000000000000000, 13.00000000000000000 ) ) ;
#3063 = DIRECTION ( 'NONE',  ( 1.000000000000000000, 0.000000000000000000, 0.000000000000000000 ) ) ;
#3064 = CARTESIAN_POINT ( 'NONE',  ( -54.00000000000000000, -20.00000000000000000, 19.80000000000000071 ) ) ;
#3065 = AXIS2_PLACEMENT_3D ( 'NONE', #3458, #4027, #7426 ) ;
#3066 = VECTOR ( 'NONE', #1294, 1000.000000000000000 ) ;
#3067 = EDGE_LOOP ( 'NONE', ( #5817, #3910, #574, #5876 ) ) ;
#3068 = EDGE_CURVE ( 'NONE', #5976, #6390, #4225, .T. ) ;
#3069 = ORIENTED_EDGE ( 'NONE', *, *, #3960, .T. ) ;
#3070 = EDGE_CURVE ( 'NONE', #7215, #4452, #6598, .T. ) ;
#3071 = DIRECTION ( 'NONE',  ( 0.000000000000000000, 1.000000000000000000, 0.000000000000000000 ) ) ;
#3072 = CARTESIAN_POINT ( 'NONE',  ( 32.60500057192925993, -42.77362094615757115, -7.995636914640320114 ) ) ;
#3073 = DIRECTION ( 'NONE',  ( 0.9999999999999901190, 1.416129997710645295E-07, 0.000000000000000000 ) ) ;
#3074 = CARTESIAN_POINT ( 'NONE',  ( 85.00000000000000000, -38.00000000000000000, -20.00000000000000000 ) ) ;
#3075 = CARTESIAN_POINT ( 'NONE',  ( 2.081668171172170091E-14, 0.000000000000000000, 0.000000000000000000 ) ) ;
#3076 = CARTESIAN_POINT ( 'NONE',  ( -67.00000000000000000, -53.00000000000000000, -19.75000000000000000 ) ) ;
#3077 = EDGE_CURVE ( 'NONE', #8365, #3308, #1014, .T. ) ;
#3078 = VERTEX_POINT ( 'NONE', #861 ) ;
#3079 = ORIENTED_EDGE ( 'NONE', *, *, #1452, .T. ) ;
#3080 = DIRECTION ( 'NONE',  ( 1.000000000000000000, 0.000000000000000000, 0.000000000000000000 ) ) ;
#3081 = LINE ( 'NONE', #3645, #8473 ) ;
#3082 = CARTESIAN_POINT ( 'NONE',  ( -48.00000000000000000, 30.00000000000000000, 10.54150000000000098 ) ) ;
#3083 = DIRECTION ( 'NONE',  ( 0.000000000000000000, 1.000000000000000000, 0.000000000000000000 ) ) ;
#3084 = CARTESIAN_POINT ( 'NONE',  ( -54.00000000000000000, -53.00000000000000000, 16.50000000000000000 ) ) ;
#3085 = EDGE_CURVE ( 'NONE', #2312, #87, #2830, .T. ) ;
#3086 = ORIENTED_EDGE ( 'NONE', *, *, #5190, .F. ) ;
#3087 = VERTEX_POINT ( 'NONE', #5617 ) ;
#3088 = DIRECTION ( 'NONE',  ( 0.000000000000000000, -1.000000000000000000, 0.000000000000000000 ) ) ;
#3089 = EDGE_LOOP ( 'NONE', ( #3519, #8229, #6448, #7609 ) ) ;
#3090 = CARTESIAN_POINT ( 'NONE',  ( -36.99000000000000199, 23.00000000000000000, -2.299999999999999822 ) ) ;
#3091 = CARTESIAN_POINT ( 'NONE',  ( -37.23954713860204890, -24.19999999999999929, 1.699999999999999956 ) ) ;
#3092 = ORIENTED_EDGE ( 'NONE', *, *, #3980, .T. ) ;
#3093 = CARTESIAN_POINT ( 'NONE',  ( 2.467431912903586439E-14, 0.000000000000000000, -31.50000000000000000 ) ) ;
#3094 = CARTESIAN_POINT ( 'NONE',  ( 23.04842788558745070, -25.00000000000000000, -20.00000000000000000 ) ) ;
#3095 = APPROVAL_ROLE ( '' ) ;
#3096 = CARTESIAN_POINT ( 'NONE',  ( -56.50000000000000000, 20.00000000000000000, 20.00000000000000000 ) ) ;
#3097 = CIRCLE ( 'NONE', #6720, 2.458500000000000796 ) ;
#3098 = VERTEX_POINT ( 'NONE', #6316 ) ;
#3099 =( BOUNDED_CURVE ( )  B_SPLINE_CURVE ( 3, ( #2594, #2510, #6431, #4512 ),
 .UNSPECIFIED., .F., .F. ) 
 B_SPLINE_CURVE_WITH_KNOTS ( ( 4, 4 ),
 ( 4.986496521010519878, 5.378904046263060401 ),
 .UNSPECIFIED. ) 
 CURVE ( )  GEOMETRIC_REPRESENTATION_ITEM ( )  RATIONAL_B_SPLINE_CURVE ( ( 1.000000000000000000, 0.9872091399347590057, 0.9872091399347590057, 1.000000000000000000 ) ) 
 REPRESENTATION_ITEM ( '' )  );
#3100 = ORIENTED_EDGE ( 'NONE', *, *, #3980, .F. ) ;
#3101 = ORIENTED_EDGE ( 'NONE', *, *, #5704, .T. ) ;
#3102 = DIRECTION ( 'NONE',  ( 0.000000000000000000, 1.000000000000000000, 0.000000000000000000 ) ) ;
#3103 = ORIENTED_EDGE ( 'NONE', *, *, #4078, .T. ) ;
#3104 = CARTESIAN_POINT ( 'NONE',  ( -40.00000000000000000, 23.00000000000000000, -20.00000000000000000 ) ) ;
#3105 = CYLINDRICAL_SURFACE ( 'NONE', #4914, 5.250000000000000888 ) ;
#3106 = DIRECTION ( 'NONE',  ( 0.7071067811865600072, -8.659560562355089398E-17, 0.7071067811865350272 ) ) ;
#3107 = ORIENTED_EDGE ( 'NONE', *, *, #8445, .T. ) ;
#3108 = VERTEX_POINT ( 'NONE', #4185 ) ;
#3109 = DIRECTION ( 'NONE',  ( 0.000000000000000000, -1.000000000000000000, 0.000000000000000000 ) ) ;
#3110 = CARTESIAN_POINT ( 'NONE',  ( 30.72574871806648389, -41.68840946071080822, -7.753760230082565208 ) ) ;
#3111 = CARTESIAN_POINT ( 'NONE',  ( 34.11042744160234719, -43.00000000000000000, -17.22939016059373074 ) ) ;
#3112 = CARTESIAN_POINT ( 'NONE',  ( 0.000000000000000000, -31.50000000000000000, 20.00000000000000000 ) ) ;
#3113 = EDGE_CURVE ( 'NONE', #3108, #3997, #174, .T. ) ;
#3114 = LINE ( 'NONE', #1897, #8357 ) ;
#3115 = ADVANCED_FACE ( 'NONE', ( #1609 ), #2828, .F. ) ;
#3116 = DIRECTION ( 'NONE',  ( 1.000000000000000000, 0.000000000000000000, 0.000000000000000000 ) ) ;
#3117 = ORIENTED_EDGE ( 'NONE', *, *, #5937, .T. ) ;
#3118 = ORIENTED_EDGE ( 'NONE', *, *, #3068, .T. ) ;
#3119 = FACE_OUTER_BOUND ( 'NONE', #520, .T. ) ;
#3120 = CARTESIAN_POINT ( 'NONE',  ( -56.50000000000000000, -20.00000000000000000, 20.00000000000000000 ) ) ;
#3121 = DIRECTION ( 'NONE',  ( 0.000000000000000000, -1.000000000000000000, 0.000000000000000000 ) ) ;
#3122 = DIRECTION ( 'NONE',  ( 0.000000000000000000, 1.000000000000000000, 0.000000000000000000 ) ) ;
#3123 = LINE ( 'NONE', #7269, #3066 ) ;
#3124 = VECTOR ( 'NONE', #5718, 1000.000000000000000 ) ;
#3125 = ORIENTED_EDGE ( 'NONE', *, *, #2241, .F. ) ;
#3126 = ORIENTED_EDGE ( 'NONE', *, *, #6161, .T. ) ;
#3127 = CIRCLE ( 'NONE', #1738, 4.999999999999997335 ) ;
#3128 = FACE_OUTER_BOUND ( 'NONE', #6977, .T. ) ;
#3129 = EDGE_LOOP ( 'NONE', ( #5378, #3508 ) ) ;
#3130 = DIRECTION ( 'NONE',  ( -1.000000000000000000, 0.000000000000000000, 0.000000000000000000 ) ) ;
#3131 = DIRECTION ( 'NONE',  ( 0.7071067811865600072, 0.000000000000000000, -0.7071067811865350272 ) ) ;
#3132 = EDGE_CURVE ( 'NONE', #7528, #6227, #5443, .T. ) ;
#3134 = ORIENTED_EDGE ( 'NONE', *, *, #6741, .T. ) ;
#3133 = EDGE_CURVE ( 'NONE', #2227, #5037, #739, .T. ) ;
#3135 = DIRECTION ( 'NONE',  ( 0.000000000000000000, 0.000000000000000000, -1.000000000000000000 ) ) ;
#3136 = DIRECTION ( 'NONE',  ( -1.000000000000000000, 0.000000000000000000, 0.000000000000000000 ) ) ;
#3137 = APPROVAL_DATE_TIME ( #4921, #4466 ) ;
#3138 = CIRCLE ( 'NONE', #342, 2.458500000000002572 ) ;
#3139 = VECTOR ( 'NONE', #2336, 1000.000000000000000 ) ;
#3140 = DIRECTION ( 'NONE',  ( -1.000000000000000000, 0.000000000000000000, 0.000000000000000000 ) ) ;
#3141 = ORIENTED_EDGE ( 'NONE', *, *, #6471, .T. ) ;
#3142 = ORIENTED_EDGE ( 'NONE', *, *, #6796, .T. ) ;
#3143 = ORIENTED_EDGE ( 'NONE', *, *, #975, .T. ) ;
#3144 = PLANE ( 'NONE',  #8620 ) ;
#3145 = VECTOR ( 'NONE', #5681, 1000.000000000000000 ) ;
#3146 = AXIS2_PLACEMENT_3D ( 'NONE', #1240, #7297, #1322 ) ;
#3147 = EDGE_LOOP ( 'NONE', ( #7973, #6579, #6084, #6715, #483, #7822, #6234, #7698, #921, #6320, #2684, #1873 ) ) ;
#3148 = CARTESIAN_POINT ( 'NONE',  ( -67.00000000000000000, 11.24999999999927880, -19.69999999999999929 ) ) ;
#3149 = ADVANCED_FACE ( 'NONE', ( #5482 ), #7626, .F. ) ;
#3150 = CARTESIAN_POINT ( 'NONE',  ( 31.00000000000000000, -49.79999999999999716, -13.00000000000000178 ) ) ;
#3151 = PLANE ( 'NONE',  #1944 ) ;
#3152 = AXIS2_PLACEMENT_3D ( 'NONE', #230, #3027, #4904 ) ;
#3153 = EDGE_LOOP ( 'NONE', ( #4880, #6875, #6921, #8291 ) ) ;
#3154 = EDGE_LOOP ( 'NONE', ( #2057, #64, #7728, #7353, #611, #7876, #715, #1129, #2606, #4094, #1869, #3163, #6674, #714, #1728, #6002 ) ) ;
#3155 = FACE_OUTER_BOUND ( 'NONE', #972, .T. ) ;
#3156 = DIRECTION ( 'NONE',  ( -1.000000000000000000, 0.000000000000000000, 0.000000000000000000 ) ) ;
#3157 = CARTESIAN_POINT ( 'NONE',  ( 2.664535259100374514E-15, 23.00000000000000000, -13.00000000000000000 ) ) ;
#3158 = DIRECTION ( 'NONE',  ( 0.000000000000000000, 1.000000000000000000, 0.000000000000000000 ) ) ;
#3159 = CARTESIAN_POINT ( 'NONE',  ( -67.00000000000000000, -30.00000000000000000, 20.00000000000000000 ) ) ;
#3160 = DIRECTION ( 'NONE',  ( 1.000000000000000000, 0.000000000000000000, 0.000000000000000000 ) ) ;
#3161 = ORIENTED_EDGE ( 'NONE', *, *, #5931, .T. ) ;
#3162 = AXIS2_PLACEMENT_3D ( 'NONE', #8242, #900, #4879 ) ;
#3163 = ORIENTED_EDGE ( 'NONE', *, *, #1963, .T. ) ;
#3164 = EDGE_CURVE ( 'NONE', #5500, #780, #1861, .T. ) ;
#3165 = FACE_OUTER_BOUND ( 'NONE', #670, .T. ) ;
#3166 = DIRECTION ( 'NONE',  ( 0.7071067811862390418, 0.000000000000000000, -0.7071067811868561037 ) ) ;
#3167 = CARTESIAN_POINT ( 'NONE',  ( -78.64644660940700760, -53.00000000000000000, -8.900000000000000355 ) ) ;
#3168 = DIRECTION ( 'NONE',  ( 0.000000000000000000, 1.000000000000000000, 0.000000000000000000 ) ) ;
#3169 = LINE ( 'NONE', #1122, #276 ) ;
#3170 = EDGE_CURVE ( 'NONE', #2728, #5440, #3533, .T. ) ;
#3171 = SECURITY_CLASSIFICATION ( '', '', #7717 ) ;
#3172 = AXIS2_PLACEMENT_3D ( 'NONE', #3307, #8630, #2696 ) ;
#3173 = VERTEX_POINT ( 'NONE', #6185 ) ;
#3174 = ORIENTED_EDGE ( 'NONE', *, *, #3281, .T. ) ;
#3175 = LOCAL_TIME ( 0, 52, 31.00000000000000000, #4397 ) ;
#3176 = CARTESIAN_POINT ( 'NONE',  ( -29.57888850641910139, -40.11309130870348127, 20.00000000000000000 ) ) ;
#3177 = ORIENTED_EDGE ( 'NONE', *, *, #992, .T. ) ;
#3178 = FACE_OUTER_BOUND ( 'NONE', #6857, .T. ) ;
#3179 = FACE_OUTER_BOUND ( 'NONE', #6331, .T. ) ;
#3180 = EDGE_CURVE ( 'NONE', #571, #2922, #6928, .T. ) ;
#3181 = EDGE_LOOP ( 'NONE', ( #2102, #783, #1908, #3018 ) ) ;
#3182 = DIRECTION ( 'NONE',  ( 0.000000000000000000, 1.000000000000000000, 0.000000000000000000 ) ) ;
#3183 = CIRCLE ( 'NONE', #2902, 2.399999999999999467 ) ;
#3184 = CYLINDRICAL_SURFACE ( 'NONE', #1951, 2.066999999999999282 ) ;
#3185 = APPROVAL_STATUS ( 'not_yet_approved' ) ;
#3186 = CARTESIAN_POINT ( 'NONE',  ( -37.23954713860204890, -24.19999999999999929, -2.299999999999999822 ) ) ;
#3187 = AXIS2_PLACEMENT_3D ( 'NONE', #5355, #70, #2742 ) ;
#3188 = ORIENTED_EDGE ( 'NONE', *, *, #6014, .F. ) ;
#3189 = CIRCLE ( 'NONE', #7365, 0.1999999999992989608 ) ;
#3190 = EDGE_CURVE ( 'NONE', #8010, #4004, #2223, .T. ) ;
#3191 = VECTOR ( 'NONE', #6853, 1000.000000000000000 ) ;
#3192 = ORIENTED_EDGE ( 'NONE', *, *, #5823, .F. ) ;
#3193 = VERTEX_POINT ( 'NONE', #6450 ) ;
#3194 = CARTESIAN_POINT ( 'NONE',  ( 17.67766952966359995, -6.600000000000001421, -17.67766952966378469 ) ) ;
#3195 = VECTOR ( 'NONE', #8277, 1000.000000000000000 ) ;
#3196 = DIRECTION ( 'NONE',  ( 0.000000000000000000, 0.000000000000000000, 1.000000000000000000 ) ) ;
#3197 = VECTOR ( 'NONE', #3404, 1000.000000000000000 ) ;
#3198 = AXIS2_PLACEMENT_3D ( 'NONE', #6249, #1711, #8387 ) ;
#3199 = CARTESIAN_POINT ( 'NONE',  ( -17.67766952966355376, -13.60000000000000142, 17.67766952966379534 ) ) ;
#3200 = CARTESIAN_POINT ( 'NONE',  ( -40.00000000000000000, -23.00000000000000000, -20.00000000000000000 ) ) ;
#3201 = ADVANCED_FACE ( 'NONE', ( #1829 ), #3184, .F. ) ;
#3202 = CIRCLE ( 'NONE', #6121, 0.2500000000000002220 ) ;
#3203 = ORIENTED_EDGE ( 'NONE', *, *, #1059, .T. ) ;
#3204 = VERTEX_POINT ( 'NONE', #2485 ) ;
#3205 = DIRECTION ( 'NONE',  ( 0.000000000000000000, 0.000000000000000000, -1.000000000000000000 ) ) ;
#3206 = CARTESIAN_POINT ( 'NONE',  ( -48.00000000000000000, 19.00000000000000000, -13.00000000000000000 ) ) ;
#3207 = LINE ( 'NONE', #1893, #6339 ) ;
#3208 = CYLINDRICAL_SURFACE ( 'NONE', #7880, 5.000000000000004441 ) ;
#3209 = CIRCLE ( 'NONE', #8078, 2.500000000000002220 ) ;
#3210 = CIRCLE ( 'NONE', #412, 2.458500000000000796 ) ;
#3211 = LINE ( 'NONE', #7212, #7377 ) ;
#3212 = VERTEX_POINT ( 'NONE', #5093 ) ;
#3213 = EDGE_LOOP ( 'NONE', ( #5116, #2444, #887, #5936 ) ) ;
#3214 = DIRECTION ( 'NONE',  ( -1.420063285502155360E-07, 0.000000000000000000, 0.9999999999999898970 ) ) ;
#3215 = CYLINDRICAL_SURFACE ( 'NONE', #530, 5.000000000000004441 ) ;
#3216 = DIRECTION ( 'NONE',  ( 0.000000000000000000, -1.000000000000000000, 0.000000000000000000 ) ) ;
#3217 = DIRECTION ( 'NONE',  ( -1.000000000000000000, 0.000000000000000000, 0.000000000000000000 ) ) ;
#3218 = DIRECTION ( 'NONE',  ( 1.000000000000000000, 0.000000000000000000, 2.741674628273495071E-16 ) ) ;
#3219 = PRODUCT_DEFINITION_SHAPE ( 'NONE', 'NONE',  #8643 ) ;
#3220 = EDGE_LOOP ( 'NONE', ( #4412, #7832 ) ) ;
#3221 = EDGE_LOOP ( 'NONE', ( #1027, #3497 ) ) ;
#3222 = EDGE_CURVE ( 'NONE', #2514, #7449, #1696, .T. ) ;
#3223 = PLANE ( 'NONE',  #6110 ) ;
#3224 = VERTEX_POINT ( 'NONE', #376 ) ;
#3225 = DIRECTION ( 'NONE',  ( -1.000000000000000000, 0.000000000000000000, 0.000000000000000000 ) ) ;
#3226 = CARTESIAN_POINT ( 'NONE',  ( -72.29999999999999716, 53.00000000000000000, -8.599999999999999645 ) ) ;
#3227 = EDGE_LOOP ( 'NONE', ( #1353, #2711, #7932, #3489 ) ) ;
#3228 = DIRECTION ( 'NONE',  ( 0.000000000000000000, 0.000000000000000000, -1.000000000000000000 ) ) ;
#3229 = CARTESIAN_POINT ( 'NONE',  ( -46.00000000000000000, 24.19999999999999929, 1.699999999999999956 ) ) ;
#3230 = DATE_AND_TIME ( #7897, #2750 ) ;
#3231 = EDGE_CURVE ( 'NONE', #1016, #4955, #1780, .T. ) ;
#3232 = ORIENTED_EDGE ( 'NONE', *, *, #7120, .T. ) ;
#3233 = EDGE_CURVE ( 'NONE', #4026, #2887, #3049, .T. ) ;
#3234 = ORIENTED_EDGE ( 'NONE', *, *, #5974, .T. ) ;
#3235 = ORIENTED_EDGE ( 'NONE', *, *, #4254, .T. ) ;
#3236 = DIRECTION ( 'NONE',  ( 0.000000000000000000, 0.000000000000000000, 1.000000000000000000 ) ) ;
#3237 = ORIENTED_EDGE ( 'NONE', *, *, #1970, .T. ) ;
#3238 = DIRECTION ( 'NONE',  ( 1.000000000000000000, 5.766704943023925441E-10, 0.000000000000000000 ) ) ;
#3239 = EDGE_CURVE ( 'NONE', #7786, #6945, #7850, .T. ) ;
#3240 = DIRECTION ( 'NONE',  ( -0.000000000000000000, 1.000000000000000000, 0.000000000000000000 ) ) ;
#3241 = CARTESIAN_POINT ( 'NONE',  ( 0.000000000000000000, 0.000000000000000000, 0.000000000000000000 ) ) ;
#3242 = CARTESIAN_POINT ( 'NONE',  ( -46.00000000000000000, -19.80000000000000071, -2.299999999999999822 ) ) ;
#3243 = B_SPLINE_CURVE_WITH_KNOTS ( 'NONE', 3,
 ( #4372, #7737, #1058, #6385, #3720, #1758, #6295, #6865, #4250, #4942, #227, #4903, #7607, #1587, #928, #1630 ),
 .UNSPECIFIED., .F., .F.,
 ( 4, 2, 2, 2, 2, 2, 2, 4 ),
 ( 0.000000000000000000, 0.001467528403636291553, 0.002201292605454436679, 0.002935056807272582238, 0.003668821009090727364, 0.004402585210908872490, 0.005136349412727017616, 0.005870113614545161874 ),
 .UNSPECIFIED. ) ;
#3244 = ORIENTED_EDGE ( 'NONE', *, *, #4661, .F. ) ;
#3245 = ORIENTED_EDGE ( 'NONE', *, *, #8228, .T. ) ;
#3246 = DIRECTION ( 'NONE',  ( 0.5000000000001910694, -1.060575238724772315E-16, -0.8660254037843282404 ) ) ;
#3247 = CARTESIAN_POINT ( 'NONE',  ( 33.05326925773255908, -42.89246191316858159, -8.162256509357456835 ) ) ;
#3248 = DIRECTION ( 'NONE',  ( 0.000000000000000000, 0.000000000000000000, -1.000000000000000000 ) ) ;
#3249 = EDGE_CURVE ( 'NONE', #6054, #3977, #3476, .T. ) ;
#3250 = LINE ( 'NONE', #4603, #3688 ) ;
#3251 = ADVANCED_FACE ( 'NONE', ( #4490, #6495 ), #4530, .F. ) ;
#3252 = FACE_BOUND ( 'NONE', #4913, .T. ) ;
#3253 = AXIS2_PLACEMENT_3D ( 'NONE', #2452, #4457, #5720 ) ;
#3254 = VERTEX_POINT ( 'NONE', #7192 ) ;
#3255 = ORIENTED_EDGE ( 'NONE', *, *, #356, .F. ) ;
#3256 = CYLINDRICAL_SURFACE ( 'NONE', #6959, 2.066999999999999282 ) ;
#3257 = LINE ( 'NONE', #8574, #1231 ) ;
#3258 = DIRECTION ( 'NONE',  ( 0.000000000000000000, 0.000000000000000000, -1.000000000000000000 ) ) ;
#3259 = DIRECTION ( 'NONE',  ( 0.000000000000000000, 1.000000000000000000, 0.000000000000000000 ) ) ;
#3260 = CARTESIAN_POINT ( 'NONE',  ( -67.00000000000000000, -30.00000000000000000, 20.00000000000000000 ) ) ;
#3261 = CIRCLE ( 'NONE', #7294, 0.2500000000000002220 ) ;
#3262 = EDGE_CURVE ( 'NONE', #6283, #1480, #8216, .T. ) ;
#3263 = ORIENTED_EDGE ( 'NONE', *, *, #3296, .F. ) ;
#3264 = VERTEX_POINT ( 'NONE', #6410 ) ;
#3265 = DIRECTION ( 'NONE',  ( 1.000000000000000000, 0.000000000000000000, 2.741674628273490140E-16 ) ) ;
#3266 = LINE ( 'NONE', #7937, #5818 ) ;
#3267 = EDGE_LOOP ( 'NONE', ( #5881, #6366, #6332, #231 ) ) ;
#3268 = DIRECTION ( 'NONE',  ( -1.000000000000000000, -1.411204780131629195E-15, 0.000000000000000000 ) ) ;
#3269 = DIRECTION ( 'NONE',  ( -1.000000000000000000, 0.000000000000000000, 0.000000000000000000 ) ) ;
#3270 = PERSON_AND_ORGANIZATION ( #5981, #4145 ) ;
#3271 = ORIENTED_EDGE ( 'NONE', *, *, #662, .F. ) ;
#3272 = CIRCLE ( 'NONE', #6614, 2.500000000000002220 ) ;
#3273 = ORIENTED_EDGE ( 'NONE', *, *, #5506, .F. ) ;
#3274 = VERTEX_POINT ( 'NONE', #1736 ) ;
#3275 = CARTESIAN_POINT ( 'NONE',  ( -67.00000000000000000, 11.44999999999999929, -19.50000000000000000 ) ) ;
#3276 = EDGE_CURVE ( 'NONE', #4121, #8180, #4396, .T. ) ;
#3277 = ORIENTED_EDGE ( 'NONE', *, *, #4206, .F. ) ;
#3278 = EDGE_CURVE ( 'NONE', #7549, #5868, #8458, .T. ) ;
#3279 = CIRCLE ( 'NONE', #2162, 3.000000000000002665 ) ;
#3280 = FACE_OUTER_BOUND ( 'NONE', #7889, .T. ) ;
#3281 = EDGE_CURVE ( 'NONE', #7404, #6010, #7791, .T. ) ;
#3282 = PLANE ( 'NONE',  #6650 ) ;
#3283 = CARTESIAN_POINT ( 'NONE',  ( -40.00000000000000000, 23.00000000000000000, -20.00000000000000000 ) ) ;
#3284 = VECTOR ( 'NONE', #2943, 1000.000000000000000 ) ;
#3285 = ORIENTED_EDGE ( 'NONE', *, *, #3357, .T. ) ;
#3286 = VECTOR ( 'NONE', #7523, 1000.000000000000000 ) ;
#3287 = ORIENTED_EDGE ( 'NONE', *, *, #8445, .F. ) ;
#3288 = LINE ( 'NONE', #5940, #6536 ) ;
#3289 = PLANE ( 'NONE',  #7641 ) ;
#3290 = FACE_OUTER_BOUND ( 'NONE', #2251, .T. ) ;
#3291 = DIRECTION ( 'NONE',  ( 0.000000000000000000, 1.224646799147354193E-16, 1.000000000000000000 ) ) ;
#3292 = CIRCLE ( 'NONE', #3985, 3.100000000000000533 ) ;
#3293 = VERTEX_POINT ( 'NONE', #6542 ) ;
#3294 = DIRECTION ( 'NONE',  ( 0.000000000000000000, 1.000000000000000000, 0.000000000000000000 ) ) ;
#3295 = ORIENTED_EDGE ( 'NONE', *, *, #1582, .T. ) ;
#3296 = EDGE_CURVE ( 'NONE', #6947, #2067, #7808, .T. ) ;
#3297 = ORIENTED_EDGE ( 'NONE', *, *, #7317, .F. ) ;
#3298 = FACE_BOUND ( 'NONE', #8375, .T. ) ;
#3299 = DIRECTION ( 'NONE',  ( 1.000000000000000000, 0.000000000000000000, 0.000000000000000000 ) ) ;
#3300 = CARTESIAN_POINT ( 'NONE',  ( 0.000000000000000000, 11.44999999999999929, -19.49999999999930012 ) ) ;
#3301 = CARTESIAN_POINT ( 'NONE',  ( 17.67766952966359995, -13.60000000000000142, 14.57766952966379570 ) ) ;
#3302 = DIRECTION ( 'NONE',  ( -1.000000000000000000, 0.000000000000000000, 0.000000000000000000 ) ) ;
#3303 = VERTEX_POINT ( 'NONE', #3094 ) ;
#3304 = ORIENTED_EDGE ( 'NONE', *, *, #7247, .F. ) ;
#3305 = EDGE_CURVE ( 'NONE', #1124, #5367, #7676, .T. ) ;
#3306 = DIRECTION ( 'NONE',  ( -1.000000000000000000, 0.000000000000000000, 0.000000000000000000 ) ) ;
#3307 = CARTESIAN_POINT ( 'NONE',  ( 2.081668171172170091E-14, 0.000000000000000000, 0.000000000000000000 ) ) ;
#3308 = VERTEX_POINT ( 'NONE', #8505 ) ;
#3309 = DIRECTION ( 'NONE',  ( 0.000000000000000000, 0.000000000000000000, -1.000000000000000000 ) ) ;
#3310 = DIRECTION ( 'NONE',  ( 0.000000000000000000, 0.000000000000000000, -1.000000000000000000 ) ) ;
#3311 = PERSON_AND_ORGANIZATION_ROLE ( 'classification_officer' ) ;
#3312 = EDGE_LOOP ( 'NONE', ( #5665, #7863, #4795, #1876 ) ) ;
#3313 = AXIS2_PLACEMENT_3D ( 'NONE', #2292, #6174, #8232 ) ;
#3314 = ORIENTED_EDGE ( 'NONE', *, *, #2103, .T. ) ;
#3315 = CARTESIAN_POINT ( 'NONE',  ( -36.99000000000000199, 23.00000000000000000, 2.299999999999999822 ) ) ;
#3316 = EDGE_LOOP ( 'NONE', ( #7946, #1560, #6809, #1555 ) ) ;
#3317 = CARTESIAN_POINT ( 'NONE',  ( 2.081668171172170091E-14, 0.000000000000000000, 31.50000000000000000 ) ) ;
#3318 = FACE_OUTER_BOUND ( 'NONE', #6355, .T. ) ;
#3319 = VECTOR ( 'NONE', #8005, 1000.000000000000000 ) ;
#3320 = VECTOR ( 'NONE', #6510, 1000.000000000000000 ) ;
#3321 = FACE_OUTER_BOUND ( 'NONE', #5511, .T. ) ;
#3322 = ORIENTED_EDGE ( 'NONE', *, *, #6585, .F. ) ;
#3323 = AXIS2_PLACEMENT_3D ( 'NONE', #7249, #8552, #6675 ) ;
#3324 = ORIENTED_EDGE ( 'NONE', *, *, #8012, .T. ) ;
#3325 = EDGE_CURVE ( 'NONE', #6767, #8376, #2438, .T. ) ;
#3326 = AXIS2_PLACEMENT_3D ( 'NONE', #4011, #6721, #6680 ) ;
#3327 = AXIS2_PLACEMENT_3D ( 'NONE', #3021, #3071, #271 ) ;
#3328 = CARTESIAN_POINT ( 'NONE',  ( 77.00000000000000000, -53.00000000000000000, 13.00000000000000178 ) ) ;
#3329 = DIRECTION ( 'NONE',  ( 1.000000000000000000, 0.000000000000000000, 0.000000000000000000 ) ) ;
#3330 = CARTESIAN_POINT ( 'NONE',  ( -31.00000000000000000, -49.79999999999999716, 9.750000000000001776 ) ) ;
#3331 = CARTESIAN_POINT ( 'NONE',  ( -31.00000000000000000, -43.00000000000000000, 13.00000000000000178 ) ) ;
#3332 = LINE ( 'NONE', #3506, #267 ) ;
#3333 = AXIS2_PLACEMENT_3D ( 'NONE', #4435, #4390, #7710 ) ;
#3334 = AXIS2_PLACEMENT_3D ( 'NONE', #7658, #5682, #3639 ) ;
#3335 = EDGE_CURVE ( 'NONE', #3697, #3909, #5141, .T. ) ;
#3336 = VERTEX_POINT ( 'NONE', #5655 ) ;
#3337 = EDGE_CURVE ( 'NONE', #5860, #1384, #8323, .T. ) ;
#3338 = EDGE_LOOP ( 'NONE', ( #8089, #1977, #2611, #5010, #6589, #6019, #3107, #1221 ) ) ;
#3339 = PLANE ( 'NONE',  #6261 ) ;
#3340 = CARTESIAN_POINT ( 'NONE',  ( -0.5414999999999999813, -23.00000000000000000, 13.00000000000000000 ) ) ;
#3341 = CIRCLE ( 'NONE', #2646, 2.067000000000020155 ) ;
#3342 = CIRCLE ( 'NONE', #3334, 3.099999999999998757 ) ;
#3343 = CARTESIAN_POINT ( 'NONE',  ( -40.00000000000000000, 23.00000000000000000, -20.00000000000000000 ) ) ;
#3344 = CARTESIAN_POINT ( 'NONE',  ( 17.67766952966359995, -13.60000000000000142, -20.77766952966378255 ) ) ;
#3345 = CARTESIAN_POINT ( 'NONE',  ( -0.5414999999999999813, -23.00000000000000000, 13.00000000000000000 ) ) ;
#3346 = AXIS2_PLACEMENT_3D ( 'NONE', #4823, #2700, #1517 ) ;
#3347 = ADVANCED_FACE ( 'NONE', ( #3925 ), #5924, .F. ) ;
#3348 = VECTOR ( 'NONE', #3160, 1000.000000000000000 ) ;
#3349 = AXIS2_PLACEMENT_3D ( 'NONE', #2758, #5457, #2682 ) ;
#3350 = ORIENTED_EDGE ( 'NONE', *, *, #6418, .F. ) ;
#3351 = ORIENTED_EDGE ( 'NONE', *, *, #3374, .T. ) ;
#3352 = AXIS2_PLACEMENT_3D ( 'NONE', #6483, #5915, #1205 ) ;
#3353 = DIRECTION ( 'NONE',  ( 0.000000000000000000, 0.000000000000000000, 1.000000000000000000 ) ) ;
#3354 = FACE_OUTER_BOUND ( 'NONE', #7588, .T. ) ;
#3355 = ORIENTED_EDGE ( 'NONE', *, *, #7425, .T. ) ;
#3356 = LINE ( 'NONE', #8018, #6963 ) ;
#3357 = EDGE_CURVE ( 'NONE', #1002, #5622, #3897, .T. ) ;
#3358 = DATE_AND_TIME ( #4658, #3728 ) ;
#3359 = ORIENTED_EDGE ( 'NONE', *, *, #5636, .F. ) ;
#3360 = EDGE_LOOP ( 'NONE', ( #441, #3663, #7163, #8582, #1465, #6666 ) ) ;
#3361 = CARTESIAN_POINT ( 'NONE',  ( -46.00000000000000000, 19.80000000000000071, -2.299999999999999822 ) ) ;
#3362 = EDGE_LOOP ( 'NONE', ( #4757, #1670, #6109, #6151 ) ) ;
#3363 = CARTESIAN_POINT ( 'NONE',  ( -72.29999999999999716, -53.00000000000000000, 8.599999999999999645 ) ) ;
#3364 = DIRECTION ( 'NONE',  ( -1.000000000000000000, 0.000000000000000000, 0.000000000000000000 ) ) ;
#3365 = LINE ( 'NONE', #6025, #4991 ) ;
#3366 = DIRECTION ( 'NONE',  ( 0.000000000000000000, 0.000000000000000000, 1.000000000000000000 ) ) ;
#3367 = EDGE_LOOP ( 'NONE', ( #7731, #6858, #4388, #4351 ) ) ;
#3368 = VERTEX_POINT ( 'NONE', #8588 ) ;
#3369 = CARTESIAN_POINT ( 'NONE',  ( -9.500000000000000000, -23.00000000000000000, -12.00000000000000000 ) ) ;
#3370 = DIRECTION ( 'NONE',  ( 1.000000000000000000, 0.000000000000000000, 0.000000000000000000 ) ) ;
#3371 = CARTESIAN_POINT ( 'NONE',  ( -2.500000000000000000, -3.551475717527324030E-15, -14.50000000000000000 ) ) ;
#3372 = DIRECTION ( 'NONE',  ( 0.000000000000000000, -1.000000000000000000, -3.504141421485450603E-12 ) ) ;
#3373 = CARTESIAN_POINT ( 'NONE',  ( -42.45850000000000080, 22.99999965184445117, -10.00000000000000000 ) ) ;
#3374 = EDGE_CURVE ( 'NONE', #8288, #7438, #5700, .T. ) ;
#3375 = CIRCLE ( 'NONE', #4069, 5.250000000000000888 ) ;
#3376 = ORIENTED_EDGE ( 'NONE', *, *, #1854, .T. ) ;
#3377 =( BOUNDED_CURVE ( )  B_SPLINE_CURVE ( 3, ( #5462, #8006, #6610, #2031 ),
 .UNSPECIFIED., .F., .F. ) 
 B_SPLINE_CURVE_WITH_KNOTS ( ( 4, 4 ),
 ( 0.9042812609165269411, 1.296688786169072127 ),
 .UNSPECIFIED. ) 
 CURVE ( )  GEOMETRIC_REPRESENTATION_ITEM ( )  RATIONAL_B_SPLINE_CURVE ( ( 1.000000000000000000, 0.9872091399347590057, 0.9872091399347590057, 1.000000000000000000 ) ) 
 REPRESENTATION_ITEM ( '' )  );
#3378 = ORIENTED_EDGE ( 'NONE', *, *, #7000, .T. ) ;
#3379 = CARTESIAN_POINT ( 'NONE',  ( -53.79999999999999716, 20.00000000000000000, 20.00000000000000000 ) ) ;
#3380 = DIRECTION ( 'NONE',  ( 0.000000000000000000, 0.000000000000000000, -1.000000000000000000 ) ) ;
#3381 = DIRECTION ( 'NONE',  ( 1.000000000000000000, 0.000000000000000000, 0.000000000000000000 ) ) ;
#3382 = EDGE_CURVE ( 'NONE', #2567, #4522, #1388, .T. ) ;
#3383 = CARTESIAN_POINT ( 'NONE',  ( -9.500000000000000000, -25.00000000000000000, -11.75000000000000000 ) ) ;
#3384 = CARTESIAN_POINT ( 'NONE',  ( -67.00000000000000000, -30.00000000000000000, 19.75000000000000000 ) ) ;
#3385 = EDGE_CURVE ( 'NONE', #3909, #7292, #6623, .T. ) ;
#3386 = EDGE_CURVE ( 'NONE', #6931, #2080, #4165, .T. ) ;
#3387 = VECTOR ( 'NONE', #2579, 1000.000000000000227 ) ;
#3388 = EDGE_LOOP ( 'NONE', ( #3001, #5790 ) ) ;
#3389 = ORIENTED_EDGE ( 'NONE', *, *, #912, .T. ) ;
#3390 = FACE_OUTER_BOUND ( 'NONE', #7187, .T. ) ;
#3391 = FACE_BOUND ( 'NONE', #7537, .T. ) ;
#3392 = CIRCLE ( 'NONE', #458, 3.010000000000029097 ) ;
#3393 = FACE_OUTER_BOUND ( 'NONE', #4345, .T. ) ;
#3394 = ORIENTED_EDGE ( 'NONE', *, *, #7643, .T. ) ;
#3395 = CARTESIAN_POINT ( 'NONE',  ( -75.89999999999999147, 53.00000000000000000, -8.250000000000571987 ) ) ;
#3396 = EDGE_LOOP ( 'NONE', ( #8246, #742, #3440, #1709 ) ) ;
#3397 = ORIENTED_EDGE ( 'NONE', *, *, #1582, .F. ) ;
#3398 = EDGE_CURVE ( 'NONE', #6171, #7125, #8135, .T. ) ;
#3399 = CARTESIAN_POINT ( 'NONE',  ( -46.00000000000000000, -24.19999999999999929, 2.299999999999999822 ) ) ;
#3400 = ORIENTED_EDGE ( 'NONE', *, *, #7992, .F. ) ;
#3401 = CARTESIAN_POINT ( 'NONE',  ( -67.00000000000000000, 14.55000000000000071, 19.75000000000000000 ) ) ;
#3402 = APPROVAL_DATE_TIME ( #1401, #7886 ) ;
#3403 = CIRCLE ( 'NONE', #8276, 5.250000000000000888 ) ;
#3404 = DIRECTION ( 'NONE',  ( 0.000000000000000000, -1.000000000000000000, 0.000000000000000000 ) ) ;
#3405 = CARTESIAN_POINT ( 'NONE',  ( 0.000000000000000000, 19.80000000000000071, 2.299999999999999822 ) ) ;
#3406 = ORIENTED_EDGE ( 'NONE', *, *, #4358, .F. ) ;
#3407 = ORIENTED_EDGE ( 'NONE', *, *, #616, .F. ) ;
#3408 = EDGE_CURVE ( 'NONE', #6422, #8572, #5312, .T. ) ;
#3409 = VECTOR ( 'NONE', #5607, 1000.000000000000000 ) ;
#3410 = DIRECTION ( 'NONE',  ( 1.000000000000000000, 0.000000000000000000, 0.000000000000000000 ) ) ;
#3411 = DIRECTION ( 'NONE',  ( 0.000000000000000000, 0.000000000000000000, -1.000000000000000000 ) ) ;
#3412 = FACE_OUTER_BOUND ( 'NONE', #7098, .T. ) ;
#3413 = DIRECTION ( 'NONE',  ( -0.000000000000000000, 1.000000000000000000, 0.000000000000000000 ) ) ;
#3414 = CARTESIAN_POINT ( 'NONE',  ( -77.35106857177699169, -53.00000000000000000, 8.900000000000000355 ) ) ;
#3415 = AXIS2_PLACEMENT_3D ( 'NONE', #3553, #315, #2376 ) ;
#3416 = AXIS2_PLACEMENT_3D ( 'NONE', #4856, #798, #3552 ) ;
#3417 = AXIS2_PLACEMENT_3D ( 'NONE', #3167, #1858, #5778 ) ;
#3418 = ORIENTED_EDGE ( 'NONE', *, *, #1704, .F. ) ;
#3419 = ORIENTED_EDGE ( 'NONE', *, *, #8074, .F. ) ;
#3420 = FACE_BOUND ( 'NONE', #3796, .T. ) ;
#3421 = DIRECTION ( 'NONE',  ( 0.000000000000000000, -1.000000000000000000, 0.000000000000000000 ) ) ;
#3422 = CIRCLE ( 'NONE', #5644, 0.1999999999992979616 ) ;
#3423 = DIRECTION ( 'NONE',  ( 0.000000000000000000, -1.000000000000000000, 0.000000000000000000 ) ) ;
#3424 = DIRECTION ( 'NONE',  ( 0.000000000000000000, 1.000000000000000000, 0.000000000000000000 ) ) ;
#3425 = CARTESIAN_POINT ( 'NONE',  ( -42.76045286139795110, -24.19999999999999929, -2.299999999999999822 ) ) ;
#3426 = VECTOR ( 'NONE', #7131, 1000.000000000000000 ) ;
#3427 = ORIENTED_EDGE ( 'NONE', *, *, #3804, .T. ) ;
#3428 = EDGE_CURVE ( 'NONE', #7158, #7184, #7473, .T. ) ;
#3429 = ORIENTED_EDGE ( 'NONE', *, *, #86, .F. ) ;
#3430 = DIRECTION ( 'NONE',  ( 0.000000000000000000, -1.000000000000000000, 0.000000000000000000 ) ) ;
#3431 = EDGE_CURVE ( 'NONE', #1102, #5184, #7514, .T. ) ;
#3432 = DIRECTION ( 'NONE',  ( 0.000000000000000000, -1.000000000000000000, 0.000000000000000000 ) ) ;
#3433 = DIRECTION ( 'NONE',  ( 0.000000000000000000, -1.000000000000000000, 0.000000000000000000 ) ) ;
#3434 = VERTEX_POINT ( 'NONE', #2613 ) ;
#3435 = DIRECTION ( 'NONE',  ( 0.000000000000000000, -1.000000000000000000, 0.000000000000000000 ) ) ;
#3436 = VERTEX_POINT ( 'NONE', #7279 ) ;
#3437 = VECTOR ( 'NONE', #1284, 1000.000000000000000 ) ;
#3438 = ADVANCED_FACE ( 'NONE', ( #645 ), #8633, .F. ) ;
#3439 = DIRECTION ( 'NONE',  ( 1.000000000000000000, 0.000000000000000000, 0.000000000000000000 ) ) ;
#3440 = ORIENTED_EDGE ( 'NONE', *, *, #1270, .T. ) ;
#3441 = DIRECTION ( 'NONE',  ( 1.000000000000000000, 0.000000000000000000, -4.336808689943899895E-13 ) ) ;
#3442 = ORIENTED_EDGE ( 'NONE', *, *, #286, .T. ) ;
#3443 = DIRECTION ( 'NONE',  ( 1.000000000000000000, 0.000000000000000000, 0.000000000000000000 ) ) ;
#3444 = APPROVAL_STATUS ( 'not_yet_approved' ) ;
#3445 = LOCAL_TIME ( 0, 52, 31.00000000000000000, #3494 ) ;
#3446 = FACE_OUTER_BOUND ( 'NONE', #2483, .T. ) ;
#3447 = EDGE_CURVE ( 'NONE', #3546, #6641, #6829, .T. ) ;
#3448 = ORIENTED_EDGE ( 'NONE', *, *, #6819, .T. ) ;
#3449 = VECTOR ( 'NONE', #5348, 1000.000000000000000 ) ;
#3450 = VERTEX_POINT ( 'NONE', #3516 ) ;
#3451 = ORIENTED_EDGE ( 'NONE', *, *, #6891, .F. ) ;
#3452 = LINE ( 'NONE', #4759, #4236 ) ;
#3453 = CARTESIAN_POINT ( 'NONE',  ( 2.118407575146590635E-14, -6.600000000000001421, -28.00000000000000000 ) ) ;
#3454 = DIRECTION ( 'NONE',  ( 0.000000000000000000, 0.000000000000000000, -1.000000000000000000 ) ) ;
#3455 = CIRCLE ( 'NONE', #4149, 2.458500000000000796 ) ;
#3456 = CARTESIAN_POINT ( 'NONE',  ( -67.00000000000000000, 12.99999999999934097, 16.85000000000000142 ) ) ;
#3457 = CIRCLE ( 'NONE', #1232, 2.399999999999999467 ) ;
#3458 = CARTESIAN_POINT ( 'NONE',  ( -17.67766952966359995, -53.00000000000000000, -17.67766952966377403 ) ) ;
#3459 = EDGE_CURVE ( 'NONE', #2289, #3604, #3961, .T. ) ;
#3460 = VECTOR ( 'NONE', #650, 1000.000000000000000 ) ;
#3461 = ORIENTED_EDGE ( 'NONE', *, *, #6887, .F. ) ;
#3462 = ORIENTED_EDGE ( 'NONE', *, *, #1155, .T. ) ;
#3463 = AXIS2_PLACEMENT_3D ( 'NONE', #4104, #8036, #3329 ) ;
#3464 = CARTESIAN_POINT ( 'NONE',  ( -36.99000000000000199, -23.00000000000000000, 2.299999999999999822 ) ) ;
#3465 = CARTESIAN_POINT ( 'NONE',  ( -22.38609614442015072, -55.20100000000000051, 20.00000000000000000 ) ) ;
#3466 = CARTESIAN_POINT ( 'NONE',  ( 0.000000000000000000, 24.19999999999999929, 2.299999999999999822 ) ) ;
#3467 = CYLINDRICAL_SURFACE ( 'NONE', #5927, 4.999999999999997335 ) ;
#3468 = AXIS2_PLACEMENT_3D ( 'NONE', #641, #5877, #3956 ) ;
#3469 = DIRECTION ( 'NONE',  ( 0.000000000000000000, 1.000000000000000000, 0.000000000000000000 ) ) ;
#3470 = VECTOR ( 'NONE', #1315, 1000.000000000000000 ) ;
#3471 = DIRECTION ( 'NONE',  ( 0.000000000000000000, 0.000000000000000000, -1.000000000000000000 ) ) ;
#3472 = VERTEX_POINT ( 'NONE', #4657 ) ;
#3473 = AXIS2_PLACEMENT_3D ( 'NONE', #8233, #363, #6266 ) ;
#3474 = ORIENTED_EDGE ( 'NONE', *, *, #6462, .F. ) ;
#3475 = CIRCLE ( 'NONE', #3753, 2.100000000000109779 ) ;
#3476 = CIRCLE ( 'NONE', #5419, 3.100000000000000533 ) ;
#3477 = DIRECTION ( 'NONE',  ( 1.000000000000000000, 0.000000000000000000, -9.540163486891069006E-17 ) ) ;
#3478 = CYLINDRICAL_SURFACE ( 'NONE', #7216, 3.249999999999999556 ) ;
#3479 = AXIS2_PLACEMENT_3D ( 'NONE', #5519, #7484, #6050 ) ;
#3480 = CARTESIAN_POINT ( 'NONE',  ( 90.00000000000000000, -25.00000000000000000, -20.00000000000000000 ) ) ;
#3481 = EDGE_LOOP ( 'NONE', ( #7955, #6067 ) ) ;
#3482 = DIRECTION ( 'NONE',  ( -0.9126217432562998555, 0.000000000000000000, -0.4088050314463270163 ) ) ;
#3483 = APPROVAL_ROLE ( '' ) ;
#3484 = AXIS2_PLACEMENT_3D ( 'NONE', #5770, #8437, #7262 ) ;
#3485 = EDGE_CURVE ( 'NONE', #4692, #5051, #4002, .T. ) ;
#3486 = CIRCLE ( 'NONE', #4456, 4.999999999999997335 ) ;
#3487 = ORIENTED_EDGE ( 'NONE', *, *, #4015, .T. ) ;
#3488 = CARTESIAN_POINT ( 'NONE',  ( -17.67766952966355376, -6.600000000000001421, 14.57766952966379570 ) ) ;
#3489 = ORIENTED_EDGE ( 'NONE', *, *, #8193, .F. ) ;
#3490 = CARTESIAN_POINT ( 'NONE',  ( -31.00000000000000000, -29.56700000000000017, 12.00000000000000000 ) ) ;
#3491 = EDGE_LOOP ( 'NONE', ( #128, #3255, #757, #4091 ) ) ;
#3492 = EDGE_CURVE ( 'NONE', #6519, #2703, #1109, .T. ) ;
#3493 = DIRECTION ( 'NONE',  ( 0.000000000000000000, -4.900294729380000228E-16, -1.000000000000000000 ) ) ;
#3494 = COORDINATED_UNIVERSAL_TIME_OFFSET ( 6, 0, .BEHIND. ) ;
#3495 = EDGE_CURVE ( 'NONE', #6143, #3303, #5509, .T. ) ;
#3496 = DIRECTION ( 'NONE',  ( 0.000000000000000000, -1.000000000000000000, 0.000000000000000000 ) ) ;
#3497 = ORIENTED_EDGE ( 'NONE', *, *, #166, .T. ) ;
#3498 = ORIENTED_EDGE ( 'NONE', *, *, #8173, .F. ) ;
#3499 = ORIENTED_EDGE ( 'NONE', *, *, #4861, .F. ) ;
#3500 = EDGE_CURVE ( 'NONE', #6001, #3783, #1253, .T. ) ;
#3501 = FACE_OUTER_BOUND ( 'NONE', #521, .T. ) ;
#3502 = LINE ( 'NONE', #212, #4158 ) ;
#3503 = CARTESIAN_POINT ( 'NONE',  ( 22.38609614442020046, -19.50000000000000000, 20.00000000000000000 ) ) ;
#3504 = CARTESIAN_POINT ( 'NONE',  ( -9.500000000000000000, -30.00000000000000000, -14.50000000000000000 ) ) ;
#3505 = ADVANCED_FACE ( 'NONE', ( #182 ), #6545, .F. ) ;
#3506 = CARTESIAN_POINT ( 'NONE',  ( -79.00000000000000000, 53.00000000000000000, 19.75000000000000000 ) ) ;
#3507 = ORIENTED_EDGE ( 'NONE', *, *, #6604, .T. ) ;
#3508 = ORIENTED_EDGE ( 'NONE', *, *, #2800, .F. ) ;
#3509 = CARTESIAN_POINT ( 'NONE',  ( -40.00000000000000000, -23.00000000000000000, 10.00000000000000000 ) ) ;
#3510 = EDGE_CURVE ( 'NONE', #2133, #1214, #405, .T. ) ;
#3511 = EDGE_CURVE ( 'NONE', #8512, #5602, #3202, .T. ) ;
#3512 = LINE ( 'NONE', #4160, #1934 ) ;
#3513 = DIRECTION ( 'NONE',  ( 0.000000000000000000, 0.000000000000000000, -1.000000000000000000 ) ) ;
#3514 = CARTESIAN_POINT ( 'NONE',  ( -40.00000000000000000, -23.00000000000000000, -20.00000000000000000 ) ) ;
#3515 = DIRECTION ( 'NONE',  ( 0.000000000000000000, 0.000000000000000000, -1.000000000000000000 ) ) ;
#3516 = CARTESIAN_POINT ( 'NONE',  ( -72.59999999999999432, 53.00000000000000000, 8.900000000000000355 ) ) ;
#3517 = AXIS2_PLACEMENT_3D ( 'NONE', #4486, #1733, #7147 ) ;
#3518 = ORIENTED_EDGE ( 'NONE', *, *, #229, .T. ) ;
#3519 = ORIENTED_EDGE ( 'NONE', *, *, #6613, .T. ) ;
#3520 = CARTESIAN_POINT ( 'NONE',  ( -37.00000000000000000, -23.00000000000000000, -20.00000000000000000 ) ) ;
#3521 = CARTESIAN_POINT ( 'NONE',  ( -67.00000000000000000, 30.00000000000000000, 1.699999999999999956 ) ) ;
#3522 = EDGE_CURVE ( 'NONE', #8115, #1418, #5844, .T. ) ;
#3523 = FACE_BOUND ( 'NONE', #8462, .T. ) ;
#3524 = VERTEX_POINT ( 'NONE', #3025 ) ;
#3525 = PLANE ( 'NONE',  #7799 ) ;
#3526 = EDGE_LOOP ( 'NONE', ( #5156, #2269, #7934, #610 ) ) ;
#3527 = AXIS2_PLACEMENT_3D ( 'NONE', #3199, #2406, #8467 ) ;
#3528 = DIRECTION ( 'NONE',  ( 0.000000000000000000, 1.000000000000000000, 0.000000000000000000 ) ) ;
#3529 = ORIENTED_EDGE ( 'NONE', *, *, #2595, .T. ) ;
#3530 = VERTEX_POINT ( 'NONE', #2945 ) ;
#3531 = DIRECTION ( 'NONE',  ( 0.000000000000000000, 1.000000000000000000, 0.000000000000000000 ) ) ;
#3532 = VERTEX_POINT ( 'NONE', #5066 ) ;
#3533 = LINE ( 'NONE', #7495, #824 ) ;
#3534 = DIRECTION ( 'NONE',  ( 0.000000000000000000, 0.000000000000000000, 1.000000000000000000 ) ) ;
#3535 = ORIENTED_EDGE ( 'NONE', *, *, #8054, .T. ) ;
#3536 = ORIENTED_EDGE ( 'NONE', *, *, #6148, .F. ) ;
#3537 = ADVANCED_FACE ( 'NONE', ( #2982 ), #5732, .T. ) ;
#3538 = VERTEX_POINT ( 'NONE', #3556 ) ;
#3539 = EDGE_CURVE ( 'NONE', #3532, #5099, #3342, .T. ) ;
#3540 = ADVANCED_FACE ( 'NONE', ( #978 ), #1661, .F. ) ;
#3541 = DIRECTION ( 'NONE',  ( 0.000000000000000000, 0.000000000000000000, 1.000000000000000000 ) ) ;
#3542 = CARTESIAN_POINT ( 'NONE',  ( 17.67766952966359995, -13.60000000000000142, 14.57766952966379570 ) ) ;
#3543 = FACE_OUTER_BOUND ( 'NONE', #1272, .T. ) ;
#3544 = DIRECTION ( 'NONE',  ( -1.000000000000000000, 0.000000000000000000, 0.000000000000000000 ) ) ;
#3545 = DIRECTION ( 'NONE',  ( 1.000000000000000000, 0.000000000000000000, 0.000000000000000000 ) ) ;
#3546 = VERTEX_POINT ( 'NONE', #5599 ) ;
#3547 = VECTOR ( 'NONE', #7119, 1000.000000000000000 ) ;
#3548 = ORIENTED_EDGE ( 'NONE', *, *, #1804, .F. ) ;
#3549 = EDGE_CURVE ( 'NONE', #8385, #933, #6209, .T. ) ;
#3550 = CYLINDRICAL_SURFACE ( 'NONE', #1648, 3.249999999999999556 ) ;
#3551 = LINE ( 'NONE', #4289, #5125 ) ;
#3552 = DIRECTION ( 'NONE',  ( -0.4226182617406974429, 0.9063077870366509359, 0.000000000000000000 ) ) ;
#3553 = CARTESIAN_POINT ( 'NONE',  ( -56.50000000000000000, 20.00000000000000000, -20.00000000000000000 ) ) ;
#3554 = AXIS2_PLACEMENT_3D ( 'NONE', #986, #8272, #2295 ) ;
#3555 = VECTOR ( 'NONE', #7837, 1000.000000000000000 ) ;
#3556 = CARTESIAN_POINT ( 'NONE',  ( -31.00000000000000000, -30.00000000000000000, 9.500000000000000000 ) ) ;
#3557 = DIRECTION ( 'NONE',  ( 0.000000000000000000, 0.5000000000001899592, -0.8660254037843289066 ) ) ;
#3558 = EDGE_CURVE ( 'NONE', #4918, #5324, #8392, .T. ) ;
#3559 = ORIENTED_EDGE ( 'NONE', *, *, #4984, .F. ) ;
#3560 = ORIENTED_EDGE ( 'NONE', *, *, #7068, .T. ) ;
#3561 = CIRCLE ( 'NONE', #4248, 3.000000000000002665 ) ;
#3562 = CARTESIAN_POINT ( 'NONE',  ( -42.76045286139795110, 24.19999999999999929, 1.699999999999999956 ) ) ;
#3563 = PLANE ( 'NONE',  #5676 ) ;
#3564 = CARTESIAN_POINT ( 'NONE',  ( 0.000000000000000000, 30.00000000000000000, -1.699999999999999956 ) ) ;
#3565 = DIRECTION ( 'NONE',  ( 0.000000000000000000, 0.000000000000000000, -1.000000000000000000 ) ) ;
#3566 = ORIENTED_EDGE ( 'NONE', *, *, #7782, .T. ) ;
#3567 = CARTESIAN_POINT ( 'NONE',  ( -79.00000000000000000, -53.00000000000000000, -19.75000000000000000 ) ) ;
#3568 = EDGE_CURVE ( 'NONE', #2067, #6343, #2509, .T. ) ;
#3569 = ORIENTED_EDGE ( 'NONE', *, *, #2967, .F. ) ;
#3570 = FACE_OUTER_BOUND ( 'NONE', #5891, .T. ) ;
#3571 = CARTESIAN_POINT ( 'NONE',  ( -95.00000000000000000, -10.00000000000000178, -20.00000000000000000 ) ) ;
#3572 = CARTESIAN_POINT ( 'NONE',  ( -17.67766952966359995, -55.20100000000000051, -12.42766952966377403 ) ) ;
#3573 = ORIENTED_EDGE ( 'NONE', *, *, #2730, .T. ) ;
#3574 = DIRECTION ( 'NONE',  ( 0.000000000000000000, 0.000000000000000000, -1.000000000000000000 ) ) ;
#3575 = MECHANICAL_CONTEXT ( 'NONE', #4995, 'mechanical' ) ;
#3576 = CARTESIAN_POINT ( 'NONE',  ( -48.00000000000000000, 29.45849999999999724, 15.45850000000000080 ) ) ;
#3577 = AXIS2_PLACEMENT_3D ( 'NONE', #2218, #4181, #6097 ) ;
#3578 = ORIENTED_EDGE ( 'NONE', *, *, #4634, .T. ) ;
#3579 = ORIENTED_EDGE ( 'NONE', *, *, #4195, .T. ) ;
#3580 = CARTESIAN_POINT ( 'NONE',  ( 0.000000000000000000, -11.40217391304300065, 18.21270018560300130 ) ) ;
#3581 = DIRECTION ( 'NONE',  ( -0.7071067811865600072, -8.659560562355089398E-17, -0.7071067811865350272 ) ) ;
#3582 = AXIS2_PLACEMENT_3D ( 'NONE', #4594, #3933, #615 ) ;
#3583 = DIRECTION ( 'NONE',  ( 0.000000000000000000, 1.000000000000000000, 0.000000000000000000 ) ) ;
#3584 = DIRECTION ( 'NONE',  ( 0.000000000000000000, -1.000000000000000000, 0.000000000000000000 ) ) ;
#3585 = ADVANCED_FACE ( 'NONE', ( #6992 ), #8225, .F. ) ;
#3586 = CARTESIAN_POINT ( 'NONE',  ( -67.00000000000000000, -14.55000000000000071, 19.75000000000000000 ) ) ;
#3587 = ADVANCED_FACE ( 'NONE', ( #2415 ), #6340, .T. ) ;
#3588 = VERTEX_POINT ( 'NONE', #8351 ) ;
#3589 = ORIENTED_EDGE ( 'NONE', *, *, #988, .T. ) ;
#3590 = AXIS2_PLACEMENT_3D ( 'NONE', #3696, #6356, #4393 ) ;
#3591 = CARTESIAN_POINT ( 'NONE',  ( -79.00000000000000000, 53.00000000000000000, -9.253553390593300065 ) ) ;
#3592 = DIRECTION ( 'NONE',  ( 0.000000000000000000, 0.000000000000000000, 1.000000000000000000 ) ) ;
#3593 = DIRECTION ( 'NONE',  ( 0.000000000000000000, 1.000000000000000000, 0.000000000000000000 ) ) ;
#3594 = EDGE_CURVE ( 'NONE', #8450, #7404, #3243, .T. ) ;
#3595 = CARTESIAN_POINT ( 'NONE',  ( -40.00000000000000000, 23.00000000000000000, -19.45850000000000080 ) ) ;
#3596 = ADVANCED_FACE ( 'NONE', ( #6954 ), #316, .F. ) ;
#3597 = DIRECTION ( 'NONE',  ( -3.552713678800500535E-15, 0.000000000000000000, -1.000000000000000000 ) ) ;
#3598 = AXIS2_PLACEMENT_3D ( 'NONE', #4788, #993, #4881 ) ;
#3599 = EDGE_CURVE ( 'NONE', #6587, #2332, #8479, .T. ) ;
#3600 = DIRECTION ( 'NONE',  ( 0.000000000000000000, 0.000000000000000000, 1.000000000000000000 ) ) ;
#3601 = AXIS2_PLACEMENT_3D ( 'NONE', #3120, #1988, #548 ) ;
#3602 = CIRCLE ( 'NONE', #5269, 2.458500000000054975 ) ;
#3603 = ORIENTED_EDGE ( 'NONE', *, *, #7835, .T. ) ;
#3604 = VERTEX_POINT ( 'NONE', #1242 ) ;
#3605 = DIRECTION ( 'NONE',  ( 0.000000000000000000, 1.000000000000000000, 0.000000000000000000 ) ) ;
#3606 = DIRECTION ( 'NONE',  ( 0.000000000000000000, 0.000000000000000000, -1.000000000000000000 ) ) ;
#3607 = AXIS2_PLACEMENT_3D ( 'NONE', #4960, #1656, #2266 ) ;
#3608 = DIRECTION ( 'NONE',  ( 0.000000000000000000, 0.000000000000000000, -1.000000000000000000 ) ) ;
#3609 = CARTESIAN_POINT ( 'NONE',  ( 90.00000000000000000, -10.00000000000000178, 20.00000000000000000 ) ) ;
#3610 = EDGE_CURVE ( 'NONE', #2005, #3308, #3114, .T. ) ;
#3611 = DIRECTION ( 'NONE',  ( 0.000000000000000000, 1.000000000000000000, 0.000000000000000000 ) ) ;
#3612 = AXIS2_PLACEMENT_3D ( 'NONE', #7572, #7439, #763 ) ;
#3613 = VECTOR ( 'NONE', #7526, 1000.000000000000000 ) ;
#3614 = ORIENTED_EDGE ( 'NONE', *, *, #86, .T. ) ;
#3615 = DIRECTION ( 'NONE',  ( 0.000000000000000000, 0.000000000000000000, -1.000000000000000000 ) ) ;
#3616 = DIRECTION ( 'NONE',  ( 0.000000000000000000, 1.000000000000000000, 0.000000000000000000 ) ) ;
#3617 = LINE ( 'NONE', #6880, #7363 ) ;
#3619 = ORIENTED_EDGE ( 'NONE', *, *, #4009, .F. ) ;
#3618 = EDGE_CURVE ( 'NONE', #1735, #3193, #3943, .T. ) ;
#3620 = CIRCLE ( 'NONE', #4733, 3.000000000000002665 ) ;
#3621 = CONICAL_SURFACE ( 'NONE', #6262, 2.700000000000001066, 0.7853981633974560506 ) ;
#3622 = CARTESIAN_POINT ( 'NONE',  ( -95.00000000000000000, -15.00000000000000000, 20.00000000000000000 ) ) ;
#3623 = AXIS2_PLACEMENT_3D ( 'NONE', #4622, #3182, #3309 ) ;
#3624 = PERSON_AND_ORGANIZATION ( #2440, #369 ) ;
#3625 = FACE_BOUND ( 'NONE', #1207, .T. ) ;
#3626 = VERTEX_POINT ( 'NONE', #1941 ) ;
#3627 = ORIENTED_EDGE ( 'NONE', *, *, #6902, .F. ) ;
#3628 = CARTESIAN_POINT ( 'NONE',  ( -67.00000000000000000, -53.00000000000000000, 19.75000000000000000 ) ) ;
#3629 = DIRECTION ( 'NONE',  ( 0.000000000000000000, 1.000000000000000000, 0.000000000000000000 ) ) ;
#3630 = DIRECTION ( 'NONE',  ( 1.000000000000000000, 0.000000000000000000, 0.000000000000000000 ) ) ;
#3631 = CARTESIAN_POINT ( 'NONE',  ( 77.00000000000000000, -43.00000000000000000, 13.00000000000000178 ) ) ;
#3632 = EDGE_LOOP ( 'NONE', ( #533, #7256, #1525, #771, #7116 ) ) ;
#3633 = EDGE_LOOP ( 'NONE', ( #8028, #7490 ) ) ;
#3634 = DIRECTION ( 'NONE',  ( -1.000000000000000000, 0.000000000000000000, 0.000000000000000000 ) ) ;
#3635 = DIRECTION ( 'NONE',  ( 0.000000000000000000, -1.000000000000000000, 0.000000000000000000 ) ) ;
#3636 = FACE_OUTER_BOUND ( 'NONE', #5661, .T. ) ;
#3637 = LINE ( 'NONE', #4333, #6199 ) ;
#3638 = EDGE_CURVE ( 'NONE', #5774, #3532, #5113, .T. ) ;
#3639 = DIRECTION ( 'NONE',  ( 0.000000000000000000, 0.000000000000000000, 1.000000000000000000 ) ) ;
#3640 = CARTESIAN_POINT ( 'NONE',  ( 17.67766952966359995, -13.60000000000000142, 17.67766952966379534 ) ) ;
#3641 = ORIENTED_EDGE ( 'NONE', *, *, #6117, .F. ) ;
#3642 = ORIENTED_EDGE ( 'NONE', *, *, #6156, .T. ) ;
#3643 = EDGE_CURVE ( 'NONE', #5531, #1008, #7171, .T. ) ;
#3644 = DIRECTION ( 'NONE',  ( 0.000000000000000000, -1.923020529789769852E-10, 1.000000000000000000 ) ) ;
#3645 = CARTESIAN_POINT ( 'NONE',  ( 0.000000000000000000, -19.50000000000000000, -20.00000000000000000 ) ) ;
#3646 = LINE ( 'NONE', #323, #2442 ) ;
#3647 = EDGE_CURVE ( 'NONE', #5096, #6568, #3099, .T. ) ;
#3648 = CARTESIAN_POINT ( 'NONE',  ( 2.081668171172170091E-14, -6.600000000000001421, 31.50000000000000000 ) ) ;
#3649 = DIRECTION ( 'NONE',  ( -1.000000000000000000, 0.000000000000000000, 0.000000000000000000 ) ) ;
#3650 = ADVANCED_FACE ( 'NONE', ( #7917 ), #493, .F. ) ;
#3651 = VERTEX_POINT ( 'NONE', #5946 ) ;
#3652 = CYLINDRICAL_SURFACE ( 'NONE', #2075, 4.999999999999997335 ) ;
#3653 = VERTEX_POINT ( 'NONE', #447 ) ;
#3654 = DIRECTION ( 'NONE',  ( -1.004472588221005810E-07, 0.7071067811865419106, 0.7071067811865460184 ) ) ;
#3655 = EDGE_LOOP ( 'NONE', ( #2409, #6377 ) ) ;
#3656 = CARTESIAN_POINT ( 'NONE',  ( -31.00000000000000000, -49.79999999999999716, 13.00000000000000178 ) ) ;
#3657 = PERSON_AND_ORGANIZATION ( #2440, #369 ) ;
#3658 = DIRECTION ( 'NONE',  ( 0.000000000000000000, 1.000000000000000000, 0.000000000000000000 ) ) ;
#3659 = AXIS2_PLACEMENT_3D ( 'NONE', #8294, #172, #3544 ) ;
#3660 = ORIENTED_EDGE ( 'NONE', *, *, #694, .T. ) ;
#3661 = EDGE_CURVE ( 'NONE', #2015, #1509, #126, .T. ) ;
#3662 = CC_DESIGN_PERSON_AND_ORGANIZATION_ASSIGNMENT ( #5712, #6929, ( #7826 ) ) ;
#3663 = ORIENTED_EDGE ( 'NONE', *, *, #19, .T. ) ;
#3664 = LINE ( 'NONE', #4768, #7240 ) ;
#3665 = FACE_OUTER_BOUND ( 'NONE', #5594, .T. ) ;
#3666 = CIRCLE ( 'NONE', #2972, 14.50000000000000000 ) ;
#3667 = DIRECTION ( 'NONE',  ( 0.000000000000000000, 0.000000000000000000, -1.000000000000000000 ) ) ;
#3668 = DIRECTION ( 'NONE',  ( -1.000000000000000000, 0.000000000000000000, 0.000000000000000000 ) ) ;
#3669 = LINE ( 'NONE', #6984, #4035 ) ;
#3670 = ORIENTED_EDGE ( 'NONE', *, *, #7971, .F. ) ;
#3671 = ADVANCED_FACE ( 'NONE', ( #3855 ), #4556, .F. ) ;
#3672 = VERTEX_POINT ( 'NONE', #5293 ) ;
#3673 = DIRECTION ( 'NONE',  ( 0.000000000000000000, 0.000000000000000000, -1.000000000000000000 ) ) ;
#3674 = CARTESIAN_POINT ( 'NONE',  ( -46.00000000000000000, 24.19999999999999929, -2.299999999999999822 ) ) ;
#3675 = CARTESIAN_POINT ( 'NONE',  ( 29.57888850641910139, -40.11309130870348127, -18.05400258436937122 ) ) ;
#3676 = DIRECTION ( 'NONE',  ( 1.000000000000000000, 0.000000000000000000, 0.000000000000000000 ) ) ;
#3677 = DIRECTION ( 'NONE',  ( 0.000000000000000000, 0.000000000000000000, 1.000000000000000000 ) ) ;
#3678 = AXIS2_PLACEMENT_3D ( 'NONE', #435, #8253, #1703 ) ;
#3679 = DIRECTION ( 'NONE',  ( 0.000000000000000000, 1.000000000000000000, 0.000000000000000000 ) ) ;
#3680 = ORIENTED_EDGE ( 'NONE', *, *, #7950, .F. ) ;
#3681 = ORIENTED_EDGE ( 'NONE', *, *, #2197, .F. ) ;
#3682 = DIRECTION ( 'NONE',  ( 1.000000000000000000, 0.000000000000000000, 0.000000000000000000 ) ) ;
#3683 = DIRECTION ( 'NONE',  ( 0.000000000000000000, -0.7608695652172466906, 0.6489048502870955470 ) ) ;
#3684 = CARTESIAN_POINT ( 'NONE',  ( -46.00000000000000000, 24.19999999999999929, -1.699999999999999956 ) ) ;
#3685 = AXIS2_PLACEMENT_3D ( 'NONE', #7306, #3259, #3993 ) ;
#3686 = CARTESIAN_POINT ( 'NONE',  ( 0.000000000000000000, -30.00000000000000000, 1.699999999999999956 ) ) ;
#3687 = DIRECTION ( 'NONE',  ( 0.000000000000000000, 1.000000000000000000, 0.000000000000000000 ) ) ;
#3688 = VECTOR ( 'NONE', #6513, 1000.000000000000000 ) ;
#3689 = ORIENTED_EDGE ( 'NONE', *, *, #1632, .T. ) ;
#3690 = AXIS2_PLACEMENT_3D ( 'NONE', #180, #6128, #6207 ) ;
#3691 = ORIENTED_EDGE ( 'NONE', *, *, #4176, .F. ) ;
#3692 = EDGE_CURVE ( 'NONE', #8147, #7772, #3211, .T. ) ;
#3693 = CARTESIAN_POINT ( 'NONE',  ( 36.25000000000000000, -43.00000000000000000, -13.00000000000000178 ) ) ;
#3694 = ORIENTED_EDGE ( 'NONE', *, *, #22, .T. ) ;
#3695 = VERTEX_POINT ( 'NONE', #6566 ) ;
#3696 = CARTESIAN_POINT ( 'NONE',  ( -72.59999999999999432, -53.00000000000000000, -8.600000000000129319 ) ) ;
#3697 = VERTEX_POINT ( 'NONE', #7831 ) ;
#3698 = CIRCLE ( 'NONE', #7741, 5.000000000000000888 ) ;
#3699 = DIRECTION ( 'NONE',  ( -8.809440770586719424E-17, -1.000000000000000000, 0.000000000000000000 ) ) ;
#3700 = APPROVAL_STATUS ( 'not_yet_approved' ) ;
#3701 = DIRECTION ( 'NONE',  ( 0.000000000000000000, 0.000000000000000000, -1.000000000000000000 ) ) ;
#3702 = ORIENTED_EDGE ( 'NONE', *, *, #6358, .T. ) ;
#3703 = EDGE_CURVE ( 'NONE', #3264, #8611, #588, .T. ) ;
#3704 = ORIENTED_EDGE ( 'NONE', *, *, #1768, .F. ) ;
#3705 = DIRECTION ( 'NONE',  ( 0.000000000000000000, 0.000000000000000000, 1.000000000000000000 ) ) ;
#3706 = DIRECTION ( 'NONE',  ( 0.000000000000000000, 0.000000000000000000, 1.000000000000000000 ) ) ;
#3707 = CARTESIAN_POINT ( 'NONE',  ( -72.29999999999999716, 53.00000000000000000, -8.599999999999999645 ) ) ;
#3708 = ADVANCED_FACE ( 'NONE', ( #3252, #5907, #1110 ), #7130, .T. ) ;
#3709 = PLANE ( 'NONE',  #3807 ) ;
#3710 = CIRCLE ( 'NONE', #1062, 3.009999999999998899 ) ;
#3711 = DIRECTION ( 'NONE',  ( 0.000000000000000000, 0.000000000000000000, 1.000000000000000000 ) ) ;
#3712 = ORIENTED_EDGE ( 'NONE', *, *, #4592, .T. ) ;
#3713 = ORIENTED_EDGE ( 'NONE', *, *, #2095, .F. ) ;
#3714 = AXIS2_PLACEMENT_3D ( 'NONE', #8336, #2405, #3629 ) ;
#3715 = DIRECTION ( 'NONE',  ( 0.000000000000000000, 0.000000000000000000, -1.000000000000000000 ) ) ;
#3716 = DIRECTION ( 'NONE',  ( 0.000000000000000000, 1.000000000000000000, 0.000000000000000000 ) ) ;
#3717 = LINE ( 'NONE', #5023, #3835 ) ;
#3718 = DIRECTION ( 'NONE',  ( 1.000000000000000000, 0.000000000000000000, -3.577561307584149799E-17 ) ) ;
#3719 = ADVANCED_FACE ( 'NONE', ( #2638 ), #5815, .F. ) ;
#3720 = CARTESIAN_POINT ( 'NONE',  ( -30.72392160248503146, -41.68661801807552081, 18.24609186224848756 ) ) ;
#3721 = VECTOR ( 'NONE', #8106, 1000.000000000000000 ) ;
#3722 = DIRECTION ( 'NONE',  ( 0.000000000000000000, 0.000000000000000000, 1.000000000000000000 ) ) ;
#3723 = ORIENTED_EDGE ( 'NONE', *, *, #5343, .F. ) ;
#3724 = AXIS2_PLACEMENT_3D ( 'NONE', #4743, #5222, #1263 ) ;
#3725 = ORIENTED_EDGE ( 'NONE', *, *, #6441, .T. ) ;
#3726 = CARTESIAN_POINT ( 'NONE',  ( -59.00000000000000000, 20.00000000000000000, -19.80000000000000071 ) ) ;
#3727 = LINE ( 'NONE', #7040, #3875 ) ;
#3728 = LOCAL_TIME ( 0, 52, 31.00000000000000000, #5227 ) ;
#3729 = DIRECTION ( 'NONE',  ( 0.000000000000000000, 1.000000000000000000, 0.000000000000000000 ) ) ;
#3730 = CARTESIAN_POINT ( 'NONE',  ( -46.00000000000000000, -30.00000000000000000, -7.250000000000000000 ) ) ;
#3731 = DIRECTION ( 'NONE',  ( 0.000000000000000000, 1.000000000000000000, 0.000000000000000000 ) ) ;
#3732 = AXIS2_PLACEMENT_3D ( 'NONE', #3860, #5912, #6522 ) ;
#3733 = AXIS2_PLACEMENT_3D ( 'NONE', #8618, #4074, #5300 ) ;
#3734 = EDGE_LOOP ( 'NONE', ( #5481, #77, #7400, #3772 ) ) ;
#3735 = AXIS2_PLACEMENT_3D ( 'NONE', #794, #4807, #4159 ) ;
#3736 = EDGE_LOOP ( 'NONE', ( #3297, #2124, #5846, #7579, #3979, #2092, #7903 ) ) ;
#3737 = DIRECTION ( 'NONE',  ( -1.000000000000000000, 0.000000000000000000, 0.000000000000000000 ) ) ;
#3738 = AXIS2_PLACEMENT_3D ( 'NONE', #2193, #1457, #842 ) ;
#3739 = DIRECTION ( 'NONE',  ( 0.000000000000000000, 0.000000000000000000, -1.000000000000000000 ) ) ;
#3740 = LINE ( 'NONE', #5839, #4701 ) ;
#3741 = VECTOR ( 'NONE', #7422, 1000.000000000000000 ) ;
#3742 = ORIENTED_EDGE ( 'NONE', *, *, #3385, .F. ) ;
#3743 = DIRECTION ( 'NONE',  ( 0.000000000000000000, 0.000000000000000000, -1.000000000000000000 ) ) ;
#3745 = DIRECTION ( 'NONE',  ( 0.000000000000000000, 0.000000000000000000, 1.000000000000000000 ) ) ;
#3744 = AXIS2_PLACEMENT_3D ( 'NONE', #5964, #7975, #6618 ) ;
#3746 = ADVANCED_FACE ( 'NONE', ( #6514 ), #8526, .T. ) ;
#3747 = DATE_AND_TIME ( #2965, #2051 ) ;
#3748 = VECTOR ( 'NONE', #7288, 1000.000000000000000 ) ;
#3749 = PLANE ( 'NONE',  #5130 ) ;
#3750 = ORIENTED_EDGE ( 'NONE', *, *, #5722, .T. ) ;
#3751 = ORIENTED_EDGE ( 'NONE', *, *, #8556, .F. ) ;
#3752 = PLANE ( 'NONE',  #4981 ) ;
#3753 = AXIS2_PLACEMENT_3D ( 'NONE', #90, #177, #5502 ) ;
#3754 = AXIS2_PLACEMENT_3D ( 'NONE', #4815, #4208, #2663 ) ;
#3755 = EDGE_CURVE ( 'NONE', #6498, #4643, #3332, .T. ) ;
#3756 = FACE_OUTER_BOUND ( 'NONE', #3632, .T. ) ;
#3757 = VECTOR ( 'NONE', #603, 1000.000000000000000 ) ;
#3758 = ADVANCED_FACE ( 'NONE', ( #4802 ), #3621, .F. ) ;
#3759 = DIRECTION ( 'NONE',  ( 0.000000000000000000, 1.000000000000000000, 0.000000000000000000 ) ) ;
#3760 = CARTESIAN_POINT ( 'NONE',  ( 54.00000000000000000, -55.19999999999999574, 0.000000000000000000 ) ) ;
#3761 = AXIS2_PLACEMENT_3D ( 'NONE', #6432, #2461, #8482 ) ;
#3762 = VECTOR ( 'NONE', #8264, 1000.000000000000000 ) ;
#3763 = AXIS2_PLACEMENT_3D ( 'NONE', #5956, #7884, #7095 ) ;
#3764 = ORIENTED_EDGE ( 'NONE', *, *, #2104, .F. ) ;
#3765 = ORIENTED_EDGE ( 'NONE', *, *, #5999, .T. ) ;
#3766 = DIRECTION ( 'NONE',  ( 1.000000000000000000, 1.739694030349234775E-16, 0.000000000000000000 ) ) ;
#3767 = DIRECTION ( 'NONE',  ( 0.000000000000000000, 0.000000000000000000, 1.000000000000000000 ) ) ;
#3768 = DIRECTION ( 'NONE',  ( -1.000000000000000000, 0.000000000000000000, 0.000000000000000000 ) ) ;
#3769 = CARTESIAN_POINT ( 'NONE',  ( 17.67766952966359995, -55.20100000000000051, 12.42766952966379357 ) ) ;
#3770 = CARTESIAN_POINT ( 'NONE',  ( 95.00000000000000000, -53.00000000000000000, 20.00000000000000000 ) ) ;
#3771 = DIRECTION ( 'NONE',  ( 0.000000000000000000, 0.000000000000000000, -1.000000000000000000 ) ) ;
#3772 = ORIENTED_EDGE ( 'NONE', *, *, #8145, .F. ) ;
#3773 = EDGE_CURVE ( 'NONE', #5184, #7543, #2803, .T. ) ;
#3774 = ORIENTED_EDGE ( 'NONE', *, *, #709, .F. ) ;
#3775 = EDGE_CURVE ( 'NONE', #3927, #2676, #6033, .T. ) ;
#3776 = DIRECTION ( 'NONE',  ( -1.000000000000000000, -1.411204780131629195E-15, 0.000000000000000000 ) ) ;
#3777 = CARTESIAN_POINT ( 'NONE',  ( 77.00000000000000000, -49.79999999999999716, 16.25000000000000000 ) ) ;
#3778 = CARTESIAN_POINT ( 'NONE',  ( -9.500000000000000000, -30.00000000000000000, -9.933000000000001606 ) ) ;
#3779 = CIRCLE ( 'NONE', #13, 2.399999999999999467 ) ;
#3780 = DIRECTION ( 'NONE',  ( 0.000000000000000000, 1.000000000000000000, 0.000000000000000000 ) ) ;
#3781 = DIRECTION ( 'NONE',  ( 0.000000000000000000, -1.000000000000000000, 0.000000000000000000 ) ) ;
#3782 = ORIENTED_EDGE ( 'NONE', *, *, #8250, .T. ) ;
#3783 = VERTEX_POINT ( 'NONE', #4641 ) ;
#3784 = EDGE_CURVE ( 'NONE', #87, #2312, #7662, .T. ) ;
#3785 = CARTESIAN_POINT ( 'NONE',  ( -74.44893142822299126, -53.00000000000000000, -8.900000000000000355 ) ) ;
#3786 = EDGE_LOOP ( 'NONE', ( #208, #6615 ) ) ;
#3787 = DIRECTION ( 'NONE',  ( 0.000000000000000000, 0.000000000000000000, 1.000000000000000000 ) ) ;
#3788 = DIRECTION ( 'NONE',  ( 0.000000000000000000, 0.000000000000000000, 1.000000000000000000 ) ) ;
#3789 = VERTEX_POINT ( 'NONE', #4108 ) ;
#3790 = DIRECTION ( 'NONE',  ( 0.000000000000000000, 0.000000000000000000, -1.000000000000000000 ) ) ;
#3791 = DIRECTION ( 'NONE',  ( 1.000000000000000000, 0.000000000000000000, 0.000000000000000000 ) ) ;
#3792 = DATE_TIME_ROLE ( 'creation_date' ) ;
#3793 = DIRECTION ( 'NONE',  ( 0.000000000000000000, 1.000000000000000000, 0.000000000000000000 ) ) ;
#3794 = VECTOR ( 'NONE', #6225, 1000.000000000000000 ) ;
#3795 = ORIENTED_EDGE ( 'NONE', *, *, #3385, .T. ) ;
#3796 = EDGE_LOOP ( 'NONE', ( #639, #4338 ) ) ;
#3797 = ORIENTED_EDGE ( 'NONE', *, *, #6474, .F. ) ;
#3798 = CARTESIAN_POINT ( 'NONE',  ( -36.99000000000000199, -23.00000000000000000, -10.00000000000000000 ) ) ;
#3799 = CARTESIAN_POINT ( 'NONE',  ( 0.000000000000000000, -30.00000000000000000, 20.00000000000000000 ) ) ;
#3800 = CARTESIAN_POINT ( 'NONE',  ( -12.50000000000000000, -23.00000000000000000, 13.00000000000000000 ) ) ;
#3801 = PLANE ( 'NONE',  #5571 ) ;
#3802 = EDGE_CURVE ( 'NONE', #5196, #2669, #135, .T. ) ;
#3803 = EDGE_LOOP ( 'NONE', ( #4674, #5643, #3177, #1810 ) ) ;
#3804 = EDGE_CURVE ( 'NONE', #8322, #8203, #4763, .T. ) ;
#3805 = VERTEX_POINT ( 'NONE', #2065 ) ;
#3806 = ADVANCED_FACE ( 'NONE', ( #4724 ), #6774, .T. ) ;
#3807 = AXIS2_PLACEMENT_3D ( 'NONE', #5191, #5760, #8425 ) ;
#3808 = CARTESIAN_POINT ( 'NONE',  ( -12.50000000000000000, -23.00000000000000000, 10.54150000000000098 ) ) ;
#3809 = DIRECTION ( 'NONE',  ( 1.000000000000000000, 0.000000000000000000, 0.000000000000000000 ) ) ;
#3810 = CARTESIAN_POINT ( 'NONE',  ( 40.31128874149275276, -10.00000000000000178, 20.00000000000000000 ) ) ;
#3811 = CARTESIAN_POINT ( 'NONE',  ( -40.00000000000000000, -23.00000000000000000, 19.45850000000000080 ) ) ;
#3812 = LINE ( 'NONE', #4670, #8301 ) ;
#3813 = ORIENTED_EDGE ( 'NONE', *, *, #3610, .T. ) ;
#3814 = EDGE_CURVE ( 'NONE', #2227, #1900, #2146, .T. ) ;
#3815 = ORIENTED_EDGE ( 'NONE', *, *, #4085, .F. ) ;
#3816 = DIRECTION ( 'NONE',  ( 2.926572255078290114E-17, 1.000000000000000000, 0.000000000000000000 ) ) ;
#3817 = DIRECTION ( 'NONE',  ( 0.000000000000000000, -1.000000000000000000, 0.000000000000000000 ) ) ;
#3818 = CARTESIAN_POINT ( 'NONE',  ( -77.00000000000000000, -53.00000000000000000, -13.00000000000000178 ) ) ;
#3819 = CARTESIAN_POINT ( 'NONE',  ( 0.000000000000000000, -30.00000000000000000, -20.00000000000000000 ) ) ;
#3820 = CARTESIAN_POINT ( 'NONE',  ( -54.00000000000000000, -55.19999999999999574, 0.000000000000000000 ) ) ;
#3821 = EDGE_CURVE ( 'NONE', #609, #5898, #2230, .T. ) ;
#3822 = CC_DESIGN_PERSON_AND_ORGANIZATION_ASSIGNMENT ( #7677, #1132, ( #7558 ) ) ;
#3823 = VERTEX_POINT ( 'NONE', #3373 ) ;
#3824 = VERTEX_POINT ( 'NONE', #3414 ) ;
#3825 = VECTOR ( 'NONE', #2779, 1000.000000000000000 ) ;
#3826 = DIRECTION ( 'NONE',  ( 1.000000000000000000, 0.000000000000000000, 0.000000000000000000 ) ) ;
#3827 = ORIENTED_EDGE ( 'NONE', *, *, #2315, .T. ) ;
#3828 = CYLINDRICAL_SURFACE ( 'NONE', #1832, 3.249999999999999556 ) ;
#3829 = CARTESIAN_POINT ( 'NONE',  ( -17.67766952966359995, -53.00000000000000000, -12.42766952966377403 ) ) ;
#3830 = ORIENTED_EDGE ( 'NONE', *, *, #2229, .T. ) ;
#3831 = CARTESIAN_POINT ( 'NONE',  ( -40.00000000000000000, 23.00000000000000000, 10.00000000000000000 ) ) ;
#3832 = DIRECTION ( 'NONE',  ( -0.4226182617406974429, 0.9063077870366509359, 0.000000000000000000 ) ) ;
#3833 = ADVANCED_FACE ( 'NONE', ( #6818 ), #6692, .T. ) ;
#3834 = PERSON_AND_ORGANIZATION ( #2440, #369 ) ;
#3835 = VECTOR ( 'NONE', #7693, 1000.000000000000000 ) ;
#3836 = AXIS2_PLACEMENT_3D ( 'NONE', #142, #1989, #1458 ) ;
#3837 = FACE_OUTER_BOUND ( 'NONE', #3267, .T. ) ;
#3838 = ORIENTED_EDGE ( 'NONE', *, *, #8344, .F. ) ;
#3839 = VERTEX_POINT ( 'NONE', #8124 ) ;
#3840 = VERTEX_POINT ( 'NONE', #8000 ) ;
#3841 = CYLINDRICAL_SURFACE ( 'NONE', #6935, 5.249999999999997335 ) ;
#3842 = AXIS2_PLACEMENT_3D ( 'NONE', #4688, #1423, #7435 ) ;
#3843 = CIRCLE ( 'NONE', #5366, 2.100000000000111111 ) ;
#3844 = CYLINDRICAL_SURFACE ( 'NONE', #2984, 5.000000000000004441 ) ;
#3845 = CARTESIAN_POINT ( 'NONE',  ( 0.000000000000000000, -19.80000000000000071, -2.299999999999999822 ) ) ;
#3846 =( LENGTH_UNIT ( ) NAMED_UNIT ( * ) SI_UNIT ( .MILLI., .METRE. ) );
#3847 = PLANE ( 'NONE',  #8481 ) ;
#3848 = AXIS2_PLACEMENT_3D ( 'NONE', #1359, #2675, #5363 ) ;
#3849 = EDGE_LOOP ( 'NONE', ( #5070, #7156, #3578, #1579 ) ) ;
#3850 = ORIENTED_EDGE ( 'NONE', *, *, #7379, .T. ) ;
#3851 = CARTESIAN_POINT ( 'NONE',  ( -29.57888850641910139, -40.11309130870348127, 20.00000000000000000 ) ) ;
#3852 = CARTESIAN_POINT ( 'NONE',  ( -67.00000000000000000, -53.00000000000000000, 19.75000000000000000 ) ) ;
#3853 = FACE_OUTER_BOUND ( 'NONE', #7272, .T. ) ;
#3854 = DIRECTION ( 'NONE',  ( 0.000000000000000000, -1.000000000000000000, 0.000000000000000000 ) ) ;
#3855 = FACE_OUTER_BOUND ( 'NONE', #7324, .T. ) ;
#3856 = EDGE_CURVE ( 'NONE', #8179, #2749, #3210, .T. ) ;
#3857 = ORIENTED_EDGE ( 'NONE', *, *, #7026, .T. ) ;
#3858 = ORIENTED_EDGE ( 'NONE', *, *, #5779, .T. ) ;
#3859 = CARTESIAN_POINT ( 'NONE',  ( 22.38609614442020046, -53.00000000000000000, -20.00000000000000000 ) ) ;
#3860 = CARTESIAN_POINT ( 'NONE',  ( -48.00000000000000000, 19.50000000000000000, -13.00000000000000000 ) ) ;
#3861 = CARTESIAN_POINT ( 'NONE',  ( -17.67766952966359995, -13.60000000000000142, -20.77766952966377190 ) ) ;
#3862 = EDGE_CURVE ( 'NONE', #1311, #6123, #790, .T. ) ;
#3863 = CARTESIAN_POINT ( 'NONE',  ( 0.000000000000000000, 14.55000000000000071, 20.00000000000000000 ) ) ;
#3864 = CARTESIAN_POINT ( 'NONE',  ( -67.00000000000000000, -53.00000000000000000, -19.75000000000000000 ) ) ;
#3865 = PRODUCT_DEFINITION_FORMATION_WITH_SPECIFIED_SOURCE ( 'ANY', '', #8027, .NOT_KNOWN. ) ;
#3866 = EDGE_CURVE ( 'NONE', #4925, #8450, #1641, .T. ) ;
#3867 = VECTOR ( 'NONE', #2659, 1000.000000000000000 ) ;
#3868 = ORIENTED_EDGE ( 'NONE', *, *, #1323, .F. ) ;
#3869 = EDGE_LOOP ( 'NONE', ( #7891, #175, #5020, #7452 ) ) ;
#3870 = LOCAL_TIME ( 0, 52, 31.00000000000000000, #3962 ) ;
#3871 = LINE ( 'NONE', #5836, #108 ) ;
#3872 = DIRECTION ( 'NONE',  ( 0.000000000000000000, -1.923020529789769852E-10, 1.000000000000000000 ) ) ;
#3873 = ADVANCED_FACE ( 'NONE', ( #7342 ), #8079, .F. ) ;
#3874 = DIRECTION ( 'NONE',  ( 0.000000000000000000, -1.000000000000000000, -3.184035844207994916E-16 ) ) ;
#3875 = VECTOR ( 'NONE', #1683, 1000.000000000000000 ) ;
#3876 = ORIENTED_EDGE ( 'NONE', *, *, #5724, .T. ) ;
#3877 = CARTESIAN_POINT ( 'NONE',  ( -67.00000000000000000, 12.99999999999934097, -16.85000000000000142 ) ) ;
#3878 = VECTOR ( 'NONE', #5633, 1000.000000000000000 ) ;
#3879 = DIRECTION ( 'NONE',  ( 0.000000000000000000, 0.000000000000000000, -1.000000000000000000 ) ) ;
#3880 = DATE_AND_TIME ( #4445, #6516 ) ;
#3881 = AXIS2_PLACEMENT_3D ( 'NONE', #1701, #1139, #3236 ) ;
#3882 = ORIENTED_EDGE ( 'NONE', *, *, #604, .F. ) ;
#3883 = VECTOR ( 'NONE', #7029, 1000.000000000000000 ) ;
#3884 = CIRCLE ( 'NONE', #393, 0.1999999999992989608 ) ;
#3885 = ORIENTED_EDGE ( 'NONE', *, *, #8558, .F. ) ;
#3886 = ORIENTED_EDGE ( 'NONE', *, *, #766, .F. ) ;
#3887 = DIRECTION ( 'NONE',  ( -1.000000000000000000, 0.000000000000000000, 0.000000000000000000 ) ) ;
#3888 = VECTOR ( 'NONE', #1996, 1000.000000000000000 ) ;
#3889 = ORIENTED_EDGE ( 'NONE', *, *, #4764, .F. ) ;
#3890 = DIRECTION ( 'NONE',  ( 1.000000000000000000, 0.000000000000000000, 0.000000000000000000 ) ) ;
#3891 = VECTOR ( 'NONE', #8559, 1000.000000000000000 ) ;
#3892 = AXIS2_PLACEMENT_3D ( 'NONE', #3328, #7295, #7258 ) ;
#3893 = DIRECTION ( 'NONE',  ( 0.000000000000000000, 0.000000000000000000, 1.000000000000000000 ) ) ;
#3894 = DIRECTION ( 'NONE',  ( 0.000000000000000000, 0.000000000000000000, 1.000000000000000000 ) ) ;
#3895 = DIRECTION ( 'NONE',  ( 1.000000000000000000, 0.000000000000000000, 0.000000000000000000 ) ) ;
#3896 = AXIS2_PLACEMENT_3D ( 'NONE', #6436, #452, #7700 ) ;
#3897 = CIRCLE ( 'NONE', #2776, 3.009999999999998899 ) ;
#3898 = EDGE_LOOP ( 'NONE', ( #7343, #147, #5948, #218 ) ) ;
#3899 = ORIENTED_EDGE ( 'NONE', *, *, #1906, .T. ) ;
#3900 = EDGE_CURVE ( 'NONE', #7292, #1527, #4152, .T. ) ;
#3901 = FACE_OUTER_BOUND ( 'NONE', #6365, .T. ) ;
#3902 = CARTESIAN_POINT ( 'NONE',  ( -67.00000000000000000, -11.24999999999944045, -19.69999999999999929 ) ) ;
#3903 = CARTESIAN_POINT ( 'NONE',  ( -40.00000000000000000, -23.00000000000000000, -20.00000000000000000 ) ) ;
#3904 = DIRECTION ( 'NONE',  ( 0.000000000000000000, 0.000000000000000000, -1.000000000000000000 ) ) ;
#3905 = CIRCLE ( 'NONE', #3598, 5.000000000000004441 ) ;
#3906 = VECTOR ( 'NONE', #2239, 1000.000000000000000 ) ;
#3907 = CARTESIAN_POINT ( 'NONE',  ( 17.67766952966359995, -13.60000000000000142, 20.77766952966379321 ) ) ;
#3908 = CIRCLE ( 'NONE', #5703, 5.250000000000000888 ) ;
#3909 = VERTEX_POINT ( 'NONE', #7642 ) ;
#3910 = ORIENTED_EDGE ( 'NONE', *, *, #4922, .T. ) ;
#3911 = DIRECTION ( 'NONE',  ( 0.000000000000000000, 0.000000000000000000, -1.000000000000000000 ) ) ;
#3912 = DIRECTION ( 'NONE',  ( -0.000000000000000000, 1.000000000000000000, 0.000000000000000000 ) ) ;
#3913 = LINE ( 'NONE', #3861, #3555 ) ;
#3914 = DIRECTION ( 'NONE',  ( 0.000000000000000000, 1.000000000000000000, 0.000000000000000000 ) ) ;
#3915 = LINE ( 'NONE', #2603, #1399 ) ;
#3916 = ORIENTED_EDGE ( 'NONE', *, *, #3594, .F. ) ;
#3917 = ADVANCED_FACE ( 'NONE', ( #4931 ), #307, .T. ) ;
#3918 = EDGE_LOOP ( 'NONE', ( #6344, #434 ) ) ;
#3919 = EDGE_CURVE ( 'NONE', #7708, #4906, #4734, .T. ) ;
#3920 = PLANE ( 'NONE',  #1244 ) ;
#3921 = EDGE_CURVE ( 'NONE', #4282, #2873, #6243, .T. ) ;
#3922 = FACE_OUTER_BOUND ( 'NONE', #2795, .T. ) ;
#3923 = ORIENTED_EDGE ( 'NONE', *, *, #8470, .F. ) ;
#3924 = CARTESIAN_POINT ( 'NONE',  ( -56.50000000000000000, -20.00000000000000000, 19.80000000000000071 ) ) ;
#3925 = FACE_OUTER_BOUND ( 'NONE', #3526, .T. ) ;
#3926 = APPROVAL_DATE_TIME ( #8546, #580 ) ;
#3927 = VERTEX_POINT ( 'NONE', #3064 ) ;
#3928 = ORIENTED_EDGE ( 'NONE', *, *, #560, .T. ) ;
#3929 = FACE_OUTER_BOUND ( 'NONE', #8077, .T. ) ;
#3930 = ORIENTED_EDGE ( 'NONE', *, *, #2605, .T. ) ;
#3931 = DIRECTION ( 'NONE',  ( 0.000000000000000000, 0.000000000000000000, -1.000000000000000000 ) ) ;
#3932 = CARTESIAN_POINT ( 'NONE',  ( 77.00000000000000000, -53.00000000000000000, 16.25000000000000000 ) ) ;
#3933 = DIRECTION ( 'NONE',  ( 0.000000000000000000, 0.000000000000000000, 1.000000000000000000 ) ) ;
#3934 = VECTOR ( 'NONE', #1210, 1000.000000000000000 ) ;
#3935 = LINE ( 'NONE', #617, #7807 ) ;
#3936 = EDGE_CURVE ( 'NONE', #3254, #6587, #1665, .T. ) ;
#3937 = VERTEX_POINT ( 'NONE', #966 ) ;
#3938 = ORIENTED_EDGE ( 'NONE', *, *, #5996, .F. ) ;
#3939 = DIRECTION ( 'NONE',  ( 0.000000000000000000, 0.000000000000000000, 1.000000000000000000 ) ) ;
#3940 = DIRECTION ( 'NONE',  ( 0.000000000000000000, 1.000000000000000000, 0.000000000000000000 ) ) ;
#3941 = DIRECTION ( 'NONE',  ( 1.000000000000000000, 0.000000000000000000, 0.000000000000000000 ) ) ;
#3942 = CARTESIAN_POINT ( 'NONE',  ( -31.00000127116289761, -30.00000000000000000, 11.75000000000322053 ) ) ;
#3943 = LINE ( 'NONE', #5248, #1258 ) ;
#3944 = EDGE_CURVE ( 'NONE', #8512, #7797, #5628, .T. ) ;
#3945 = CIRCLE ( 'NONE', #4642, 2.458500000000002572 ) ;
#3946 = ORIENTED_EDGE ( 'NONE', *, *, #7145, .F. ) ;
#3947 = ORIENTED_EDGE ( 'NONE', *, *, #7669, .T. ) ;
#3948 = DIRECTION ( 'NONE',  ( 0.000000000000000000, -1.000000000000000000, 0.000000000000000000 ) ) ;
#3949 = LINE ( 'NONE', #2519, #382 ) ;
#3950 = CYLINDRICAL_SURFACE ( 'NONE', #7180, 3.009999999999998899 ) ;
#3951 = DIRECTION ( 'NONE',  ( 0.000000000000000000, 1.000000000000000000, 0.000000000000000000 ) ) ;
#3952 = CARTESIAN_POINT ( 'NONE',  ( -46.00000000000000000, 30.00000000000000000, -1.699999999999999956 ) ) ;
#3953 = CIRCLE ( 'NONE', #6175, 5.000000000000000888 ) ;
#3954 = EDGE_LOOP ( 'NONE', ( #7711, #1360 ) ) ;
#3955 = EDGE_LOOP ( 'NONE', ( #6182, #7763, #4374, #432 ) ) ;
#3956 = DIRECTION ( 'NONE',  ( 1.000000000000000000, 0.000000000000000000, -3.064678140893689367E-13 ) ) ;
#3957 = LINE ( 'NONE', #3226, #1498 ) ;
#3958 = VERTEX_POINT ( 'NONE', #2365 ) ;
#3959 = CARTESIAN_POINT ( 'NONE',  ( -67.00000000000000000, -11.40217391304300065, 18.21270018560300130 ) ) ;
#3960 = EDGE_CURVE ( 'NONE', #6308, #8640, #1006, .T. ) ;
#3961 = LINE ( 'NONE', #2002, #962 ) ;
#3962 = COORDINATED_UNIVERSAL_TIME_OFFSET ( 6, 0, .BEHIND. ) ;
#3963 = EDGE_CURVE ( 'NONE', #8289, #4264, #4326, .T. ) ;
#3964 = ORIENTED_EDGE ( 'NONE', *, *, #5886, .F. ) ;
#3965 = AXIS2_PLACEMENT_3D ( 'NONE', #3104, #4927, #5587 ) ;
#3966 = ORIENTED_EDGE ( 'NONE', *, *, #4741, .T. ) ;
#3967 = DIRECTION ( 'NONE',  ( 0.000000000000000000, 0.000000000000000000, 1.000000000000000000 ) ) ;
#3968 = ORIENTED_EDGE ( 'NONE', *, *, #5636, .T. ) ;
#3969 = EDGE_CURVE ( 'NONE', #3937, #2669, #1806, .T. ) ;
#3970 = CIRCLE ( 'NONE', #4241, 0.1999999999992979616 ) ;
#3971 = AXIS2_PLACEMENT_3D ( 'NONE', #4116, #6038, #2648 ) ;
#3972 = PLANE ( 'NONE',  #1433 ) ;
#3973 = ADVANCED_FACE ( 'NONE', ( #7597 ), #1621, .T. ) ;
#3974 = CARTESIAN_POINT ( 'NONE',  ( -43.00000000000000000, 23.00000000000000000, 20.00000000000000000 ) ) ;
#3975 = DIRECTION ( 'NONE',  ( 0.000000000000000000, -1.000000000000000000, 0.000000000000000000 ) ) ;
#3976 = AXIS2_PLACEMENT_3D ( 'NONE', #6990, #7654, #7565 ) ;
#3977 = VERTEX_POINT ( 'NONE', #876 ) ;
#3978 = VECTOR ( 'NONE', #1293, 1000.000000000000000 ) ;
#3979 = ORIENTED_EDGE ( 'NONE', *, *, #6047, .T. ) ;
#3980 = EDGE_CURVE ( 'NONE', #4918, #2656, #6373, .T. ) ;
#3981 = LINE ( 'NONE', #1936, #112 ) ;
#3982 = CARTESIAN_POINT ( 'NONE',  ( -67.00000000000000000, 11.44999999999999929, 19.69999999999999929 ) ) ;
#3983 = DIRECTION ( 'NONE',  ( 0.000000000000000000, -1.000000000000000000, 0.000000000000000000 ) ) ;
#3984 = DIRECTION ( 'NONE',  ( 0.000000000000000000, 1.000000000000000000, 0.000000000000000000 ) ) ;
#3985 = AXIS2_PLACEMENT_3D ( 'NONE', #5292, #2716, #4640 ) ;
#3986 = CARTESIAN_POINT ( 'NONE',  ( -53.79999999999999716, -20.00000000000000000, 20.00000000000000000 ) ) ;
#3987 = ORIENTED_EDGE ( 'NONE', *, *, #6901, .T. ) ;
#3988 = EDGE_LOOP ( 'NONE', ( #2003, #3928, #6142, #1450 ) ) ;
#3989 = CARTESIAN_POINT ( 'NONE',  ( -31.00000000000000000, -25.00000000000000000, 12.00000000000000000 ) ) ;
#3990 = EDGE_CURVE ( 'NONE', #4485, #1418, #3669, .T. ) ;
#3991 = DIRECTION ( 'NONE',  ( 1.000000000000000000, 0.000000000000000000, 0.000000000000000000 ) ) ;
#3992 = DIRECTION ( 'NONE',  ( -0.000000000000000000, 1.000000000000000000, 0.000000000000000000 ) ) ;
#3993 = DIRECTION ( 'NONE',  ( 0.000000000000000000, 0.000000000000000000, 1.000000000000000000 ) ) ;
#3994 = FACE_OUTER_BOUND ( 'NONE', #2562, .T. ) ;
#3995 = VECTOR ( 'NONE', #4324, 1000.000000000000000 ) ;
#3996 = VERTEX_POINT ( 'NONE', #4895 ) ;
#3997 = VERTEX_POINT ( 'NONE', #5670 ) ;
#3998 = LINE ( 'NONE', #7186, #6676 ) ;
#3999 = FACE_OUTER_BOUND ( 'NONE', #1443, .T. ) ;
#4000 = ORIENTED_EDGE ( 'NONE', *, *, #224, .T. ) ;
#4001 = CARTESIAN_POINT ( 'NONE',  ( -2.312964634635745028E-15, 24.19999999999999929, 1.699999999999999956 ) ) ;
#4002 = LINE ( 'NONE', #568, #7944 ) ;
#4003 = CC_DESIGN_SECURITY_CLASSIFICATION ( #936, ( #8645 ) ) ;
#4004 = VERTEX_POINT ( 'NONE', #6328 ) ;
#4005 = AXIS2_PLACEMENT_3D ( 'NONE', #5605, #7573, #4258 ) ;
#4006 = ORIENTED_EDGE ( 'NONE', *, *, #8099, .T. ) ;
#4007 = CYLINDRICAL_SURFACE ( 'NONE', #807, 3.099999999999998757 ) ;
#4008 = VERTEX_POINT ( 'NONE', #6288 ) ;
#4009 = EDGE_CURVE ( 'NONE', #7772, #3098, #348, .T. ) ;
#4010 = DIRECTION ( 'NONE',  ( 1.000000000000000000, 0.000000000000000000, 0.000000000000000000 ) ) ;
#4011 = CARTESIAN_POINT ( 'NONE',  ( -46.00000000000000000, -19.80000000000000071, 2.299999999999999822 ) ) ;
#4012 = AXIS2_PLACEMENT_3D ( 'NONE', #5596, #3635, #6905 ) ;
#4013 = CARTESIAN_POINT ( 'NONE',  ( -72.29999999999999716, 53.00000000000000000, -8.599999999999999645 ) ) ;
#4014 = ORIENTED_EDGE ( 'NONE', *, *, #1644, .F. ) ;
#4015 = EDGE_CURVE ( 'NONE', #7898, #5950, #1048, .T. ) ;
#4016 = AXIS2_PLACEMENT_3D ( 'NONE', #1389, #8014, #25 ) ;
#4017 = VERTEX_POINT ( 'NONE', #4848 ) ;
#4018 = CONICAL_SURFACE ( 'NONE', #8066, 2.700000000000001066, 0.7853981633974560506 ) ;
#4019 = EDGE_CURVE ( 'NONE', #408, #4681, #7512, .T. ) ;
#4020 = AXIS2_PLACEMENT_3D ( 'NONE', #7690, #2323, #2456 ) ;
#4021 = ADVANCED_FACE ( 'NONE', ( #2277, #1578, #6896 ), #917, .T. ) ;
#4022 = CARTESIAN_POINT ( 'NONE',  ( -54.00000000000000000, -53.00000000000000000, -16.50000000000000000 ) ) ;
#4023 = CARTESIAN_POINT ( 'NONE',  ( -67.00000000000000000, 30.00000000000000000, -7.250000000000000000 ) ) ;
#4024 = LINE ( 'NONE', #6689, #5942 ) ;
#4025 = DIRECTION ( 'NONE',  ( 0.000000000000000000, 0.000000000000000000, 1.000000000000000000 ) ) ;
#4026 = VERTEX_POINT ( 'NONE', #7122 ) ;
#4027 = DIRECTION ( 'NONE',  ( 0.000000000000000000, -1.000000000000000000, 0.000000000000000000 ) ) ;
#4028 = AXIS2_PLACEMENT_3D ( 'NONE', #4213, #3430, #1469 ) ;
#4029 = VECTOR ( 'NONE', #3791, 1000.000000000000000 ) ;
#4030 = ORIENTED_EDGE ( 'NONE', *, *, #7983, .T. ) ;
#4031 = ORIENTED_EDGE ( 'NONE', *, *, #8281, .T. ) ;
#4032 = FACE_OUTER_BOUND ( 'NONE', #8150, .T. ) ;
#4033 = DIRECTION ( 'NONE',  ( 1.000000000000000000, 0.000000000000000000, 0.000000000000000000 ) ) ;
#4034 = VECTOR ( 'NONE', #7663, 1000.000000000000000 ) ;
#4035 = VECTOR ( 'NONE', #394, 1000.000000000000000 ) ;
#4036 = FACE_OUTER_BOUND ( 'NONE', #256, .T. ) ;
#4037 = CARTESIAN_POINT ( 'NONE',  ( -31.00000000000000000, -49.79999999999999716, 16.25000000000000000 ) ) ;
#4038 = DIRECTION ( 'NONE',  ( 0.000000000000000000, 0.000000000000000000, -1.000000000000000000 ) ) ;
#4039 = VECTOR ( 'NONE', #2125, 1000.000000000000000 ) ;
#4040 = ADVANCED_FACE ( 'NONE', ( #5761 ), #1397, .F. ) ;
#4041 = ADVANCED_FACE ( 'NONE', ( #5856 ), #3801, .T. ) ;
#4042 = CIRCLE ( 'NONE', #2517, 16.50000000000000000 ) ;
#4043 = ORIENTED_EDGE ( 'NONE', *, *, #1678, .F. ) ;
#4044 = EDGE_LOOP ( 'NONE', ( #5501, #7636, #895, #7036 ) ) ;
#4045 = AXIS2_PLACEMENT_3D ( 'NONE', #4261, #4994, #7668 ) ;
#4046 = CARTESIAN_POINT ( 'NONE',  ( 4.996003610813199699E-15, -4.302352086098625093E-15, -17.56568542494899887 ) ) ;
#4047 = CARTESIAN_POINT ( 'NONE',  ( -67.00000000000000000, -14.55000000000000071, 18.26686273152999718 ) ) ;
#4048 = ORIENTED_EDGE ( 'NONE', *, *, #4557, .T. ) ;
#4049 = CARTESIAN_POINT ( 'NONE',  ( -49.59247459621600029, 19.00000000000000000, 11.40752540378399971 ) ) ;
#4050 = ORIENTED_EDGE ( 'NONE', *, *, #1478, .T. ) ;
#4051 = EDGE_CURVE ( 'NONE', #3450, #1053, #8382, .T. ) ;
#4052 = VERTEX_POINT ( 'NONE', #1278 ) ;
#4053 = DIRECTION ( 'NONE',  ( 1.000000000000000000, 0.000000000000000000, 0.000000000000000000 ) ) ;
#4054 = EDGE_LOOP ( 'NONE', ( #8103, #3603 ) ) ;
#4055 = VECTOR ( 'NONE', #8226, 1000.000000000000000 ) ;
#4056 = PLANE ( 'NONE',  #4501 ) ;
#4057 = DATE_AND_TIME ( #8248, #2615 ) ;
#4058 = PLANE ( 'NONE',  #2770 ) ;
#4059 = CARTESIAN_POINT ( 'NONE',  ( -46.00000000000000000, 30.00000000000000000, 1.699999999999999956 ) ) ;
#4060 = ORIENTED_EDGE ( 'NONE', *, *, #2698, .F. ) ;
#4061 = ORIENTED_EDGE ( 'NONE', *, *, #5499, .T. ) ;
#4062 = CARTESIAN_POINT ( 'NONE',  ( -67.00000000000000000, 14.55000000000000071, 20.00000000000000000 ) ) ;
#4063 = DIRECTION ( 'NONE',  ( -1.000000000000000000, 0.000000000000000000, 0.000000000000000000 ) ) ;
#4064 = CARTESIAN_POINT ( 'NONE',  ( -40.00000000000000000, 23.00000000000000000, 20.00000000000000000 ) ) ;
#4065 = DIRECTION ( 'NONE',  ( 0.000000000000000000, -1.000000000000000000, 0.000000000000000000 ) ) ;
#4066 = EDGE_CURVE ( 'NONE', #3098, #2332, #5153, .T. ) ;
#4067 = CARTESIAN_POINT ( 'NONE',  ( -48.00000000000000000, 19.50000000000000000, 15.45850000000000080 ) ) ;
#4068 = EDGE_CURVE ( 'NONE', #6881, #7786, #3935, .T. ) ;
#4069 = AXIS2_PLACEMENT_3D ( 'NONE', #198, #1564, #4222 ) ;
#4070 = ORIENTED_EDGE ( 'NONE', *, *, #5784, .T. ) ;
#4071 = VERTEX_POINT ( 'NONE', #8518 ) ;
#4072 = CARTESIAN_POINT ( 'NONE',  ( 0.000000000000000000, -31.50000000000000000, 20.00000000000000000 ) ) ;
#4073 = DIRECTION ( 'NONE',  ( 0.7071067811865444641, 1.004472521934529022E-07, 0.7071067811865434649 ) ) ;
#4074 = DIRECTION ( 'NONE',  ( 0.000000000000000000, 0.000000000000000000, -1.000000000000000000 ) ) ;
#4075 = LINE ( 'NONE', #6780, #1187 ) ;
#4076 = CARTESIAN_POINT ( 'NONE',  ( -67.00000000000000000, -12.99999999999934097, -16.85000000000000142 ) ) ;
#4077 = CIRCLE ( 'NONE', #3253, 3.000000000000000888 ) ;
#4078 = EDGE_CURVE ( 'NONE', #5083, #6463, #4042, .T. ) ;
#4079 = ORIENTED_EDGE ( 'NONE', *, *, #2652, .F. ) ;
#4080 = VERTEX_POINT ( 'NONE', #5721 ) ;
#4081 = CARTESIAN_POINT ( 'NONE',  ( -42.76045286139795110, -24.19999999999999929, 2.299999999999999822 ) ) ;
#4082 = LINE ( 'NONE', #8270, #6378 ) ;
#4083 = AXIS2_PLACEMENT_3D ( 'NONE', #2134, #4958, #4790 ) ;
#4084 = CARTESIAN_POINT ( 'NONE',  ( -40.00000000000000000, 23.00000000000000000, -1.699999999999999956 ) ) ;
#4085 = EDGE_CURVE ( 'NONE', #2621, #6308, #5239, .T. ) ;
#4086 = ORIENTED_EDGE ( 'NONE', *, *, #5035, .T. ) ;
#4087 = CARTESIAN_POINT ( 'NONE',  ( -31.00000000000000000, -29.56700000000000017, 12.00000000000000000 ) ) ;
#4088 = AXIS2_PLACEMENT_3D ( 'NONE', #892, #3608, #3034 ) ;
#4089 = ORIENTED_EDGE ( 'NONE', *, *, #4283, .T. ) ;
#4090 = DIRECTION ( 'NONE',  ( 1.000000000000000000, 0.000000000000000000, 0.000000000000000000 ) ) ;
#4091 = ORIENTED_EDGE ( 'NONE', *, *, #2095, .T. ) ;
#4092 = DIRECTION ( 'NONE',  ( 0.000000000000000000, -1.000000000000000000, 0.000000000000000000 ) ) ;
#4094 = ORIENTED_EDGE ( 'NONE', *, *, #5294, .F. ) ;
#4093 = EDGE_CURVE ( 'NONE', #6272, #5128, #7388, .T. ) ;
#4095 = DIRECTION ( 'NONE',  ( -1.000000000000000000, 0.000000000000000000, 0.000000000000000000 ) ) ;
#4096 = PERSON_AND_ORGANIZATION_ROLE ( 'classification_officer' ) ;
#4097 = AXIS2_PLACEMENT_3D ( 'NONE', #2451, #6324, #6237 ) ;
#4098 = DIRECTION ( 'NONE',  ( 0.000000000000000000, 0.000000000000000000, 1.000000000000000000 ) ) ;
#4099 = EDGE_LOOP ( 'NONE', ( #909, #4366, #8599, #4252 ) ) ;
#4100 = ORIENTED_EDGE ( 'NONE', *, *, #8463, .T. ) ;
#4101 = ORIENTED_EDGE ( 'NONE', *, *, #3866, .T. ) ;
#4102 = AXIS2_PLACEMENT_3D ( 'NONE', #4260, #4304, #5516 ) ;
#4103 = LINE ( 'NONE', #6770, #4791 ) ;
#4104 = CARTESIAN_POINT ( 'NONE',  ( -40.00000000000000000, -23.00000000000000000, -20.00000000000000000 ) ) ;
#4105 = CARTESIAN_POINT ( 'NONE',  ( -37.54149999999999920, -22.99999965184445117, -20.00000000000000000 ) ) ;
#4106 = PLANE ( 'NONE',  #1750 ) ;
#4107 = ORIENTED_EDGE ( 'NONE', *, *, #8274, .T. ) ;
#4108 = CARTESIAN_POINT ( 'NONE',  ( 71.75000000000000000, -49.79999999999999716, 13.00000000000000178 ) ) ;
#4109 = CIRCLE ( 'NONE', #7178, 2.458500000000002572 ) ;
#4110 = CIRCLE ( 'NONE', #7320, 2.458500000000000796 ) ;
#4111 = CIRCLE ( 'NONE', #1188, 3.009999999999998899 ) ;
#4112 = ORIENTED_EDGE ( 'NONE', *, *, #8329, .T. ) ;
#4113 = ORIENTED_EDGE ( 'NONE', *, *, #7326, .T. ) ;
#4114 = FACE_OUTER_BOUND ( 'NONE', #1041, .T. ) ;
#4115 = DIRECTION ( 'NONE',  ( -1.000000000000000000, 0.000000000000000000, 0.000000000000000000 ) ) ;
#4116 = CARTESIAN_POINT ( 'NONE',  ( -56.50000000000000000, 20.00000000000000000, 19.90000000000000213 ) ) ;
#4117 = PLANE ( 'NONE',  #7590 ) ;
#4118 = FACE_OUTER_BOUND ( 'NONE', #2683, .T. ) ;
#4119 = ADVANCED_FACE ( 'NONE', ( #7161 ), #4408, .T. ) ;
#4120 = ORIENTED_EDGE ( 'NONE', *, *, #8556, .T. ) ;
#4121 = VERTEX_POINT ( 'NONE', #4595 ) ;
#4122 = ADVANCED_FACE ( 'NONE', ( #5897 ), #3847, .T. ) ;
#4123 = DIRECTION ( 'NONE',  ( 1.000000000000000000, 0.000000000000000000, 0.000000000000000000 ) ) ;
#4124 = DIRECTION ( 'NONE',  ( 1.000000000000000000, 0.000000000000000000, 0.000000000000000000 ) ) ;
#4125 = ADVANCED_FACE ( 'NONE', ( #1099 ), #7821, .F. ) ;
#4126 = CARTESIAN_POINT ( 'NONE',  ( -28.04842788558745070, -25.00000000000000000, 20.00000000000000000 ) ) ;
#4127 = DIRECTION ( 'NONE',  ( 1.000000000000000000, 0.000000000000000000, 0.000000000000000000 ) ) ;
#4128 = ORIENTED_EDGE ( 'NONE', *, *, #6756, .T. ) ;
#4129 = EDGE_CURVE ( 'NONE', #1007, #4616, #2542, .T. ) ;
#4130 = DIRECTION ( 'NONE',  ( 1.000000000000000000, 0.000000000000000000, 0.000000000000000000 ) ) ;
#4131 = ORIENTED_EDGE ( 'NONE', *, *, #5181, .T. ) ;
#4132 = CARTESIAN_POINT ( 'NONE',  ( -42.45850000000000080, -23.00000034815554883, 10.00000000000000000 ) ) ;
#4133 = EDGE_CURVE ( 'NONE', #368, #162, #1749, .T. ) ;
#4134 = ORIENTED_EDGE ( 'NONE', *, *, #1785, .T. ) ;
#4135 = DIRECTION ( 'NONE',  ( 1.000000000000000000, 0.000000000000000000, 0.000000000000000000 ) ) ;
#4136 =( NAMED_UNIT ( * ) PLANE_ANGLE_UNIT ( ) SI_UNIT ( $, .RADIAN. ) );
#4137 =( GEOMETRIC_REPRESENTATION_CONTEXT ( 3 ) GLOBAL_UNCERTAINTY_ASSIGNED_CONTEXT ( ( #6298 ) ) GLOBAL_UNIT_ASSIGNED_CONTEXT ( ( #907, #4136, #5579 ) ) REPRESENTATION_CONTEXT ( 'NONE', 'WORKASPACE' ) );
#4138 = DIRECTION ( 'NONE',  ( 1.000000000000000000, 0.000000000000000000, 0.000000000000000000 ) ) ;
#4139 = VERTEX_POINT ( 'NONE', #437 ) ;
#4140 = AXIS2_PLACEMENT_3D ( 'NONE', #4047, #6710, #4573 ) ;
#4141 = EDGE_CURVE ( 'NONE', #2473, #6368, #4546, .T. ) ;
#4142 = APPROVAL ( #3444, 'UNSPECIFIED' ) ;
#4143 = VERTEX_POINT ( 'NONE', #2581 ) ;
#4144 = ORIENTED_EDGE ( 'NONE', *, *, #6837, .T. ) ;
#4145 = ORGANIZATION ( 'NAUO-ORG1', 'UNSPECIFIED', 'UNSPECIFIED' ) ;
#4146 = DIRECTION ( 'NONE',  ( 1.184237892933498154E-14, 0.000000000000000000, -1.000000000000000000 ) ) ;
#4147 = CARTESIAN_POINT ( 'NONE',  ( 28.04842788558745070, -20.00000000000000000, -20.00000000000000000 ) ) ;
#4148 = DIRECTION ( 'NONE',  ( 0.000000000000000000, 0.000000000000000000, -1.000000000000000000 ) ) ;
#4149 = AXIS2_PLACEMENT_3D ( 'NONE', #3340, #6700, #1857 ) ;
#4150 = DIRECTION ( 'NONE',  ( -1.000000000000000000, 0.000000000000000000, 0.000000000000000000 ) ) ;
#4151 = ORIENTED_EDGE ( 'NONE', *, *, #6053, .T. ) ;
#4152 = LINE ( 'NONE', #5375, #1535 ) ;
#4153 = CIRCLE ( 'NONE', #101, 3.000000000000002665 ) ;
#4154 = VERTEX_POINT ( 'NONE', #6460 ) ;
#4155 = ADVANCED_FACE ( 'NONE', ( #482 ), #3151, .T. ) ;
#4156 = AXIS2_PLACEMENT_3D ( 'NONE', #8345, #3673, #6380 ) ;
#4157 = ORIENTED_EDGE ( 'NONE', *, *, #167, .T. ) ;
#4158 = VECTOR ( 'NONE', #6155, 1000.000000000000000 ) ;
#4159 = DIRECTION ( 'NONE',  ( -1.000000000000000000, 0.000000000000000000, 0.000000000000000000 ) ) ;
#4160 = CARTESIAN_POINT ( 'NONE',  ( -5.551115123125779744E-16, -22.99999957383840155, 16.00000000000000000 ) ) ;
#4161 = DIRECTION ( 'NONE',  ( 0.000000000000000000, -1.000000000000000000, 0.000000000000000000 ) ) ;
#4162 = CARTESIAN_POINT ( 'NONE',  ( 31.00000000000000000, -53.00000000000000000, -13.00000000000000178 ) ) ;
#4163 = DIRECTION ( 'NONE',  ( 0.000000000000000000, -0.7608695652141437282, 0.6489048502907338589 ) ) ;
#4164 = VECTOR ( 'NONE', #6847, 1000.000000000000000 ) ;
#4165 = LINE ( 'NONE', #1553, #5987 ) ;
#4166 = ORIENTED_EDGE ( 'NONE', *, *, #1140, .T. ) ;
#4167 = ORIENTED_EDGE ( 'NONE', *, *, #4078, .F. ) ;
#4168 = VECTOR ( 'NONE', #8305, 1000.000000000000000 ) ;
#4169 = DIRECTION ( 'NONE',  ( 0.000000000000000000, -1.000000000000000000, 0.000000000000000000 ) ) ;
#4170 = FACE_OUTER_BOUND ( 'NONE', #3988, .T. ) ;
#4171 = AXIS2_PLACEMENT_3D ( 'NONE', #6398, #8273, #2385 ) ;
#4172 = CARTESIAN_POINT ( 'NONE',  ( -30.92507613756490059, -43.00000000000000000, -20.00000000000000000 ) ) ;
#4173 = CARTESIAN_POINT ( 'NONE',  ( 17.67766952966359995, -13.60000000000000142, 17.67766952966379534 ) ) ;
#4174 = PERSON_AND_ORGANIZATION_ROLE ( 'classification_officer' ) ;
#4175 = AXIS2_PLACEMENT_3D ( 'NONE', #668, #6648, #5997 ) ;
#4176 = EDGE_CURVE ( 'NONE', #7527, #3530, #7506, .T. ) ;
#4177 = VECTOR ( 'NONE', #2769, 1000.000000000000000 ) ;
#4178 = ORIENTED_EDGE ( 'NONE', *, *, #4066, .F. ) ;
#4179 = EDGE_CURVE ( 'NONE', #2616, #7404, #1442, .T. ) ;
#4180 = EDGE_CURVE ( 'NONE', #4643, #8001, #5404, .T. ) ;
#4181 = DIRECTION ( 'NONE',  ( 1.000000000000000000, 0.000000000000000000, 0.000000000000000000 ) ) ;
#4182 = ORIENTED_EDGE ( 'NONE', *, *, #3703, .F. ) ;
#4183 = CARTESIAN_POINT ( 'NONE',  ( 0.000000000000000000, 11.25000000000069988, 18.34248115566069970 ) ) ;
#4184 = ORIENTED_EDGE ( 'NONE', *, *, #4764, .T. ) ;
#4185 = CARTESIAN_POINT ( 'NONE',  ( 2.118407575146590635E-14, -19.50000000000000000, -28.00000000000000000 ) ) ;
#4186 = MECHANICAL_CONTEXT ( 'NONE', #7061, 'mechanical' ) ;
#4187 = DIRECTION ( 'NONE',  ( 0.000000000000000000, 0.000000000000000000, 1.000000000000000000 ) ) ;
#4188 = VERTEX_POINT ( 'NONE', #8076 ) ;
#4189 = EDGE_CURVE ( 'NONE', #6677, #5155, #3, .T. ) ;
#4190 = ORIENTED_EDGE ( 'NONE', *, *, #438, .F. ) ;
#4191 = EDGE_LOOP ( 'NONE', ( #5019, #1889, #789, #7689 ) ) ;
#4192 = DIRECTION ( 'NONE',  ( 1.000000000000000000, 0.000000000000000000, 0.000000000000000000 ) ) ;
#4193 = FACE_OUTER_BOUND ( 'NONE', #4450, .T. ) ;
#4194 = CARTESIAN_POINT ( 'NONE',  ( -29.57888850641910139, -40.11309130870348127, -20.00000000000000000 ) ) ;
#4195 = EDGE_CURVE ( 'NONE', #4906, #4264, #6062, .T. ) ;
#4196 = LINE ( 'NONE', #7596, #6866 ) ;
#4197 = APPROVAL ( #3185, 'UNKNOWN' ) ;
#4198 = DIRECTION ( 'NONE',  ( 0.000000000000000000, 0.000000000000000000, 1.000000000000000000 ) ) ;
#4199 = ORIENTED_EDGE ( 'NONE', *, *, #4331, .T. ) ;
#4200 = EDGE_LOOP ( 'NONE', ( #3559, #3407, #5087, #7185 ) ) ;
#4201 = DIRECTION ( 'NONE',  ( 1.000000000000000000, 0.000000000000000000, 0.000000000000000000 ) ) ;
#4202 = DIRECTION ( 'NONE',  ( 0.000000000000000000, 0.000000000000000000, 1.000000000000000000 ) ) ;
#4203 = DIRECTION ( 'NONE',  ( 0.7071067811866990072, 8.659560562353079035E-17, 0.7071067811863960273 ) ) ;
#4204 = DIRECTION ( 'NONE',  ( -1.000000000000000000, 0.000000000000000000, 0.000000000000000000 ) ) ;
#4205 = LINE ( 'NONE', #1714, #3145 ) ;
#4206 = EDGE_CURVE ( 'NONE', #4154, #4616, #7953, .T. ) ;
#4207 = ADVANCED_FACE ( 'NONE', ( #4754 ), #7990, .T. ) ;
#4208 = DIRECTION ( 'NONE',  ( 0.000000000000000000, -1.000000000000000000, 0.000000000000000000 ) ) ;
#4209 = CIRCLE ( 'NONE', #1846, 0.2500000000000001110 ) ;
#4210 = LINE ( 'NONE', #3076, #1552 ) ;
#4211 = ORIENTED_EDGE ( 'NONE', *, *, #5937, .F. ) ;
#4212 = ORIENTED_EDGE ( 'NONE', *, *, #4766, .T. ) ;
#4213 = CARTESIAN_POINT ( 'NONE',  ( 17.67766952966359995, -19.50000000000000000, -17.67766952966378469 ) ) ;
#4214 = PLANE ( 'NONE',  #4711 ) ;
#4215 = DIRECTION ( 'NONE',  ( 1.000000000000000000, 0.000000000000000000, 0.000000000000000000 ) ) ;
#4216 = CARTESIAN_POINT ( 'NONE',  ( 54.00000000000000000, -53.00000000000000000, 16.50000000000000000 ) ) ;
#4217 = ORIENTED_EDGE ( 'NONE', *, *, #2166, .F. ) ;
#4218 = CYLINDRICAL_SURFACE ( 'NONE', #7252, 2.458500000000000796 ) ;
#4219 = ORIENTED_EDGE ( 'NONE', *, *, #7371, .F. ) ;
#4220 = VECTOR ( 'NONE', #5494, 1000.000000000000000 ) ;
#4221 = CARTESIAN_POINT ( 'NONE',  ( 85.00000000000000000, -25.00000000000000000, -20.00000000000000000 ) ) ;
#4222 = DIRECTION ( 'NONE',  ( 0.000000000000000000, 0.000000000000000000, 1.000000000000000000 ) ) ;
#4223 = CARTESIAN_POINT ( 'NONE',  ( -67.00000000000000000, 11.40217391304303973, 18.21270018560294801 ) ) ;
#4224 = ORIENTED_EDGE ( 'NONE', *, *, #712, .T. ) ;
#4225 = LINE ( 'NONE', #6974, #7853 ) ;
#4226 = EDGE_CURVE ( 'NONE', #232, #5889, #7456, .T. ) ;
#4227 = DIRECTION ( 'NONE',  ( 1.000000000000000000, 0.000000000000000000, 0.000000000000000000 ) ) ;
#4228 = DIRECTION ( 'NONE',  ( 1.000000000000000000, 0.000000000000000000, 0.000000000000000000 ) ) ;
#4229 = EDGE_LOOP ( 'NONE', ( #8514, #2677, #423, #330, #1165, #768, #4932, #5204 ) ) ;
#4230 = ADVANCED_FACE ( 'NONE', ( #3446 ), #2745, .T. ) ;
#4231 = ORIENTED_EDGE ( 'NONE', *, *, #8470, .T. ) ;
#4232 = EDGE_CURVE ( 'NONE', #6191, #2961, #5834, .T. ) ;
#4233 = DIRECTION ( 'NONE',  ( 1.000000000000000000, 0.000000000000000000, 0.000000000000000000 ) ) ;
#4234 = FACE_OUTER_BOUND ( 'NONE', #2780, .T. ) ;
#4235 = EDGE_CURVE ( 'NONE', #4121, #8280, #7232, .T. ) ;
#4236 = VECTOR ( 'NONE', #7420, 1000.000000000000000 ) ;
#4237 = LINE ( 'NONE', #7423, #6782 ) ;
#4238 = DIRECTION ( 'NONE',  ( -0.7071067811865470176, 0.000000000000000000, 0.7071067811865480168 ) ) ;
#4239 = DIRECTION ( 'NONE',  ( 0.000000000000000000, 0.000000000000000000, -1.000000000000000000 ) ) ;
#4240 = ORIENTED_EDGE ( 'NONE', *, *, #1424, .T. ) ;
#4241 = AXIS2_PLACEMENT_3D ( 'NONE', #2337, #5782, #7140 ) ;
#4242 = ADVANCED_FACE ( 'NONE', ( #6806 ), #1402, .F. ) ;
#4243 = ORIENTED_EDGE ( 'NONE', *, *, #5960, .T. ) ;
#4244 = LINE ( 'NONE', #3465, #7784 ) ;
#4245 = LINE ( 'NONE', #353, #5820 ) ;
#4246 = DIRECTION ( 'NONE',  ( 1.000000000000000000, 0.000000000000000000, 0.000000000000000000 ) ) ;
#4247 = CARTESIAN_POINT ( 'NONE',  ( -48.00000000000000000, 19.00000000000000000, 14.59247459621600029 ) ) ;
#4248 = AXIS2_PLACEMENT_3D ( 'NONE', #3514, #4901, #4204 ) ;
#4249 = CIRCLE ( 'NONE', #3971, 2.399999999999999467 ) ;
#4250 = CARTESIAN_POINT ( 'NONE',  ( -31.93596172939838240, -42.50878307051225846, 18.17084267456879942 ) ) ;
#4251 = CARTESIAN_POINT ( 'NONE',  ( -20.99691040576819745, -21.70897988019598301, 20.00000000000000000 ) ) ;
#4252 = ORIENTED_EDGE ( 'NONE', *, *, #4659, .T. ) ;
#4253 = VERTEX_POINT ( 'NONE', #2624 ) ;
#4254 = EDGE_CURVE ( 'NONE', #5242, #6022, #5283, .T. ) ;
#4255 = VECTOR ( 'NONE', #5769, 1000.000000000000000 ) ;
#4256 = AXIS2_PLACEMENT_3D ( 'NONE', #624, #586, #7209 ) ;
#4257 = DIRECTION ( 'NONE',  ( -1.000000000000000000, 0.000000000000000000, 0.000000000000000000 ) ) ;
#4258 = DIRECTION ( 'NONE',  ( 5.084651602538234573E-06, 0.000000000000000000, 0.9999999999870732292 ) ) ;
#4259 = DIRECTION ( 'NONE',  ( 1.000000000000000000, 0.000000000000000000, 0.000000000000000000 ) ) ;
#4260 = CARTESIAN_POINT ( 'NONE',  ( -9.500000000000000000, -29.56700000000000017, -12.00000000000000000 ) ) ;
#4261 = CARTESIAN_POINT ( 'NONE',  ( -67.00000000000000000, -53.00000000000000000, 19.75000000000000000 ) ) ;
#4262 = VERTEX_POINT ( 'NONE', #3974 ) ;
#4263 = CARTESIAN_POINT ( 'NONE',  ( -9.500000000000000000, -25.00000000000000000, -12.25000000000000000 ) ) ;
#4264 = VERTEX_POINT ( 'NONE', #6638 ) ;
#4265 = LINE ( 'NONE', #1565, #6236 ) ;
#4266 = ORIENTED_EDGE ( 'NONE', *, *, #8128, .F. ) ;
#4267 = CARTESIAN_POINT ( 'NONE',  ( -31.00000000000000000, -30.00000000000000000, 9.933000000000001606 ) ) ;
#4268 = PERSON_AND_ORGANIZATION ( #2440, #369 ) ;
#4269 = FACE_OUTER_BOUND ( 'NONE', #1166, .T. ) ;
#4270 = VECTOR ( 'NONE', #3983, 1000.000000000000000 ) ;
#4271 = ORIENTED_EDGE ( 'NONE', *, *, #7472, .F. ) ;
#4272 = ORIENTED_EDGE ( 'NONE', *, *, #338, .F. ) ;
#4273 = ADVANCED_FACE ( 'NONE', ( #5361, #3318 ), #4058, .F. ) ;
#4274 = CARTESIAN_POINT ( 'NONE',  ( -46.00000000000000000, -30.00000000000000000, -1.699999999999999956 ) ) ;
#4275 = CARTESIAN_POINT ( 'NONE',  ( -31.10382845789901296, -42.00259627774416060, 7.747622905727746812 ) ) ;
#4276 = LOCAL_TIME ( 0, 52, 31.00000000000000000, #471 ) ;
#4277 = FACE_OUTER_BOUND ( 'NONE', #7949, .T. ) ;
#4278 = DIRECTION ( 'NONE',  ( 0.000000000000000000, -1.000000000000000000, 0.000000000000000000 ) ) ;
#4279 = CARTESIAN_POINT ( 'NONE',  ( -9.500000000000000000, -30.00000000000000000, -11.75000000000000000 ) ) ;
#4280 = AXIS2_PLACEMENT_3D ( 'NONE', #6100, #2962, #115 ) ;
#4281 = ADVANCED_FACE ( 'NONE', ( #4669 ), #1358, .T. ) ;
#4282 = VERTEX_POINT ( 'NONE', #701 ) ;
#4283 = EDGE_CURVE ( 'NONE', #6812, #1612, #3365, .T. ) ;
#4284 = ORIENTED_EDGE ( 'NONE', *, *, #8312, .T. ) ;
#4285 = EDGE_CURVE ( 'NONE', #1853, #4322, #2077, .T. ) ;
#4286 = VECTOR ( 'NONE', #8443, 1000.000000000000000 ) ;
#4287 = FACE_OUTER_BOUND ( 'NONE', #186, .T. ) ;
#4288 = AXIS2_PLACEMENT_3D ( 'NONE', #5158, #7733, #4468 ) ;
#4289 = CARTESIAN_POINT ( 'NONE',  ( 4.996003610813199699E-15, 2.151176043049309786E-15, 17.56568542494899887 ) ) ;
#4290 = DIRECTION ( 'NONE',  ( 1.000000000000000000, 0.000000000000000000, 0.000000000000000000 ) ) ;
#4291 = PLANE ( 'NONE',  #5226 ) ;
#4292 = DIRECTION ( 'NONE',  ( 0.000000000000000000, 0.000000000000000000, 1.000000000000000000 ) ) ;
#4293 = AXIS2_PLACEMENT_3D ( 'NONE', #3509, #6163, #4853 ) ;
#4294 = CARTESIAN_POINT ( 'NONE',  ( -48.00000000000000000, 19.50000000000000000, -15.45850000000000080 ) ) ;
#4295 = VECTOR ( 'NONE', #4808, 1000.000000000000000 ) ;
#4296 = CIRCLE ( 'NONE', #8064, 16.50000000000000000 ) ;
#4297 = ORIENTED_EDGE ( 'NONE', *, *, #8423, .T. ) ;
#4298 = EDGE_LOOP ( 'NONE', ( #3462, #3589 ) ) ;
#4299 = CARTESIAN_POINT ( 'NONE',  ( -0.5414999999999999813, 23.00000000000000000, -13.00000000000000000 ) ) ;
#4300 = CONICAL_SURFACE ( 'NONE', #3744, 2.458500000000000796, 1.047197551196378473 ) ;
#4301 = DIRECTION ( 'NONE',  ( 1.000000000000000000, 0.000000000000000000, 0.000000000000000000 ) ) ;
#4302 = VECTOR ( 'NONE', #5845, 1000.000000000000000 ) ;
#4303 = PLANE ( 'NONE',  #7239 ) ;
#4304 = DIRECTION ( 'NONE',  ( 0.000000000000000000, -1.000000000000000000, 0.000000000000000000 ) ) ;
#4305 = AXIS2_PLACEMENT_3D ( 'NONE', #7207, #663, #1237 ) ;
#4306 = CARTESIAN_POINT ( 'NONE',  ( 25.75000000000000000, -49.79999999999999716, -13.00000000000000178 ) ) ;
#4307 = EDGE_CURVE ( 'NONE', #3651, #1658, #5009, .T. ) ;
#4308 = CC_DESIGN_PERSON_AND_ORGANIZATION_ASSIGNMENT ( #6845, #4353, ( #8027 ) ) ;
#4309 = AXIS2_PLACEMENT_3D ( 'NONE', #7567, #7034, #3677 ) ;
#4310 = VERTEX_POINT ( 'NONE', #997 ) ;
#4311 = DIRECTION ( 'NONE',  ( 0.000000000000000000, -1.000000000000000000, 0.000000000000000000 ) ) ;
#4312 = ORIENTED_EDGE ( 'NONE', *, *, #3960, .F. ) ;
#4313 = FACE_OUTER_BOUND ( 'NONE', #1633, .T. ) ;
#4314 = VERTEX_POINT ( 'NONE', #4885 ) ;
#4315 = VECTOR ( 'NONE', #2554, 1000.000000000000000 ) ;
#4316 = AXIS2_PLACEMENT_3D ( 'NONE', #3016, #6198, #4239 ) ;
#4317 = CARTESIAN_POINT ( 'NONE',  ( 0.000000000000000000, 30.00000000000000000, 20.00000000000000000 ) ) ;
#4318 = PERSON_AND_ORGANIZATION ( #2440, #369 ) ;
#4319 = EDGE_CURVE ( 'NONE', #5051, #496, #7092, .T. ) ;
#4320 = FACE_OUTER_BOUND ( 'NONE', #3786, .T. ) ;
#4321 = ORIENTED_EDGE ( 'NONE', *, *, #6503, .T. ) ;
#4322 = VERTEX_POINT ( 'NONE', #8325 ) ;
#4323 = CARTESIAN_POINT ( 'NONE',  ( -13.00000000000000000, -23.00000000000000000, 11.40752540378399971 ) ) ;
#4324 = DIRECTION ( 'NONE',  ( 0.000000000000000000, 0.000000000000000000, 1.000000000000000000 ) ) ;
#4325 = CARTESIAN_POINT ( 'NONE',  ( -34.11042744160234719, -43.00000000000000000, 20.00000000000000000 ) ) ;
#4326 = LINE ( 'NONE', #216, #7108 ) ;
#4327 = ORIENTED_EDGE ( 'NONE', *, *, #4307, .F. ) ;
#4328 = ORIENTED_EDGE ( 'NONE', *, *, #4498, .T. ) ;
#4329 = FACE_OUTER_BOUND ( 'NONE', #4817, .T. ) ;
#4330 = LINE ( 'NONE', #2848, #4847 ) ;
#4331 = EDGE_CURVE ( 'NONE', #5013, #7787, #395, .T. ) ;
#4332 = CARTESIAN_POINT ( 'NONE',  ( 30.72392160248503146, -41.68661801807552081, -18.24609186224848756 ) ) ;
#4333 = CARTESIAN_POINT ( 'NONE',  ( -47.99999957383840155, 30.00000000000000000, -16.00000000000000000 ) ) ;
#4334 = CARTESIAN_POINT ( 'NONE',  ( -67.00000000000000000, -14.55000000000000071, 20.00000000000000000 ) ) ;
#4335 = EDGE_CURVE ( 'NONE', #6162, #176, #7781, .T. ) ;
#4336 = DIRECTION ( 'NONE',  ( 0.000000000000000000, 0.000000000000000000, 1.000000000000000000 ) ) ;
#4337 = ORIENTED_EDGE ( 'NONE', *, *, #409, .F. ) ;
#4338 = ORIENTED_EDGE ( 'NONE', *, *, #992, .F. ) ;
#4339 = FACE_OUTER_BOUND ( 'NONE', #629, .T. ) ;
#4340 = LINE ( 'NONE', #2989, #5124 ) ;
#4341 = FACE_OUTER_BOUND ( 'NONE', #695, .T. ) ;
#4342 = CYLINDRICAL_SURFACE ( 'NONE', #2294, 5.250000000000000888 ) ;
#4343 = LINE ( 'NONE', #987, #4875 ) ;
#4344 = EDGE_CURVE ( 'NONE', #5207, #5277, #2178, .T. ) ;
#4345 = EDGE_LOOP ( 'NONE', ( #3987, #6900, #4851, #4101, #8551, #7460, #2432, #5800 ) ) ;
#4346 = ORIENTED_EDGE ( 'NONE', *, *, #3558, .T. ) ;
#4347 = DIRECTION ( 'NONE',  ( 1.000000000000000000, 0.000000000000000000, 0.000000000000000000 ) ) ;
#4348 = ORIENTED_EDGE ( 'NONE', *, *, #4830, .T. ) ;
#4349 = ADVANCED_FACE ( 'NONE', ( #4320 ), #7548, .T. ) ;
#4350 = CARTESIAN_POINT ( 'NONE',  ( -79.00000000000000000, -53.00000000000000000, 19.75000000000000000 ) ) ;
#4351 = ORIENTED_EDGE ( 'NONE', *, *, #411, .F. ) ;
#4352 = DIRECTION ( 'NONE',  ( 0.7071067811865531239, 0.000000000000000000, -0.7071067811865420216 ) ) ;
#4353 = PERSON_AND_ORGANIZATION_ROLE ( 'design_owner' ) ;
#4354 = DIRECTION ( 'NONE',  ( 1.000000000000000000, 0.000000000000000000, 0.000000000000000000 ) ) ;
#4355 = VECTOR ( 'NONE', #8381, 1000.000000000000000 ) ;
#4356 = EDGE_LOOP ( 'NONE', ( #2543, #7535, #8406, #2963, #3774, #7244, #6246, #4806 ) ) ;
#4357 = ORIENTED_EDGE ( 'NONE', *, *, #286, .F. ) ;
#4358 = EDGE_CURVE ( 'NONE', #8252, #3996, #205, .T. ) ;
#4359 = DIRECTION ( 'NONE',  ( -1.000000000000000000, 0.000000000000000000, 0.000000000000000000 ) ) ;
#4360 = ORIENTED_EDGE ( 'NONE', *, *, #2313, .T. ) ;
#4361 = CYLINDRICAL_SURFACE ( 'NONE', #3965, 2.458500000000047425 ) ;
#4362 = AXIS2_PLACEMENT_3D ( 'NONE', #8282, #8199, #4135 ) ;
#4363 = LINE ( 'NONE', #8293, #4690 ) ;
#4364 = FACE_OUTER_BOUND ( 'NONE', #6160, .T. ) ;
#4365 = DIRECTION ( 'NONE',  ( 0.000000000000000000, -1.000000000000000000, 0.000000000000000000 ) ) ;
#4366 = ORIENTED_EDGE ( 'NONE', *, *, #6972, .F. ) ;
#4367 = ORIENTED_EDGE ( 'NONE', *, *, #237, .T. ) ;
#4368 = DIRECTION ( 'NONE',  ( 0.000000000000000000, -1.000000000000000000, 0.000000000000000000 ) ) ;
#4369 = CARTESIAN_POINT ( 'NONE',  ( 17.67766952966359995, -19.50000000000000000, 17.67766952966379534 ) ) ;
#4370 = CARTESIAN_POINT ( 'NONE',  ( -67.00000000000000000, -14.55000000000000071, -19.75000000000000000 ) ) ;
#4371 = DIRECTION ( 'NONE',  ( 0.5000000000001910694, 0.000000000000000000, 0.8660254037843282404 ) ) ;
#4372 = CARTESIAN_POINT ( 'NONE',  ( -29.57888850641909784, -40.11309130870348127, 18.05400258436938898 ) ) ;
#4373 = CARTESIAN_POINT ( 'NONE',  ( -46.00000000000000000, -24.19999999999999929, 1.699999999999999956 ) ) ;
#4374 = ORIENTED_EDGE ( 'NONE', *, *, #7540, .F. ) ;
#4375 = ORIENTED_EDGE ( 'NONE', *, *, #6902, .T. ) ;
#4376 = LINE ( 'NONE', #8398, #117 ) ;
#4377 = EDGE_CURVE ( 'NONE', #743, #8430, #2354, .T. ) ;
#4378 = LINE ( 'NONE', #4477, #96 ) ;
#4379 = PLANE ( 'NONE',  #3473 ) ;
#4380 = CIRCLE ( 'NONE', #6617, 3.009999999999999343 ) ;
#4381 = VECTOR ( 'NONE', #937, 1000.000000000000000 ) ;
#4382 = CARTESIAN_POINT ( 'NONE',  ( 77.00000000000000000, -33.00000000000000000, 9.750000000000001776 ) ) ;
#4383 = DIRECTION ( 'NONE',  ( 0.000000000000000000, 0.000000000000000000, 1.000000000000000000 ) ) ;
#4384 = CIRCLE ( 'NONE', #634, 5.250000000000000888 ) ;
#4385 = VERTEX_POINT ( 'NONE', #6885 ) ;
#4386 = EDGE_CURVE ( 'NONE', #1735, #8110, #7645, .T. ) ;
#4387 = VECTOR ( 'NONE', #401, 1000.000000000000000 ) ;
#4388 = ORIENTED_EDGE ( 'NONE', *, *, #3386, .T. ) ;
#4389 = EDGE_CURVE ( 'NONE', #5774, #7707, #110, .T. ) ;
#4390 = DIRECTION ( 'NONE',  ( 0.000000000000000000, 0.000000000000000000, -1.000000000000000000 ) ) ;
#4391 = ORIENTED_EDGE ( 'NONE', *, *, #7328, .T. ) ;
#4392 = FACE_OUTER_BOUND ( 'NONE', #2148, .T. ) ;
#4393 = DIRECTION ( 'NONE',  ( 1.000000000000000000, 0.000000000000000000, 3.064678140893547498E-13 ) ) ;
#4394 = EDGE_LOOP ( 'NONE', ( #15, #6970, #6934, #6685 ) ) ;
#4395 = CIRCLE ( 'NONE', #6630, 5.250000000000004441 ) ;
#4396 = LINE ( 'NONE', #516, #4029 ) ;
#4397 = COORDINATED_UNIVERSAL_TIME_OFFSET ( 6, 0, .BEHIND. ) ;
#4398 = FACE_OUTER_BOUND ( 'NONE', #1405, .T. ) ;
#4399 = EDGE_CURVE ( 'NONE', #652, #6931, #4591, .T. ) ;
#4400 = ORIENTED_EDGE ( 'NONE', *, *, #346, .F. ) ;
#4401 = VERTEX_POINT ( 'NONE', #3576 ) ;
#4402 = ORIENTED_EDGE ( 'NONE', *, *, #4377, .F. ) ;
#4403 = DIRECTION ( 'NONE',  ( -8.659560562354939021E-17, -0.7071067811865470176, -0.7071067811865480168 ) ) ;
#4404 = CARTESIAN_POINT ( 'NONE',  ( -48.00000000000000000, 19.50000000000000000, 13.00000000000000000 ) ) ;
#4405 = CARTESIAN_POINT ( 'NONE',  ( -42.76045286139795110, -24.19999999999999929, -1.699999999999999956 ) ) ;
#4406 = DIRECTION ( 'NONE',  ( 0.000000000000000000, 1.000000000000000000, 0.000000000000000000 ) ) ;
#4407 = AXIS2_PLACEMENT_3D ( 'NONE', #915, #8121, #6116 ) ;
#4408 = CYLINDRICAL_SURFACE ( 'NONE', #5980, 0.2000000000010535017 ) ;
#4409 = ADVANCED_FACE ( 'NONE', ( #4269 ), #161, .T. ) ;
#4410 = EDGE_CURVE ( 'NONE', #1960, #8378, #1792, .T. ) ;
#4411 = EDGE_LOOP ( 'NONE', ( #2170, #5091, #4691, #3876, #3725, #1209, #2524, #6189, #2564, #2465, #2127, #4131, #6553, #1992, #2090, #7065, #5775, #1071, #1171, #5354, #2552, #1931, #7173, #7625, #1635, #1973, #6795, #7327, #473, #5241, #6606, #3427, #509, #2916, #7419, #4231, #8413, #410, #4839, #2573, #2969, #2345 ) ) ;
#4412 = ORIENTED_EDGE ( 'NONE', *, *, #889, .T. ) ;
#4413 = LOCAL_TIME ( 0, 52, 31.00000000000000000, #204 ) ;
#4414 = CARTESIAN_POINT ( 'NONE',  ( 2.081668171172170091E-14, 0.000000000000000000, 0.000000000000000000 ) ) ;
#4415 = DIRECTION ( 'NONE',  ( 0.000000000000000000, 1.000000000000000000, 0.000000000000000000 ) ) ;
#4416 = CARTESIAN_POINT ( 'NONE',  ( -95.00000000000000000, -48.00000000000000000, 20.00000000000000000 ) ) ;
#4417 = LINE ( 'NONE', #1241, #207 ) ;
#4418 = DIRECTION ( 'NONE',  ( 0.000000000000000000, 1.000000000000000000, 0.000000000000000000 ) ) ;
#4419 = ADVANCED_FACE ( 'NONE', ( #908 ), #4018, .F. ) ;
#4420 = LINE ( 'NONE', #6681, #3426 ) ;
#4421 = ORIENTED_EDGE ( 'NONE', *, *, #4141, .F. ) ;
#4422 = CIRCLE ( 'NONE', #4005, 0.2500000000000001110 ) ;
#4423 = EDGE_LOOP ( 'NONE', ( #640, #2298 ) ) ;
#4424 = CARTESIAN_POINT ( 'NONE',  ( -40.00000000000000000, 23.00000000000000000, 10.00000000000000000 ) ) ;
#4425 = CARTESIAN_POINT ( 'NONE',  ( -79.00000000000000000, -53.00000000000000000, 9.253553390593300065 ) ) ;
#4426 = LINE ( 'NONE', #5170, #4941 ) ;
#4427 = DIRECTION ( 'NONE',  ( 0.000000000000000000, -1.000000000000000000, 0.000000000000000000 ) ) ;
#4428 = CARTESIAN_POINT ( 'NONE',  ( -36.99000000000000199, -23.00000000000000000, -20.00000000000000000 ) ) ;
#4429 = VECTOR ( 'NONE', #3166, 999.9999999999998863 ) ;
#4430 = AXIS2_PLACEMENT_3D ( 'NONE', #5426, #5954, #1421 ) ;
#4431 = ORIENTED_EDGE ( 'NONE', *, *, #3239, .F. ) ;
#4432 = AXIS2_PLACEMENT_3D ( 'NONE', #3194, #4453, #3705 ) ;
#4433 = ORIENTED_EDGE ( 'NONE', *, *, #1890, .F. ) ;
#4434 = AXIS2_PLACEMENT_3D ( 'NONE', #5619, #6150, #957 ) ;
#4435 = CARTESIAN_POINT ( 'NONE',  ( -34.11042744160234719, -38.00000000000000000, -20.00000000000000000 ) ) ;
#4436 = ORIENTED_EDGE ( 'NONE', *, *, #4015, .F. ) ;
#4437 = CIRCLE ( 'NONE', #1096, 3.009999999999998899 ) ;
#4438 = CARTESIAN_POINT ( 'NONE',  ( -36.99000000000000199, 23.00000000000000000, -20.00000000000000000 ) ) ;
#4439 = LINE ( 'NONE', #1128, #5260 ) ;
#4440 = VERTEX_POINT ( 'NONE', #5530 ) ;
#4441 = CARTESIAN_POINT ( 'NONE',  ( -34.11042744160234719, -43.00000000000000000, 8.770609839406265706 ) ) ;
#4442 = EDGE_CURVE ( 'NONE', #7073, #7602, #8201, .T. ) ;
#4444 = DIRECTION ( 'NONE',  ( 0.000000000000000000, 1.000000000000000000, 0.000000000000000000 ) ) ;
#4443 = CONICAL_SURFACE ( 'NONE', #6244, 3.000000000000002665, 0.7853981633974476129 ) ;
#4445 = CALENDAR_DATE ( 2026, 24, 3 ) ;
#4446 = VECTOR ( 'NONE', #5640, 1000.000000000000000 ) ;
#4447 = ADVANCED_FACE ( 'NONE', ( #2926, #5580, #6930, #3625, #8286, #7852 ), #3749, .T. ) ;
#4448 = CARTESIAN_POINT ( 'NONE',  ( 28.04842788558745070, -25.00000000000000000, -20.00000000000000000 ) ) ;
#4449 = EDGE_CURVE ( 'NONE', #7560, #3030, #1085, .T. ) ;
#4450 = EDGE_LOOP ( 'NONE', ( #3040, #1135 ) ) ;
#4451 = ORIENTED_EDGE ( 'NONE', *, *, #3944, .F. ) ;
#4452 = VERTEX_POINT ( 'NONE', #2533 ) ;
#4453 = DIRECTION ( 'NONE',  ( 0.000000000000000000, 1.000000000000000000, 0.000000000000000000 ) ) ;
#4454 = VECTOR ( 'NONE', #8573, 1000.000000000000000 ) ;
#4455 = CARTESIAN_POINT ( 'NONE',  ( 17.67766952966359995, -53.00000000000000000, -17.67766952966378469 ) ) ;
#4456 = AXIS2_PLACEMENT_3D ( 'NONE', #6449, #1828, #7805 ) ;
#4457 = DIRECTION ( 'NONE',  ( 1.000000000000000000, 0.000000000000000000, 0.000000000000000000 ) ) ;
#4458 = EDGE_CURVE ( 'NONE', #7854, #5344, #7195, .T. ) ;
#4459 = CARTESIAN_POINT ( 'NONE',  ( -95.00000000000000000, -53.00000000000000000, -20.00000000000000000 ) ) ;
#4460 = CIRCLE ( 'NONE', #1948, 3.249999999999999556 ) ;
#4461 = AXIS2_PLACEMENT_3D ( 'NONE', #7389, #1412, #1451 ) ;
#4462 = AXIS2_PLACEMENT_3D ( 'NONE', #5464, #8134, #799 ) ;
#4463 = VERTEX_POINT ( 'NONE', #2443 ) ;
#4464 = EDGE_LOOP ( 'NONE', ( #27, #257, #4120, #5050 ) ) ;
#4465 = EDGE_CURVE ( 'NONE', #3303, #6767, #6245, .T. ) ;
#4466 = APPROVAL ( #7013, 'UNSPECIFIED' ) ;
#4467 = DIRECTION ( 'NONE',  ( -1.739694030349234775E-16, 1.000000000000000000, 0.000000000000000000 ) ) ;
#4468 = DIRECTION ( 'NONE',  ( 5.084651602538234573E-06, 0.000000000000000000, 0.9999999999870732292 ) ) ;
#4469 = CARTESIAN_POINT ( 'NONE',  ( -67.00000000000000000, 14.55000000000000071, -20.00000000000000000 ) ) ;
#4470 = LINE ( 'NONE', #3769, #5925 ) ;
#4471 = DIRECTION ( 'NONE',  ( 0.000000000000000000, 0.000000000000000000, -1.000000000000000000 ) ) ;
#4472 = CARTESIAN_POINT ( 'NONE',  ( -77.00000000000000000, -43.00000000000000000, -13.00000000000000178 ) ) ;
#4473 = ORIENTED_EDGE ( 'NONE', *, *, #6891, .T. ) ;
#4474 = EDGE_LOOP ( 'NONE', ( #750, #1740 ) ) ;
#4475 = FACE_OUTER_BOUND ( 'NONE', #8519, .T. ) ;
#4476 = ADVANCED_FACE ( 'NONE', ( #7718 ), #1134, .F. ) ;
#4477 = CARTESIAN_POINT ( 'NONE',  ( 0.000000000000000000, 11.44999999999999929, -18.34248115565999981 ) ) ;
#4478 = CARTESIAN_POINT ( 'NONE',  ( -56.50000000000000000, 20.00000000000000000, 19.90000000000000213 ) ) ;
#4479 = CIRCLE ( 'NONE', #5307, 17.00000000000000000 ) ;
#4480 = CARTESIAN_POINT ( 'NONE',  ( 17.67766952966359995, -13.60000000000000142, 12.42766952966379357 ) ) ;
#4481 = DIRECTION ( 'NONE',  ( 0.000000000000000000, 0.000000000000000000, 1.000000000000000000 ) ) ;
#4482 = VERTEX_POINT ( 'NONE', #3186 ) ;
#4483 = ORIENTED_EDGE ( 'NONE', *, *, #2313, .F. ) ;
#4484 = CARTESIAN_POINT ( 'NONE',  ( -67.00000000000000000, 30.00000000000000000, -20.00000000000000000 ) ) ;
#4485 = VERTEX_POINT ( 'NONE', #1833 ) ;
#4486 = CARTESIAN_POINT ( 'NONE',  ( -67.00000000000000000, -53.00000000000000000, 19.75000000000000000 ) ) ;
#4487 = DIRECTION ( 'NONE',  ( 0.000000000000000000, 0.000000000000000000, -1.000000000000000000 ) ) ;
#4488 = ORIENTED_EDGE ( 'NONE', *, *, #7650, .F. ) ;
#4489 = CYLINDRICAL_SURFACE ( 'NONE', #1530, 2.458500000000000796 ) ;
#4490 = FACE_BOUND ( 'NONE', #259, .T. ) ;
#4491 = APPROVAL_ROLE ( '' ) ;
#4492 = DIRECTION ( 'NONE',  ( 0.000000000000000000, 0.000000000000000000, -1.000000000000000000 ) ) ;
#4493 = CLOSED_SHELL ( 'NONE', ( #4609, #2397, #7721, #7601, #2805, #3596, #1595, #5510, #6041, #2210, #5044, #8448, #2754, #1098, #7370, #1417, #5451, #4896, #150, #5018, #6251, #3149, #5251, #6044, #1356, #183, #4447, #6491, #2950, #4615, #164, #5206, #4678, #3003, #4878, #2919, #470, #6787, #7347, #389, #4620, #7885, #2694, #2370, #8553, #4996, #1464, #6539, #2617, #7427, #3251, #7436, #5959, #7016, #6742, #7916, #502, #5434, #5075, #632, #8065, #4558, #2575, #5947, #4273, #8299, #1625, #4122, #5376, #2468, #2582, #6632, #5610, #1039, #7331, #1864, #7813, #4626, #2501, #1943, #5477, #3587, #6843, #2058, #3719, #5621, #8610, #8284, #7692, #129, #6955, #2084 ) ) ;
#4494 = ORIENTED_EDGE ( 'NONE', *, *, #3599, .T. ) ;
#4495 = ORIENTED_EDGE ( 'NONE', *, *, #7000, .F. ) ;
#4496 = ORIENTED_EDGE ( 'NONE', *, *, #3495, .F. ) ;
#4497 = FACE_OUTER_BOUND ( 'NONE', #127, .T. ) ;
#4498 = EDGE_CURVE ( 'NONE', #8385, #1615, #1739, .T. ) ;
#4499 = LINE ( 'NONE', #2539, #627 ) ;
#4500 = CYLINDRICAL_SURFACE ( 'NONE', #7287, 2.999999999999999112 ) ;
#4501 = AXIS2_PLACEMENT_3D ( 'NONE', #6023, #6060, #777 ) ;
#4502 = DIRECTION ( 'NONE',  ( 0.9999999999999901190, 1.416129997710645295E-07, 0.000000000000000000 ) ) ;
#4503 = ORIENTED_EDGE ( 'NONE', *, *, #7379, .F. ) ;
#4504 = EDGE_CURVE ( 'NONE', #2332, #4957, #380, .T. ) ;
#4505 = ORIENTED_EDGE ( 'NONE', *, *, #248, .T. ) ;
#4506 = VECTOR ( 'NONE', #8111, 1000.000000000000000 ) ;
#4507 = EDGE_CURVE ( 'NONE', #1206, #8408, #2398, .T. ) ;
#4508 = CARTESIAN_POINT ( 'NONE',  ( 90.00000000000000000, -20.00000000000000000, -20.00000000000000000 ) ) ;
#4509 = DIRECTION ( 'NONE',  ( -1.000000000000000000, 0.000000000000000000, 0.000000000000000000 ) ) ;
#4510 = LINE ( 'NONE', #7913, #8169 ) ;
#4511 = LINE ( 'NONE', #7778, #8019 ) ;
#4512 = CARTESIAN_POINT ( 'NONE',  ( 27.75418406211094791, -36.20000000000000284, -8.873599765249959859 ) ) ;
#4513 = EDGE_CURVE ( 'NONE', #8430, #743, #5978, .T. ) ;
#4514 = VERTEX_POINT ( 'NONE', #1218 ) ;
#4515 = ORIENTED_EDGE ( 'NONE', *, *, #2307, .T. ) ;
#4516 = CARTESIAN_POINT ( 'NONE',  ( -67.00000000000000000, 14.55000000000000071, 18.26686273152995099 ) ) ;
#4517 = FACE_OUTER_BOUND ( 'NONE', #1935, .T. ) ;
#4518 = CARTESIAN_POINT ( 'NONE',  ( -95.00000000000000000, -10.00000000000000178, 20.00000000000000000 ) ) ;
#4519 = LINE ( 'NONE', #4382, #5772 ) ;
#4520 = LINE ( 'NONE', #637, #1961 ) ;
#4521 = EDGE_LOOP ( 'NONE', ( #3964, #630, #2995, #1760 ) ) ;
#4522 = VERTEX_POINT ( 'NONE', #7014 ) ;
#4523 = AXIS2_PLACEMENT_3D ( 'NONE', #1685, #5122, #2425 ) ;
#4524 = FACE_BOUND ( 'NONE', #5117, .T. ) ;
#4525 = ORIENTED_EDGE ( 'NONE', *, *, #1325, .T. ) ;
#4526 = DIRECTION ( 'NONE',  ( 1.000000000000000000, 0.000000000000000000, 0.000000000000000000 ) ) ;
#4527 = DIRECTION ( 'NONE',  ( 1.000000000000000000, 0.000000000000000000, 0.000000000000000000 ) ) ;
#4528 = EDGE_LOOP ( 'NONE', ( #8484, #5327, #3263, #4525 ) ) ;
#4529 = DIRECTION ( 'NONE',  ( -1.000000000000000000, 0.000000000000000000, 0.000000000000000000 ) ) ;
#4530 = PLANE ( 'NONE',  #4726 ) ;
#4531 = CIRCLE ( 'NONE', #7598, 3.099999999999998757 ) ;
#4532 = PERSON_AND_ORGANIZATION_ROLE ( 'creator' ) ;
#4533 = CIRCLE ( 'NONE', #6626, 5.250000000000004441 ) ;
#4534 = VECTOR ( 'NONE', #1952, 1000.000000000000000 ) ;
#4535 = DIRECTION ( 'NONE',  ( 0.000000000000000000, -0.7071067811865480168, 0.7071067811865470176 ) ) ;
#4536 = VERTEX_POINT ( 'NONE', #5048 ) ;
#4537 = ADVANCED_FACE ( 'NONE', ( #4398 ), #7230, .F. ) ;
#4538 = ORIENTED_EDGE ( 'NONE', *, *, #1993, .F. ) ;
#4539 = CARTESIAN_POINT ( 'NONE',  ( -37.23954713860204890, -24.19999999999999929, 1.699999999999999956 ) ) ;
#4540 = AXIS2_PLACEMENT_3D ( 'NONE', #6773, #3984, #6647 ) ;
#4541 = PRODUCT_DEFINITION_SHAPE ( 'NONE', 'NONE',  #7558 ) ;
#4542 = ORIENTED_EDGE ( 'NONE', *, *, #3802, .T. ) ;
#4543 = CARTESIAN_POINT ( 'NONE',  ( -37.00000000000000000, 23.00000000000000000, 20.00000000000000000 ) ) ;
#4544 = CARTESIAN_POINT ( 'NONE',  ( -12.50000000000000000, 23.00000000000000000, -15.45850000000000080 ) ) ;
#4545 = DIRECTION ( 'NONE',  ( 1.000000000000000000, 0.000000000000000000, 0.000000000000000000 ) ) ;
#4546 = LINE ( 'NONE', #4459, #3051 ) ;
#4547 = VECTOR ( 'NONE', #6909, 1000.000000000000227 ) ;
#4548 = VERTEX_POINT ( 'NONE', #5754 ) ;
#4549 = ADVANCED_FACE ( 'NONE', ( #8417 ), #4443, .F. ) ;
#4550 = ORIENTED_EDGE ( 'NONE', *, *, #5569, .F. ) ;
#4551 = DIRECTION ( 'NONE',  ( 0.000000000000000000, 1.000000000000000000, 0.000000000000000000 ) ) ;
#4552 = LINE ( 'NONE', #3852, #3320 ) ;
#4553 = CARTESIAN_POINT ( 'NONE',  ( 0.000000000000000000, 11.40217391304300065, -18.21270018560300130 ) ) ;
#4554 = FACE_OUTER_BOUND ( 'NONE', #961, .T. ) ;
#4555 = EDGE_CURVE ( 'NONE', #2655, #4052, #8460, .T. ) ;
#4556 = CYLINDRICAL_SURFACE ( 'NONE', #2783, 2.458500000000047425 ) ;
#4557 = EDGE_CURVE ( 'NONE', #6945, #5440, #1380, .T. ) ;
#4558 = ADVANCED_FACE ( 'NONE', ( #3837 ), #3652, .F. ) ;
#4559 = ORIENTED_EDGE ( 'NONE', *, *, #3113, .T. ) ;
#4560 = AXIS2_PLACEMENT_3D ( 'NONE', #6070, #1409, #82 ) ;
#4561 = ORIENTED_EDGE ( 'NONE', *, *, #1724, .F. ) ;
#4562 = DIRECTION ( 'NONE',  ( 0.000000000000000000, 0.000000000000000000, -1.000000000000000000 ) ) ;
#4563 = PLANE ( 'NONE',  #4845 ) ;
#4564 = CYLINDRICAL_SURFACE ( 'NONE', #7730, 2.458500000000000796 ) ;
#4565 = CARTESIAN_POINT ( 'NONE',  ( 54.00000000000000000, -55.19999999999999574, 0.000000000000000000 ) ) ;
#4566 = DIRECTION ( 'NONE',  ( 3.304235192336770088E-16, -1.000000000000000000, 0.000000000000000000 ) ) ;
#4567 = AXIS2_PLACEMENT_3D ( 'NONE', #6406, #7314, #1343 ) ;
#4568 = VERTEX_POINT ( 'NONE', #1690 ) ;
#4569 = ORIENTED_EDGE ( 'NONE', *, *, #3035, .F. ) ;
#4570 = CC_DESIGN_SECURITY_CLASSIFICATION ( #5957, ( #8643 ) ) ;
#4571 = FACE_OUTER_BOUND ( 'NONE', #6877, .T. ) ;
#4572 = ORIENTED_EDGE ( 'NONE', *, *, #2641, .F. ) ;
#4573 = DIRECTION ( 'NONE',  ( 1.000000000000000000, 0.000000000000000000, 0.000000000000000000 ) ) ;
#4574 = AXIS2_PLACEMENT_3D ( 'NONE', #2778, #8182, #7530 ) ;
#4575 = EDGE_CURVE ( 'NONE', #7962, #7028, #6312, .T. ) ;
#4576 = EDGE_LOOP ( 'NONE', ( #78, #2666, #1309, #308 ) ) ;
#4577 = DIRECTION ( 'NONE',  ( 0.000000000000000000, -1.000000000000000000, 0.000000000000000000 ) ) ;
#4578 = AXIS2_PLACEMENT_3D ( 'NONE', #6949, #2941, #4938 ) ;
#4579 = DIRECTION ( 'NONE',  ( 0.000000000000000000, -2.312964634635742267E-15, -1.000000000000000000 ) ) ;
#4580 = SHAPE_DEFINITION_REPRESENTATION ( #4541, #1875 ) ;
#4581 = VECTOR ( 'NONE', #2667, 1000.000000000000000 ) ;
#4582 = ORIENTED_EDGE ( 'NONE', *, *, #3900, .F. ) ;
#4583 = CIRCLE ( 'NONE', #7085, 5.250000000000000888 ) ;
#4584 = AXIS2_PLACEMENT_3D ( 'NONE', #1130, #2934, #8414 ) ;
#4585 = ORIENTED_EDGE ( 'NONE', *, *, #6713, .T. ) ;
#4586 = ORIENTED_EDGE ( 'NONE', *, *, #1752, .T. ) ;
#4587 = DIRECTION ( 'NONE',  ( -0.7071067811865470176, -1.360240654458879868E-10, -0.7071067811865480168 ) ) ;
#4588 = VECTOR ( 'NONE', #1909, 1000.000000000000000 ) ;
#4589 = ORIENTED_EDGE ( 'NONE', *, *, #1028, .T. ) ;
#4590 = PLANE ( 'NONE',  #480 ) ;
#4591 = CIRCLE ( 'NONE', #4434, 5.250000000000004441 ) ;
#4592 = EDGE_CURVE ( 'NONE', #546, #24, #7644, .T. ) ;
#4593 = CARTESIAN_POINT ( 'NONE',  ( 17.67766952966359995, -53.00000000000000000, -17.67766952966378469 ) ) ;
#4594 = CARTESIAN_POINT ( 'NONE',  ( 54.00000000000019185, -52.99999999999981526, -8.992806499463767977E-15 ) ) ;
#4595 = CARTESIAN_POINT ( 'NONE',  ( -4.299999999999999822, -3.551475717527324030E-15, -14.50000000000000000 ) ) ;
#4596 = AXIS2_PLACEMENT_3D ( 'NONE', #5970, #2157, #4859 ) ;
#4597 = EDGE_LOOP ( 'NONE', ( #2403, #3143 ) ) ;
#4598 = VERTEX_POINT ( 'NONE', #1823 ) ;
#4599 = CONICAL_SURFACE ( 'NONE', #4171, 3.000000000000002665, 0.7853981633974476129 ) ;
#4600 = DIRECTION ( 'NONE',  ( 0.000000000000000000, -1.000000000000000000, 0.000000000000000000 ) ) ;
#4601 = CARTESIAN_POINT ( 'NONE',  ( -2.500000000000000000, 0.000000000000000000, 0.000000000000000000 ) ) ;
#4602 = CARTESIAN_POINT ( 'NONE',  ( 0.000000000000000000, 14.55000000000000071, -20.00000000000000000 ) ) ;
#4603 = CARTESIAN_POINT ( 'NONE',  ( -79.00000000000000000, 53.00000000000000000, -19.75000000000000000 ) ) ;
#4604 = AXIS2_PLACEMENT_3D ( 'NONE', #626, #4605, #5162 ) ;
#4605 = DIRECTION ( 'NONE',  ( 0.000000000000000000, -1.000000000000000000, 0.000000000000000000 ) ) ;
#4606 = AXIS2_PLACEMENT_3D ( 'NONE', #5080, #3731, #4952 ) ;
#4607 = EDGE_LOOP ( 'NONE', ( #7359, #5888, #7429, #566, #326, #7910, #1732, #991, #4805, #5144 ) ) ;
#4608 = ORIENTED_EDGE ( 'NONE', *, *, #7328, .F. ) ;
#4609 = ADVANCED_FACE ( 'NONE', ( #2431 ), #1773, .F. ) ;
#4610 = CARTESIAN_POINT ( 'NONE',  ( -37.54149999999999920, -22.99999965184445117, -20.00000000000000000 ) ) ;
#4611 = CARTESIAN_POINT ( 'NONE',  ( 2.081668171172170091E-14, -19.50000000000000000, 0.000000000000000000 ) ) ;
#4612 = PLANE ( 'NONE',  #2300 ) ;
#4613 = CYLINDRICAL_SURFACE ( 'NONE', #3685, 5.250000000000000888 ) ;
#4614 = CARTESIAN_POINT ( 'NONE',  ( 77.00000000000000000, -43.00000000000000000, 13.00000000000000178 ) ) ;
#4615 = ADVANCED_FACE ( 'NONE', ( #6487 ), #1125, .F. ) ;
#4616 = VERTEX_POINT ( 'NONE', #508 ) ;
#4617 = ORIENTED_EDGE ( 'NONE', *, *, #1164, .T. ) ;
#4618 = DIRECTION ( 'NONE',  ( -1.000000000000000000, 1.387778780781445478E-15, 0.000000000000000000 ) ) ;
#4619 = DIRECTION ( 'NONE',  ( 1.000000000000000000, -4.242046183642390075E-16, 0.000000000000000000 ) ) ;
#4620 = ADVANCED_FACE ( 'NONE', ( #7621 ), #6353, .F. ) ;
#4621 = EDGE_LOOP ( 'NONE', ( #6224, #4000 ) ) ;
#4622 = CARTESIAN_POINT ( 'NONE',  ( -48.00000000000000000, 30.00000000000000000, 13.00000000000000000 ) ) ;
#4623 = DIRECTION ( 'NONE',  ( 0.000000000000000000, 0.000000000000000000, 1.000000000000000000 ) ) ;
#4624 = DATE_TIME_ROLE ( 'classification_date' ) ;
#4625 = ORIENTED_EDGE ( 'NONE', *, *, #1120, .T. ) ;
#4626 = ADVANCED_FACE ( 'NONE', ( #1030 ), #2301, .F. ) ;
#4627 = VERTEX_POINT ( 'NONE', #3785 ) ;
#4628 = DIRECTION ( 'NONE',  ( 1.000000000000000000, 0.000000000000000000, 0.000000000000000000 ) ) ;
#4629 = ORIENTED_EDGE ( 'NONE', *, *, #6846, .T. ) ;
#4630 = DIRECTION ( 'NONE',  ( 0.000000000000000000, -1.000000000000000000, 0.000000000000000000 ) ) ;
#4631 = SHAPE_REPRESENTATION_RELATIONSHIP ( 'NONE' , 'NONE' ,  #1875, #868 ) ;
#4632 = CARTESIAN_POINT ( 'NONE',  ( -34.11042744160234719, -43.00000000000000000, -20.00000000000000000 ) ) ;
#4633 = FACE_OUTER_BOUND ( 'NONE', #5030, .T. ) ;
#4634 = EDGE_CURVE ( 'NONE', #1516, #6723, #682, .T. ) ;
#4635 = ORIENTED_EDGE ( 'NONE', *, *, #4051, .T. ) ;
#4636 = VERTEX_POINT ( 'NONE', #8318 ) ;
#4637 = DIRECTION ( 'NONE',  ( 0.000000000000000000, 1.000000000000000000, 0.000000000000000000 ) ) ;
#4638 = CARTESIAN_POINT ( 'NONE',  ( -90.00000000000000000, -15.00000000000000000, -20.00000000000000000 ) ) ;
#4639 = DIRECTION ( 'NONE',  ( 0.000000000000000000, 0.000000000000000000, 1.000000000000000000 ) ) ;
#4640 = DIRECTION ( 'NONE',  ( 0.000000000000000000, 0.000000000000000000, 1.000000000000000000 ) ) ;
#4641 = CARTESIAN_POINT ( 'NONE',  ( 0.000000000000000000, -14.55000000000000071, -18.26686273152995099 ) ) ;
#4642 = AXIS2_PLACEMENT_3D ( 'NONE', #2187, #6983, #1005 ) ;
#4643 = VERTEX_POINT ( 'NONE', #5705 ) ;
#4644 = VERTEX_POINT ( 'NONE', #3693 ) ;
#4645 = LINE ( 'NONE', #7265, #4315 ) ;
#4646 = LINE ( 'NONE', #6609, #7074 ) ;
#4647 = PLANE ( 'NONE',  #8196 ) ;
#4648 = CARTESIAN_POINT ( 'NONE',  ( 77.00000000000000000, -49.79999999999999716, 13.00000000000000178 ) ) ;
#4649 = DIRECTION ( 'NONE',  ( 0.000000000000000000, 1.000000000000000000, 0.000000000000000000 ) ) ;
#4650 = ORIENTED_EDGE ( 'NONE', *, *, #4974, .F. ) ;
#4651 = ORIENTED_EDGE ( 'NONE', *, *, #300, .F. ) ;
#4652 = CARTESIAN_POINT ( 'NONE',  ( 0.000000000000000000, 30.00000000000000000, -1.699999999999999956 ) ) ;
#4653 = CARTESIAN_POINT ( 'NONE',  ( -17.67766952966359995, -6.600000000000001421, -20.77766952966377190 ) ) ;
#4654 = AXIS2_PLACEMENT_3D ( 'NONE', #6554, #2495, #63 ) ;
#4655 = ORIENTED_EDGE ( 'NONE', *, *, #4708, .F. ) ;
#4656 = DIRECTION ( 'NONE',  ( 0.000000000000000000, -1.000000000000000000, 0.000000000000000000 ) ) ;
#4657 = CARTESIAN_POINT ( 'NONE',  ( 0.000000000000000000, -11.44999999999999929, 19.69999999999999929 ) ) ;
#4658 = CALENDAR_DATE ( 2026, 24, 3 ) ;
#4659 = EDGE_CURVE ( 'NONE', #3805, #5889, #2216, .T. ) ;
#4660 = VERTEX_POINT ( 'NONE', #463 ) ;
#4661 = EDGE_CURVE ( 'NONE', #2887, #7901, #5127, .T. ) ;
#4662 = CIRCLE ( 'NONE', #1730, 2.700000000000001066 ) ;
#4663 = ORIENTED_EDGE ( 'NONE', *, *, #7678, .F. ) ;
#4664 = DIRECTION ( 'NONE',  ( 0.000000000000000000, 0.000000000000000000, -1.000000000000000000 ) ) ;
#4665 = EDGE_LOOP ( 'NONE', ( #1157, #2489 ) ) ;
#4666 = AXIS2_PLACEMENT_3D ( 'NONE', #2820, #2165, #6216 ) ;
#4667 = VECTOR ( 'NONE', #1903, 1000.000000000000000 ) ;
#4668 = CYLINDRICAL_SURFACE ( 'NONE', #4779, 0.2999999999998836930 ) ;
#4669 = FACE_OUTER_BOUND ( 'NONE', #4871, .T. ) ;
#4670 = CARTESIAN_POINT ( 'NONE',  ( -78.64644660940700760, 53.00000000000000000, 8.900000000000000355 ) ) ;
#4671 = AXIS2_PLACEMENT_3D ( 'NONE', #2076, #5303, #1991 ) ;
#4672 = ORIENTED_EDGE ( 'NONE', *, *, #2043, .F. ) ;
#4673 = AXIS2_PLACEMENT_3D ( 'NONE', #8095, #6950, #445 ) ;
#4674 = ORIENTED_EDGE ( 'NONE', *, *, #8237, .F. ) ;
#4675 = DIRECTION ( 'NONE',  ( 0.000000000000000000, 1.000000000000000000, 0.000000000000000000 ) ) ;
#4676 = CARTESIAN_POINT ( 'NONE',  ( -56.50000000000000000, -20.00000000000000000, 19.90000000000000213 ) ) ;
#4677 = CARTESIAN_POINT ( 'NONE',  ( 0.000000000000000000, -12.99999999999934097, 16.85000000000000142 ) ) ;
#4678 = ADVANCED_FACE ( 'NONE', ( #3128 ), #4999, .F. ) ;
#4679 = CARTESIAN_POINT ( 'NONE',  ( 0.000000000000000000, -30.00000000000000000, -1.699999999999999956 ) ) ;
#4680 = PRODUCT_DEFINITION ( 'UNKNOWN', '', #2185, #8395 ) ;
#4681 = VERTEX_POINT ( 'NONE', #422 ) ;
#4682 = CARTESIAN_POINT ( 'NONE',  ( -29.57888850641909784, -40.11309130870348127, 18.05400258436938898 ) ) ;
#4683 = ORIENTED_EDGE ( 'NONE', *, *, #1308, .T. ) ;
#4684 = ORIENTED_EDGE ( 'NONE', *, *, #4206, .T. ) ;
#4685 = CARTESIAN_POINT ( 'NONE',  ( 0.000000000000000000, -24.19999999999999929, -2.299999999999999822 ) ) ;
#4686 = LINE ( 'NONE', #6570, #3319 ) ;
#4687 = CARTESIAN_POINT ( 'NONE',  ( 0.000000000000000000, -30.00000000000000000, 1.699999999999999956 ) ) ;
#4688 = CARTESIAN_POINT ( 'NONE',  ( -2.500000000000000000, -17.31579781405309859, 17.00000000000000000 ) ) ;
#4689 = EDGE_CURVE ( 'NONE', #6354, #1645, #5789, .T. ) ;
#4690 = VECTOR ( 'NONE', #8380, 1000.000000000000000 ) ;
#4691 = ORIENTED_EDGE ( 'NONE', *, *, #2320, .F. ) ;
#4692 = VERTEX_POINT ( 'NONE', #7800 ) ;
#4693 = DIRECTION ( 'NONE',  ( 1.000000000000000000, -5.853533328037435721E-10, 0.000000000000000000 ) ) ;
#4694 = CARTESIAN_POINT ( 'NONE',  ( 17.67766952966359995, -13.60000000000000142, -14.57766952966378504 ) ) ;
#4695 = LOCAL_TIME ( 0, 52, 31.00000000000000000, #160 ) ;
#4696 = EDGE_LOOP ( 'NONE', ( #1762, #243, #6133, #4375, #5319, #7046, #6560 ) ) ;
#4697 = DIRECTION ( 'NONE',  ( 1.000000000000000000, 0.000000000000000000, 0.000000000000000000 ) ) ;
#4698 = APPROVAL_DATE_TIME ( #6793, #5468 ) ;
#4699 = LOCAL_TIME ( 0, 52, 31.00000000000000000, #1697 ) ;
#4700 = ORIENTED_EDGE ( 'NONE', *, *, #4816, .T. ) ;
#4701 = VECTOR ( 'NONE', #3654, 1000.000000000000114 ) ;
#4702 = VERTEX_POINT ( 'NONE', #4484 ) ;
#4703 = CARTESIAN_POINT ( 'NONE',  ( -37.23954713860204890, 24.19999999999999929, 1.699999999999999956 ) ) ;
#4704 = EDGE_CURVE ( 'NONE', #8450, #98, #7146, .T. ) ;
#4705 = ORIENTED_EDGE ( 'NONE', *, *, #7271, .T. ) ;
#4707 = PLANE ( 'NONE',  #7421 ) ;
#4706 = VECTOR ( 'NONE', #821, 1000.000000000000000 ) ;
#4708 = EDGE_CURVE ( 'NONE', #4837, #1615, #4954, .T. ) ;
#4709 = DIRECTION ( 'NONE',  ( 0.000000000000000000, 0.000000000000000000, 1.000000000000000000 ) ) ;
#4710 = DIRECTION ( 'NONE',  ( 0.000000000000000000, -1.168444896393340390E-09, 1.000000000000000000 ) ) ;
#4711 = AXIS2_PLACEMENT_3D ( 'NONE', #7440, #5472, #8140 ) ;
#4712 = CIRCLE ( 'NONE', #4578, 1.592474596216000071 ) ;
#4713 = CARTESIAN_POINT ( 'NONE',  ( -67.00000000000000000, 11.25000000000069988, -18.34248115566069970 ) ) ;
#4714 = ORIENTED_EDGE ( 'NONE', *, *, #5243, .F. ) ;
#4715 = AXIS2_PLACEMENT_3D ( 'NONE', #329, #4347, #7751 ) ;
#4716 = EDGE_LOOP ( 'NONE', ( #7123, #2182 ) ) ;
#4717 = AXIS2_PLACEMENT_3D ( 'NONE', #1532, #3658, #6281 ) ;
#4718 = VECTOR ( 'NONE', #3246, 1000.000000000000114 ) ;
#4719 = DIRECTION ( 'NONE',  ( 0.000000000000000000, 0.000000000000000000, -1.000000000000000000 ) ) ;
#4720 = DIRECTION ( 'NONE',  ( 1.000000000000000000, 0.000000000000000000, 0.000000000000000000 ) ) ;
#4721 = EDGE_CURVE ( 'NONE', #1147, #2289, #3998, .T. ) ;
#4722 = CARTESIAN_POINT ( 'NONE',  ( 90.00000000000000000, -15.00000000000000000, 20.00000000000000000 ) ) ;
#4723 = DIRECTION ( 'NONE',  ( 0.000000000000000000, -1.000000000000000000, 0.000000000000000000 ) ) ;
#4724 = FACE_OUTER_BOUND ( 'NONE', #3220, .T. ) ;
#4725 = CONICAL_SURFACE ( 'NONE', #554, 3.000000000000031086, 0.7853981633974476129 ) ;
#4726 = AXIS2_PLACEMENT_3D ( 'NONE', #7151, #3699, #5797 ) ;
#4727 = ORIENTED_EDGE ( 'NONE', *, *, #8228, .F. ) ;
#4728 = ADVANCED_FACE ( 'NONE', ( #4571 ), #4300, .F. ) ;
#4729 = ORIENTED_EDGE ( 'NONE', *, *, #1581, .F. ) ;
#4730 = PRODUCT_RELATED_PRODUCT_CATEGORY ( 'detail', '', ( #6631 ) ) ;
#4731 = PLANE ( 'NONE',  #2359 ) ;
#4732 = CARTESIAN_POINT ( 'NONE',  ( -54.00000000000000000, -55.19999999999999574, 16.50000000000000000 ) ) ;
#4733 = AXIS2_PLACEMENT_3D ( 'NONE', #8004, #4562, #7966 ) ;
#4734 = CIRCLE ( 'NONE', #7521, 3.009999999999998899 ) ;
#4735 = DIRECTION ( 'NONE',  ( 0.000000000000000000, 0.000000000000000000, -1.000000000000000000 ) ) ;
#4736 = CARTESIAN_POINT ( 'NONE',  ( -48.00000000000000000, 19.00000000000000000, -14.59247459621600029 ) ) ;
#4737 = CYLINDRICAL_SURFACE ( 'NONE', #6897, 2.100000000000109779 ) ;
#4738 = CIRCLE ( 'NONE', #8217, 5.250000000000000888 ) ;
#4739 = EDGE_LOOP ( 'NONE', ( #2408, #3946, #4832, #158 ) ) ;
#4740 = ORIENTED_EDGE ( 'NONE', *, *, #7771, .T. ) ;
#4741 = EDGE_CURVE ( 'NONE', #6587, #5344, #2915, .T. ) ;
#4742 = CARTESIAN_POINT ( 'NONE',  ( -67.00000000000000000, -14.55000000000000071, -18.26686273152995099 ) ) ;
#4743 = CARTESIAN_POINT ( 'NONE',  ( 2.081668171172170091E-14, -19.50000000000000000, 0.000000000000000000 ) ) ;
#4744 = CARTESIAN_POINT ( 'NONE',  ( -42.76045286139795110, 24.19999999999999929, -2.299999999999999822 ) ) ;
#4745 = ORIENTED_EDGE ( 'NONE', *, *, #4513, .F. ) ;
#4746 = LINE ( 'NONE', #7534, #7100 ) ;
#4747 = ORIENTED_EDGE ( 'NONE', *, *, #8281, .F. ) ;
#4748 = CARTESIAN_POINT ( 'NONE',  ( -56.50000000000000000, 20.00000000000000000, -19.80000000000000071 ) ) ;
#4749 = EDGE_LOOP ( 'NONE', ( #2692, #4182, #7246, #4495 ) ) ;
#4750 = FACE_OUTER_BOUND ( 'NONE', #2000, .T. ) ;
#4751 = EDGE_LOOP ( 'NONE', ( #4496, #200, #4862, #8046 ) ) ;
#4752 = CARTESIAN_POINT ( 'NONE',  ( 2.081668171172170091E-14, -10.00000000000000178, 0.000000000000000000 ) ) ;
#4753 = PERSON_AND_ORGANIZATION_ROLE ( 'creator' ) ;
#4754 = FACE_OUTER_BOUND ( 'NONE', #8639, .T. ) ;
#4755 = ORIENTED_EDGE ( 'NONE', *, *, #4399, .F. ) ;
#4756 = ORIENTED_EDGE ( 'NONE', *, *, #1693, .F. ) ;
#4757 = ORIENTED_EDGE ( 'NONE', *, *, #166, .F. ) ;
#4758 = ADVANCED_FACE ( 'NONE', ( #7233 ), #6392, .F. ) ;
#4759 = CARTESIAN_POINT ( 'NONE',  ( -67.00000000000000000, 30.00000000000000000, -20.00000000000000000 ) ) ;
#4760 = DIRECTION ( 'NONE',  ( 0.000000000000000000, 1.000000000000000000, 0.000000000000000000 ) ) ;
#4761 = DIRECTION ( 'NONE',  ( 0.000000000000000000, 0.000000000000000000, -1.000000000000000000 ) ) ;
#4762 = CARTESIAN_POINT ( 'NONE',  ( 34.11042744160234719, -43.00000000000000000, -8.770609839406272812 ) ) ;
#4763 = LINE ( 'NONE', #5496, #2366 ) ;
#4764 = EDGE_CURVE ( 'NONE', #780, #5500, #542, .T. ) ;
#4765 = VERTEX_POINT ( 'NONE', #1342 ) ;
#4766 = EDGE_CURVE ( 'NONE', #8001, #1138, #685, .T. ) ;
#4767 = ORIENTED_EDGE ( 'NONE', *, *, #7060, .T. ) ;
#4768 = CARTESIAN_POINT ( 'NONE',  ( -42.45850000000000080, -23.00000034815554883, -20.00000000000000000 ) ) ;
#4769 = FACE_OUTER_BOUND ( 'NONE', #8554, .T. ) ;
#4770 = LINE ( 'NONE', #7433, #8015 ) ;
#4771 = CARTESIAN_POINT ( 'NONE',  ( -90.00000000000000000, -25.00000000000000000, 20.00000000000000000 ) ) ;
#4772 = DIRECTION ( 'NONE',  ( 0.000000000000000000, 0.000000000000000000, -1.000000000000000000 ) ) ;
#4773 = EDGE_CURVE ( 'NONE', #7901, #3078, #5346, .T. ) ;
#4774 = CONICAL_SURFACE ( 'NONE', #7154, 2.500000000000002220, 0.7853981633974659315 ) ;
#4775 = EDGE_LOOP ( 'NONE', ( #7505, #2774, #3245, #6456 ) ) ;
#4776 = ORIENTED_EDGE ( 'NONE', *, *, #6697, .T. ) ;
#4777 = LINE ( 'NONE', #7529, #6253 ) ;
#4778 = FACE_OUTER_BOUND ( 'NONE', #3153, .T. ) ;
#4779 = AXIS2_PLACEMENT_3D ( 'NONE', #2791, #614, #7905 ) ;
#4780 = CARTESIAN_POINT ( 'NONE',  ( 17.67766952966359995, -19.50000000000000000, 22.92766952966379534 ) ) ;
#4781 = ORIENTED_EDGE ( 'NONE', *, *, #2636, .T. ) ;
#4782 = CARTESIAN_POINT ( 'NONE',  ( 12.96924291490704029, -53.00000000000000000, -20.00000000000000000 ) ) ;
#4783 = EDGE_CURVE ( 'NONE', #1886, #5622, #1262, .T. ) ;
#4784 = CC_DESIGN_PERSON_AND_ORGANIZATION_ASSIGNMENT ( #738, #778, ( #2185 ) ) ;
#4785 = VERTEX_POINT ( 'NONE', #724 ) ;
#4786 = CARTESIAN_POINT ( 'NONE',  ( -67.00000000000000000, 11.44999999999999929, -18.34248115566045101 ) ) ;
#4787 = ORIENTED_EDGE ( 'NONE', *, *, #8329, .F. ) ;
#4788 = CARTESIAN_POINT ( 'NONE',  ( 90.00000000000000000, -48.00000000000000000, 20.00000000000000000 ) ) ;
#4789 = ORIENTED_EDGE ( 'NONE', *, *, #2835, .T. ) ;
#4790 = DIRECTION ( 'NONE',  ( 0.000000000000000000, 0.000000000000000000, -1.000000000000000000 ) ) ;
#4791 = VECTOR ( 'NONE', #5491, 1000.000000000000000 ) ;
#4792 = DIRECTION ( 'NONE',  ( 1.000000000000000000, 0.000000000000000000, 0.000000000000000000 ) ) ;
#4793 = ORIENTED_EDGE ( 'NONE', *, *, #2955, .T. ) ;
#4794 = ORIENTED_EDGE ( 'NONE', *, *, #5569, .T. ) ;
#4795 = ORIENTED_EDGE ( 'NONE', *, *, #3638, .T. ) ;
#4796 = VECTOR ( 'NONE', #8578, 1000.000000000000000 ) ;
#4797 = LINE ( 'NONE', #2881, #8141 ) ;
#4798 = FACE_BOUND ( 'NONE', #5840, .T. ) ;
#4799 = DIRECTION ( 'NONE',  ( 0.000000000000000000, 0.000000000000000000, -1.000000000000000000 ) ) ;
#4800 = CARTESIAN_POINT ( 'NONE',  ( -40.00000000000000000, 23.00000000000000000, -20.00000000000000000 ) ) ;
#4801 = ORIENTED_EDGE ( 'NONE', *, *, #7611, .T. ) ;
#4802 = FACE_OUTER_BOUND ( 'NONE', #1199, .T. ) ;
#4803 = AXIS2_PLACEMENT_3D ( 'NONE', #3345, #6040, #2690 ) ;
#4804 = CIRCLE ( 'NONE', #2718, 5.250000000000000888 ) ;
#4805 = ORIENTED_EDGE ( 'NONE', *, *, #5240, .F. ) ;
#4806 = ORIENTED_EDGE ( 'NONE', *, *, #1049, .F. ) ;
#4807 = DIRECTION ( 'NONE',  ( 0.000000000000000000, 0.000000000000000000, 1.000000000000000000 ) ) ;
#4808 = DIRECTION ( 'NONE',  ( 0.000000000000000000, -1.000000000000000000, 0.000000000000000000 ) ) ;
#4809 = AXIS2_PLACEMENT_3D ( 'NONE', #3811, #7871, #8567 ) ;
#4810 = CARTESIAN_POINT ( 'NONE',  ( -56.50000000000000000, 20.00000000000000000, -19.90000000000000213 ) ) ;
#4811 = EDGE_CURVE ( 'NONE', #8376, #4548, #5279, .T. ) ;
#4812 = LINE ( 'NONE', #7564, #6201 ) ;
#4813 = DIRECTION ( 'NONE',  ( 1.000000000000000000, 0.000000000000000000, 0.000000000000000000 ) ) ;
#4814 = EDGE_CURVE ( 'NONE', #98, #2616, #7780, .T. ) ;
#4815 = CARTESIAN_POINT ( 'NONE',  ( -75.89999999999999147, 53.00000000000000000, -8.250000000000571987 ) ) ;
#4816 = EDGE_CURVE ( 'NONE', #3450, #4598, #2768, .T. ) ;
#4817 = EDGE_LOOP ( 'NONE', ( #5374, #6785 ) ) ;
#4818 = ORIENTED_EDGE ( 'NONE', *, *, #988, .F. ) ;
#4819 = LINE ( 'NONE', #3562, #258 ) ;
#4820 = PLANE ( 'NONE',  #802 ) ;
#4821 = DIRECTION ( 'NONE',  ( -1.000000000000000000, 0.000000000000000000, 0.000000000000000000 ) ) ;
#4822 = VERTEX_POINT ( 'NONE', #8629 ) ;
#4823 = CARTESIAN_POINT ( 'NONE',  ( 2.081668171172170091E-14, -6.600000000000001421, 0.000000000000000000 ) ) ;
#4824 = AXIS2_PLACEMENT_3D ( 'NONE', #6223, #6839, #5574 ) ;
#4825 = ORIENTED_EDGE ( 'NONE', *, *, #7713, .F. ) ;
#4826 = APPROVAL_PERSON_ORGANIZATION ( #4268, #2756, #954 ) ;
#4827 = DIRECTION ( 'NONE',  ( 0.000000000000000000, 1.000000000000000000, 0.000000000000000000 ) ) ;
#4828 = APPLICATION_CONTEXT ( 'configuration controlled 3d designs of mechanical parts and assemblies' ) ;
#4829 = EDGE_LOOP ( 'NONE', ( #8160, #2475, #5408, #8420, #7816, #1921 ) ) ;
#4830 = EDGE_CURVE ( 'NONE', #4765, #3927, #5308, .T. ) ;
#4831 = LINE ( 'NONE', #4223, #4706 ) ;
#4832 = ORIENTED_EDGE ( 'NONE', *, *, #1693, .T. ) ;
#4833 = DIRECTION ( 'NONE',  ( 0.000000000000000000, 0.000000000000000000, -1.000000000000000000 ) ) ;
#4834 = COORDINATED_UNIVERSAL_TIME_OFFSET ( 6, 0, .BEHIND. ) ;
#4835 = AXIS2_PLACEMENT_3D ( 'NONE', #3241, #7861, #4545 ) ;
#4836 = DIRECTION ( 'NONE',  ( 0.000000000000000000, 0.000000000000000000, -1.000000000000000000 ) ) ;
#4837 = VERTEX_POINT ( 'NONE', #4652 ) ;
#4838 = AXIS2_PLACEMENT_3D ( 'NONE', #7276, #1299, #6620 ) ;
#4839 = ORIENTED_EDGE ( 'NONE', *, *, #873, .T. ) ;
#4840 = VERTEX_POINT ( 'NONE', #2695 ) ;
#4841 = CC_DESIGN_SECURITY_CLASSIFICATION ( #1925, ( #8644 ) ) ;
#4842 = CARTESIAN_POINT ( 'NONE',  ( -17.67766952966355376, -6.600000000000001421, 20.77766952966379321 ) ) ;
#4843 = CARTESIAN_POINT ( 'NONE',  ( -33.70393098870372484, -42.98810820133803645, 8.493306887674087591 ) ) ;
#4844 = CARTESIAN_POINT ( 'NONE',  ( -72.59999999999999432, 53.00000000000000000, -8.600000000000129319 ) ) ;
#4845 = AXIS2_PLACEMENT_3D ( 'NONE', #4611, #3912, #4033 ) ;
#4846 = CARTESIAN_POINT ( 'NONE',  ( -31.00000000000000000, -25.00000000000000000, 12.00000000000000000 ) ) ;
#4847 = VECTOR ( 'NONE', #5504, 1000.000000000000000 ) ;
#4848 = CARTESIAN_POINT ( 'NONE',  ( -77.00000000000000000, -53.00000000000000000, -16.25000000000000000 ) ) ;
#4849 = AXIS2_PLACEMENT_3D ( 'NONE', #2006, #7367, #3967 ) ;
#4850 = ORIENTED_EDGE ( 'NONE', *, *, #758, .F. ) ;
#4851 = ORIENTED_EDGE ( 'NONE', *, *, #6319, .T. ) ;
#4852 = VECTOR ( 'NONE', #2679, 1000.000000000000000 ) ;
#4853 = DIRECTION ( 'NONE',  ( -1.000000000000000000, -1.411204780131629195E-15, 0.000000000000000000 ) ) ;
#4854 = CARTESIAN_POINT ( 'NONE',  ( -46.00000000000000000, 19.80000000000000071, 2.299999999999999822 ) ) ;
#4855 = DIRECTION ( 'NONE',  ( 1.000000000000000000, 0.000000000000000000, 0.000000000000000000 ) ) ;
#4856 = CARTESIAN_POINT ( 'NONE',  ( 30.92507613756490059, -43.00000000000000000, -20.00000000000000000 ) ) ;
#4857 = CARTESIAN_POINT ( 'NONE',  ( 0.000000000000000000, -30.00000000000000000, -20.00000000000000000 ) ) ;
#4858 = AXIS2_PLACEMENT_3D ( 'NONE', #2137, #8031, #2708 ) ;
#4859 = DIRECTION ( 'NONE',  ( 0.000000000000000000, 0.000000000000000000, 1.000000000000000000 ) ) ;
#4860 = ORIENTED_EDGE ( 'NONE', *, *, #4235, .F. ) ;
#4861 = EDGE_CURVE ( 'NONE', #5611, #4906, #3871, .T. ) ;
#4862 = ORIENTED_EDGE ( 'NONE', *, *, #922, .F. ) ;
#4863 = VECTOR ( 'NONE', #4169, 1000.000000000000000 ) ;
#4864 = VECTOR ( 'NONE', #1303, 1000.000000000000000 ) ;
#4865 = FACE_OUTER_BOUND ( 'NONE', #3227, .T. ) ;
#4866 = EDGE_CURVE ( 'NONE', #5622, #7630, #4989, .T. ) ;
#4867 = DIRECTION ( 'NONE',  ( 0.000000000000000000, -1.000000000000000000, 0.000000000000000000 ) ) ;
#4868 = AXIS2_PLACEMENT_3D ( 'NONE', #1870, #3135, #8503 ) ;
#4869 = CARTESIAN_POINT ( 'NONE',  ( 77.00000000000000000, -33.00000000000000000, 16.25000000000000000 ) ) ;
#4870 = DIRECTION ( 'NONE',  ( 0.000000000000000000, 1.000000000000000000, 0.000000000000000000 ) ) ;
#4871 = EDGE_LOOP ( 'NONE', ( #3086, #531, #4515, #2428 ) ) ;
#4872 = DIRECTION ( 'NONE',  ( 3.304235192336775019E-16, -1.000000000000000000, 0.000000000000000000 ) ) ;
#4873 = AXIS2_PLACEMENT_3D ( 'NONE', #7783, #2513, #1809 ) ;
#4874 = VECTOR ( 'NONE', #3711, 1000.000000000000000 ) ;
#4875 = VECTOR ( 'NONE', #896, 1000.000000000000000 ) ;
#4876 = VERTEX_POINT ( 'NONE', #2525 ) ;
#4877 = ADVANCED_FACE ( 'NONE', ( #599 ), #3920, .T. ) ;
#4878 = ADVANCED_FACE ( 'NONE', ( #4524, #561 ), #3223, .T. ) ;
#4879 = DIRECTION ( 'NONE',  ( 0.000000000000000000, 0.000000000000000000, 1.000000000000000000 ) ) ;
#4880 = ORIENTED_EDGE ( 'NONE', *, *, #6441, .F. ) ;
#4881 = DIRECTION ( 'NONE',  ( -1.000000000000000000, 0.000000000000000000, 0.000000000000000000 ) ) ;
#4882 = ORIENTED_EDGE ( 'NONE', *, *, #1155, .F. ) ;
#4883 = CARTESIAN_POINT ( 'NONE',  ( 0.000000000000000000, -11.44999999999999929, -19.50000000000000000 ) ) ;
#4884 = COORDINATED_UNIVERSAL_TIME_OFFSET ( 6, 0, .BEHIND. ) ;
#4885 = CARTESIAN_POINT ( 'NONE',  ( -48.00000042616159845, 30.00000000000000000, -10.00000000000000000 ) ) ;
#4886 = EDGE_CURVE ( 'NONE', #8185, #7752, #5693, .T. ) ;
#4887 = EDGE_LOOP ( 'NONE', ( #6313, #6259, #5197, #1485 ) ) ;
#4888 = ORIENTED_EDGE ( 'NONE', *, *, #3335, .F. ) ;
#4889 = ORIENTED_EDGE ( 'NONE', *, *, #2994, .T. ) ;
#4890 = VECTOR ( 'NONE', #3557, 1000.000000000000114 ) ;
#4891 = DIRECTION ( 'NONE',  ( 0.000000000000000000, 0.000000000000000000, -1.000000000000000000 ) ) ;
#4892 = DIRECTION ( 'NONE',  ( 0.000000000000000000, 1.000000000000000000, 0.000000000000000000 ) ) ;
#4893 = CARTESIAN_POINT ( 'NONE',  ( 17.67766952966359995, -6.600000000000001421, -17.67766952966378469 ) ) ;
#4894 = CARTESIAN_POINT ( 'NONE',  ( -31.00000000000000000, -25.00000000000000000, 12.00000000000000000 ) ) ;
#4895 = CARTESIAN_POINT ( 'NONE',  ( -90.00000000000000000, -38.00000000000000000, -20.00000000000000000 ) ) ;
#4896 = ADVANCED_FACE ( 'NONE', ( #8230 ), #6870, .F. ) ;
#4897 = VERTEX_POINT ( 'NONE', #1592 ) ;
#4898 = ORIENTED_EDGE ( 'NONE', *, *, #3059, .F. ) ;
#4899 = DIRECTION ( 'NONE',  ( 0.000000000000000000, 1.000000000000000000, 0.000000000000000000 ) ) ;
#4900 = CARTESIAN_POINT ( 'NONE',  ( -48.00000000000000000, 30.00000000000000000, -13.00000000000000000 ) ) ;
#4901 = DIRECTION ( 'NONE',  ( 0.000000000000000000, 0.000000000000000000, -1.000000000000000000 ) ) ;
#4902 = CARTESIAN_POINT ( 'NONE',  ( -59.20000000000000284, 20.00000000000000000, -20.00000000000000000 ) ) ;
#4903 = CARTESIAN_POINT ( 'NONE',  ( -33.04694034193805408, -42.89106632825983922, 17.84039040107598240 ) ) ;
#4904 = DIRECTION ( 'NONE',  ( 2.312964634635742267E-15, 0.000000000000000000, 1.000000000000000000 ) ) ;
#4905 = ORIENTED_EDGE ( 'NONE', *, *, #8207, .T. ) ;
#4906 = VERTEX_POINT ( 'NONE', #4081 ) ;
#4907 = DIRECTION ( 'NONE',  ( 0.000000000000000000, 0.000000000000000000, 1.000000000000000000 ) ) ;
#4908 = DIRECTION ( 'NONE',  ( 0.9999999999999900080, -1.420063460048795109E-07, 0.000000000000000000 ) ) ;
#4909 = CARTESIAN_POINT ( 'NONE',  ( -40.00000000000000000, 23.00000000000000000, -20.00000000000000000 ) ) ;
#4910 = DIRECTION ( 'NONE',  ( 0.000000000000000000, 0.000000000000000000, -1.000000000000000000 ) ) ;
#4911 = DIRECTION ( 'NONE',  ( 0.000000000000000000, -1.000000000000000000, 0.000000000000000000 ) ) ;
#4912 = EDGE_CURVE ( 'NONE', #368, #8044, #7368, .T. ) ;
#4913 = EDGE_LOOP ( 'NONE', ( #49, #6278 ) ) ;
#4914 = AXIS2_PLACEMENT_3D ( 'NONE', #3150, #3759, #6556 ) ;
#4915 = DIRECTION ( 'NONE',  ( 0.000000000000000000, 0.000000000000000000, 1.000000000000000000 ) ) ;
#4916 = EDGE_LOOP ( 'NONE', ( #5459, #6597, #3614, #3751 ) ) ;
#4917 = DIRECTION ( 'NONE',  ( 0.000000000000000000, 0.000000000000000000, 1.000000000000000000 ) ) ;
#4918 = VERTEX_POINT ( 'NONE', #6213 ) ;
#4919 = EDGE_CURVE ( 'NONE', #3651, #5013, #5138, .T. ) ;
#4920 = DIRECTION ( 'NONE',  ( -0.7071067811865531239, -8.659560562355000651E-17, -0.7071067811865420216 ) ) ;
#4921 = DATE_AND_TIME ( #3005, #4276 ) ;
#4922 = EDGE_CURVE ( 'NONE', #4482, #7747, #4777, .T. ) ;
#4923 = DIRECTION ( 'NONE',  ( 1.387778780781444413E-14, 0.000000000000000000, -1.000000000000000000 ) ) ;
#4924 = EDGE_CURVE ( 'NONE', #1913, #8598, #4819, .T. ) ;
#4925 = VERTEX_POINT ( 'NONE', #2818 ) ;
#4926 = ORIENTED_EDGE ( 'NONE', *, *, #217, .F. ) ;
#4927 = DIRECTION ( 'NONE',  ( 0.000000000000000000, 0.000000000000000000, -1.000000000000000000 ) ) ;
#4928 = CARTESIAN_POINT ( 'NONE',  ( -31.30304224643504796, -42.14469712933961176, 7.754541992406918993 ) ) ;
#4929 = DIRECTION ( 'NONE',  ( 0.000000000000000000, 0.000000000000000000, 1.000000000000000000 ) ) ;
#4930 = CARTESIAN_POINT ( 'NONE',  ( -46.00000000000000000, -19.80000000000000071, -2.299999999999999822 ) ) ;
#4931 = FACE_OUTER_BOUND ( 'NONE', #8025, .T. ) ;
#4932 = ORIENTED_EDGE ( 'NONE', *, *, #4195, .F. ) ;
#4933 = VECTOR ( 'NONE', #8362, 1000.000000000000000 ) ;
#4934 = ORIENTED_EDGE ( 'NONE', *, *, #4176, .T. ) ;
#4935 = ADVANCED_FACE ( 'NONE', ( #5387 ), #4725, .F. ) ;
#4936 = CC_DESIGN_DATE_AND_TIME_ASSIGNMENT ( #3230, #7981, ( #1925 ) ) ;
#4937 = CARTESIAN_POINT ( 'NONE',  ( -48.00000000000000000, 19.50000000000000000, -15.45850000000000080 ) ) ;
#4938 = DIRECTION ( 'NONE',  ( 0.000000000000000000, 0.000000000000000000, -1.000000000000000000 ) ) ;
#4939 = DIRECTION ( 'NONE',  ( 0.000000000000000000, 1.000000000000000000, 0.000000000000000000 ) ) ;
#4940 = DIRECTION ( 'NONE',  ( 1.000000000000000000, 0.000000000000000000, 0.000000000000000000 ) ) ;
#4941 = VECTOR ( 'NONE', #2557, 1000.000000000000000 ) ;
#4942 = CARTESIAN_POINT ( 'NONE',  ( -32.37712658144387490, -42.69607219265873965, 18.07120899813061854 ) ) ;
#4943 = DIRECTION ( 'NONE',  ( -0.9170939738863552737, -0.3986710963455125656, 0.000000000000000000 ) ) ;
#4944 = ORIENTED_EDGE ( 'NONE', *, *, #2434, .F. ) ;
#4945 = EDGE_LOOP ( 'NONE', ( #6435, #820, #4043, #7756, #8219, #3702, #7986 ) ) ;
#4946 = VECTOR ( 'NONE', #8008, 1000.000000000000000 ) ;
#4947 = CARTESIAN_POINT ( 'NONE',  ( 17.67766952966359995, -6.600000000000001421, 14.57766952966379570 ) ) ;
#4948 = DIRECTION ( 'NONE',  ( 0.000000000000000000, -1.000000000000000000, 0.000000000000000000 ) ) ;
#4949 = DIRECTION ( 'NONE',  ( 1.000000000000000000, 0.000000000000000000, 0.000000000000000000 ) ) ;
#4950 = EDGE_CURVE ( 'NONE', #3254, #3098, #233, .T. ) ;
#4951 = FACE_OUTER_BOUND ( 'NONE', #3396, .T. ) ;
#4952 = DIRECTION ( 'NONE',  ( -1.000000000000000000, 0.000000000000000000, 0.000000000000000000 ) ) ;
#4953 = EDGE_LOOP ( 'NONE', ( #4617, #1087, #2938, #8091 ) ) ;
#4954 = LINE ( 'NONE', #1647, #1796 ) ;
#4955 = VERTEX_POINT ( 'NONE', #4742 ) ;
#4956 = CARTESIAN_POINT ( 'NONE',  ( 2.467431912903586439E-14, -6.600000000000001421, -31.50000000000000000 ) ) ;
#4957 = VERTEX_POINT ( 'NONE', #1556 ) ;
#4958 = DIRECTION ( 'NONE',  ( 0.000000000000000000, 1.000000000000000000, 0.000000000000000000 ) ) ;
#4959 = APPROVAL_DATE_TIME ( #6317, #2756 ) ;
#4960 = CARTESIAN_POINT ( 'NONE',  ( -9.500000000000000000, -25.00000000000000000, -12.00000000000000000 ) ) ;
#4961 = ORIENTED_EDGE ( 'NONE', *, *, #7234, .F. ) ;
#4962 = EDGE_CURVE ( 'NONE', #5887, #3303, #5558, .T. ) ;
#4963 = ORIENTED_EDGE ( 'NONE', *, *, #5347, .T. ) ;
#4965 = ORIENTED_EDGE ( 'NONE', *, *, #3568, .F. ) ;
#4964 = EDGE_CURVE ( 'NONE', #6607, #8010, #6914, .T. ) ;
#4966 = CARTESIAN_POINT ( 'NONE',  ( -40.00000000000000000, -23.00000000000000000, 20.00000000000000000 ) ) ;
#4967 = CC_DESIGN_APPROVAL ( #7886, ( #2185 ) ) ;
#4968 = CARTESIAN_POINT ( 'NONE',  ( -74.44893142822299126, -53.00000000000000000, 8.900000000000000355 ) ) ;
#4969 = DIRECTION ( 'NONE',  ( 0.000000000000000000, 0.000000000000000000, -1.000000000000000000 ) ) ;
#4970 = CARTESIAN_POINT ( 'NONE',  ( -46.00000000000000000, -24.19999999999999929, -2.299999999999999822 ) ) ;
#4971 = CIRCLE ( 'NONE', #2890, 2.458500000000000796 ) ;
#4972 = ORIENTED_EDGE ( 'NONE', *, *, #8145, .T. ) ;
#4973 = VERTEX_POINT ( 'NONE', #850 ) ;
#4974 = EDGE_CURVE ( 'NONE', #5847, #7017, #2905, .T. ) ;
#4975 = CARTESIAN_POINT ( 'NONE',  ( -67.00000000000000000, -14.55000000000000071, 20.00000000000000000 ) ) ;
#4976 = CIRCLE ( 'NONE', #1786, 1.592474596216000071 ) ;
#4977 = CYLINDRICAL_SURFACE ( 'NONE', #6242, 3.249999999999999556 ) ;
#4978 = LINE ( 'NONE', #3023, #8577 ) ;
#4979 = CARTESIAN_POINT ( 'NONE',  ( 2.081668171172170091E-14, -6.600000000000001421, 0.000000000000000000 ) ) ;
#4980 = DIRECTION ( 'NONE',  ( 0.000000000000000000, 0.000000000000000000, -1.000000000000000000 ) ) ;
#4981 = AXIS2_PLACEMENT_3D ( 'NONE', #6417, #433, #3102 ) ;
#4982 = DIRECTION ( 'NONE',  ( 0.7071067811865480168, 7.311608832742490038E-16, -0.7071067811865470176 ) ) ;
#4983 = AXIS2_PLACEMENT_3D ( 'NONE', #8093, #7432, #4202 ) ;
#4984 = EDGE_CURVE ( 'NONE', #4139, #1729, #6786, .T. ) ;
#4985 = AXIS2_PLACEMENT_3D ( 'NONE', #8211, #4892, #8457 ) ;
#4986 = ORIENTED_EDGE ( 'NONE', *, *, #3431, .T. ) ;
#4987 = ORIENTED_EDGE ( 'NONE', *, *, #109, .T. ) ;
#4988 = FACE_OUTER_BOUND ( 'NONE', #2607, .T. ) ;
#4989 = CIRCLE ( 'NONE', #815, 3.009999999999998899 ) ;
#4990 = CARTESIAN_POINT ( 'NONE',  ( 31.00000000000000000, -36.20000000000000284, -13.00000000000000178 ) ) ;
#4991 = VECTOR ( 'NONE', #740, 1000.000000000000000 ) ;
#4992 = CARTESIAN_POINT ( 'NONE',  ( -12.96924291490699943, -53.00000000000000000, -20.00000000000000000 ) ) ;
#4993 = DIRECTION ( 'NONE',  ( -0.9126217432562998555, 0.000000000000000000, 0.4088050314463270163 ) ) ;
#4994 = DIRECTION ( 'NONE',  ( 1.000000000000000000, 0.000000000000000000, 0.000000000000000000 ) ) ;
#4995 = APPLICATION_CONTEXT ( 'configuration controlled 3d designs of mechanical parts and assemblies' ) ;
#4996 = ADVANCED_FACE ( 'NONE', ( #3390 ), #1510, .T. ) ;
#4997 = VECTOR ( 'NONE', #1346, 1000.000000000000000 ) ;
#4998 = EDGE_LOOP ( 'NONE', ( #8586, #4663, #1040, #461 ) ) ;
#4999 = PLANE ( 'NONE',  #8340 ) ;
#5000 = EDGE_LOOP ( 'NONE', ( #944, #7600, #4086, #1546, #1603, #3100, #1269, #1466 ) ) ;
#5001 = CARTESIAN_POINT ( 'NONE',  ( -79.00000000000000000, 53.00000000000000000, 9.253553390593300065 ) ) ;
#5002 = FACE_BOUND ( 'NONE', #5715, .T. ) ;
#5003 = EDGE_LOOP ( 'NONE', ( #7587, #581 ) ) ;
#5004 = AXIS2_PLACEMENT_3D ( 'NONE', #7682, #1042, #6367 ) ;
#5005 = AXIS2_PLACEMENT_3D ( 'NONE', #5866, #8568, #7779 ) ;
#5006 = CARTESIAN_POINT ( 'NONE',  ( 2.467431912903586439E-14, -6.600000000000001421, -31.50000000000000000 ) ) ;
#5007 = CIRCLE ( 'NONE', #1111, 2.458500000000002572 ) ;
#5008 = APPROVAL_DATE_TIME ( #996, #5098 ) ;
#5009 = LINE ( 'NONE', #7679, #4164 ) ;
#5010 = ORIENTED_EDGE ( 'NONE', *, *, #2771, .F. ) ;
#5011 = ORIENTED_EDGE ( 'NONE', *, *, #494, .T. ) ;
#5012 = CARTESIAN_POINT ( 'NONE',  ( -48.00000000000000000, 29.45849999999999724, -10.54150000000000098 ) ) ;
#5013 = VERTEX_POINT ( 'NONE', #59 ) ;
#5014 = CARTESIAN_POINT ( 'NONE',  ( 0.000000000000000000, 30.00000000000000000, -20.00000000000000000 ) ) ;
#5015 = FACE_OUTER_BOUND ( 'NONE', #1145, .T. ) ;
#5016 = DIRECTION ( 'NONE',  ( -1.000000000000000000, 0.000000000000000000, 0.000000000000000000 ) ) ;
#5017 = DIRECTION ( 'NONE',  ( 1.000000000000000000, 0.000000000000000000, 0.000000000000000000 ) ) ;
#5018 = ADVANCED_FACE ( 'NONE', ( #4865 ), #2731, .F. ) ;
#5019 = ORIENTED_EDGE ( 'NONE', *, *, #6361, .T. ) ;
#5020 = ORIENTED_EDGE ( 'NONE', *, *, #1508, .T. ) ;
#5021 = FACE_OUTER_BOUND ( 'NONE', #2379, .T. ) ;
#5022 = CARTESIAN_POINT ( 'NONE',  ( 34.11042744160234719, -43.00000000000000000, -8.770609839406272812 ) ) ;
#5023 = CARTESIAN_POINT ( 'NONE',  ( -67.00000000000000000, -14.55000000000000071, 18.26686273152999718 ) ) ;
#5024 = CARTESIAN_POINT ( 'NONE',  ( 0.000000000000000000, 24.19999999999999929, 2.299999999999999822 ) ) ;
#5025 = EDGE_CURVE ( 'NONE', #4482, #408, #7401, .T. ) ;
#5026 = DIRECTION ( 'NONE',  ( -1.000000000000000000, 0.000000000000000000, 0.000000000000000000 ) ) ;
#5027 = EDGE_CURVE ( 'NONE', #729, #4568, #6135, .T. ) ;
#5028 = LINE ( 'NONE', #5555, #4055 ) ;
#5029 = VERTEX_POINT ( 'NONE', #3520 ) ;
#5030 = EDGE_LOOP ( 'NONE', ( #3670, #7115, #2729, #23, #3235 ) ) ;
#5031 = CARTESIAN_POINT ( 'NONE',  ( -95.00000000000000000, -53.00000000000000000, 20.00000000000000000 ) ) ;
#5032 = LINE ( 'NONE', #414, #947 ) ;
#5033 = CARTESIAN_POINT ( 'NONE',  ( -67.00000000000000000, -11.44999999999999929, -19.49999999999930012 ) ) ;
#5034 = DIRECTION ( 'NONE',  ( 0.000000000000000000, 0.000000000000000000, -1.000000000000000000 ) ) ;
#5035 = EDGE_CURVE ( 'NONE', #6498, #5976, #187, .T. ) ;
#5036 = DIRECTION ( 'NONE',  ( 0.000000000000000000, 0.000000000000000000, 1.000000000000000000 ) ) ;
#5037 = VERTEX_POINT ( 'NONE', #5691 ) ;
#5038 = VERTEX_POINT ( 'NONE', #1814 ) ;
#5039 = DIRECTION ( 'NONE',  ( 2.926572255078290114E-17, 1.000000000000000000, 0.000000000000000000 ) ) ;
#5040 = EDGE_LOOP ( 'NONE', ( #6660, #4167 ) ) ;
#5041 = DIRECTION ( 'NONE',  ( 0.000000000000000000, 1.000000000000000000, 0.000000000000000000 ) ) ;
#5042 = LINE ( 'NONE', #7148, #1634 ) ;
#5043 = EDGE_CURVE ( 'NONE', #8408, #3538, #403, .T. ) ;
#5045 = ORIENTED_EDGE ( 'NONE', *, *, #728, .F. ) ;
#5044 = ADVANCED_FACE ( 'NONE', ( #4475 ), #5776, .T. ) ;
#5046 = DIRECTION ( 'NONE',  ( 0.000000000000000000, 1.000000000000000000, 0.000000000000000000 ) ) ;
#5047 = APPROVAL_DATE_TIME ( #5798, #3020 ) ;
#5048 = CARTESIAN_POINT ( 'NONE',  ( -77.00000000000000000, -49.79999999999999716, -9.750000000000001776 ) ) ;
#5049 = AXIS2_PLACEMENT_3D ( 'NONE', #8338, #6939, #3668 ) ;
#5050 = ORIENTED_EDGE ( 'NONE', *, *, #5142, .T. ) ;
#5051 = VERTEX_POINT ( 'NONE', #7788 ) ;
#5052 = LINE ( 'NONE', #1744, #3041 ) ;
#5053 = ORIENTED_EDGE ( 'NONE', *, *, #8074, .T. ) ;
#5054 = CARTESIAN_POINT ( 'NONE',  ( -42.45850000000000080, -23.00000034815554883, -19.45850000000000080 ) ) ;
#5055 = AXIS2_PLACEMENT_3D ( 'NONE', #5578, #334, #2306 ) ;
#5056 = EDGE_CURVE ( 'NONE', #7006, #5786, #8358, .T. ) ;
#5057 = DIRECTION ( 'NONE',  ( 0.000000000000000000, 0.000000000000000000, 1.000000000000000000 ) ) ;
#5058 = DIRECTION ( 'NONE',  ( 0.000000000000000000, 0.000000000000000000, 1.000000000000000000 ) ) ;
#5059 = CARTESIAN_POINT ( 'NONE',  ( 0.000000000000000000, -31.50000000000000000, -20.00000000000000000 ) ) ;
#5060 = ORIENTED_EDGE ( 'NONE', *, *, #6145, .F. ) ;
#5061 = ORIENTED_EDGE ( 'NONE', *, *, #4555, .T. ) ;
#5062 = CARTESIAN_POINT ( 'NONE',  ( 0.000000000000000000, 11.25000000000069988, -18.34248115566069970 ) ) ;
#5063 = FACE_OUTER_BOUND ( 'NONE', #5662, .T. ) ;
#5064 = LINE ( 'NONE', #7734, #5228 ) ;
#5065 = DIRECTION ( 'NONE',  ( 0.000000000000000000, 0.000000000000000000, -1.000000000000000000 ) ) ;
#5066 = CARTESIAN_POINT ( 'NONE',  ( 17.67766952966359995, -6.600000000000001421, 20.77766952966379321 ) ) ;
#5067 = AXIS2_PLACEMENT_3D ( 'NONE', #4508, #4192, #6068 ) ;
#5068 = DIRECTION ( 'NONE',  ( 0.000000000000000000, 0.000000000000000000, 1.000000000000000000 ) ) ;
#5069 = EDGE_LOOP ( 'NONE', ( #2394, #514 ) ) ;
#5070 = ORIENTED_EDGE ( 'NONE', *, *, #8516, .F. ) ;
#5071 = EDGE_CURVE ( 'NONE', #299, #8527, #5418, .T. ) ;
#5072 = DIRECTION ( 'NONE',  ( 0.000000000000000000, 0.000000000000000000, -1.000000000000000000 ) ) ;
#5073 = DIRECTION ( 'NONE',  ( -1.000000000000000000, 0.000000000000000000, 0.000000000000000000 ) ) ;
#5074 = CARTESIAN_POINT ( 'NONE',  ( -54.00000000000000000, 20.00000000000000000, 19.80000000000000071 ) ) ;
#5075 = ADVANCED_FACE ( 'NONE', ( #4988 ), #6961, .F. ) ;
#5076 = VECTOR ( 'NONE', #7838, 1000.000000000000114 ) ;
#5077 = VECTOR ( 'NONE', #5872, 1000.000000000000000 ) ;
#5078 = DIRECTION ( 'NONE',  ( 0.000000000000000000, 0.000000000000000000, 1.000000000000000000 ) ) ;
#5079 = EDGE_LOOP ( 'NONE', ( #5377, #3092, #1788, #6076 ) ) ;
#5080 = CARTESIAN_POINT ( 'NONE',  ( -77.00000000000000000, -49.79999999999999716, -13.00000000000000178 ) ) ;
#5081 = EDGE_CURVE ( 'NONE', #1751, #7125, #5148, .T. ) ;
#5082 = AXIS2_PLACEMENT_3D ( 'NONE', #7032, #8263, #1057 ) ;
#5083 = VERTEX_POINT ( 'NONE', #7088 ) ;
#5084 = CIRCLE ( 'NONE', #6058, 2.100000000000111111 ) ;
#5085 = ORIENTED_EDGE ( 'NONE', *, *, #5792, .T. ) ;
#5086 = DIRECTION ( 'NONE',  ( 0.000000000000000000, 0.000000000000000000, -1.000000000000000000 ) ) ;
#5087 = ORIENTED_EDGE ( 'NONE', *, *, #2372, .F. ) ;
#5088 = DIRECTION ( 'NONE',  ( 5.084651602538234573E-06, 0.000000000000000000, 0.9999999999870732292 ) ) ;
#5089 = DIRECTION ( 'NONE',  ( 0.000000000000000000, 0.000000000000000000, 1.000000000000000000 ) ) ;
#5090 = ADVANCED_FACE ( 'NONE', ( #3119 ), #1115, .F. ) ;
#5091 = ORIENTED_EDGE ( 'NONE', *, *, #7971, .T. ) ;
#5092 = PLANE ( 'NONE',  #7499 ) ;
#5093 = CARTESIAN_POINT ( 'NONE',  ( -72.29999999999999716, -53.00000000000000000, 8.599999999999999645 ) ) ;
#5094 = PERSON_AND_ORGANIZATION ( #2440, #369 ) ;
#5095 = CARTESIAN_POINT ( 'NONE',  ( -31.00000000000000000, -30.00000000000000000, 14.50000000000000000 ) ) ;
#5096 = VERTEX_POINT ( 'NONE', #2466 ) ;
#5097 = ADVANCED_FACE ( 'NONE', ( #2291 ), #283, .T. ) ;
#5098 = APPROVAL ( #6975, 'UNSPECIFIED' ) ;
#5099 = VERTEX_POINT ( 'NONE', #4947 ) ;
#5100 = CARTESIAN_POINT ( 'NONE',  ( -77.35106857177699169, 53.00000000000000000, -8.900000000000000355 ) ) ;
#5101 = DIRECTION ( 'NONE',  ( -1.000000000000000000, 0.000000000000000000, 0.000000000000000000 ) ) ;
#5102 = DIRECTION ( 'NONE',  ( 0.000000000000000000, 0.000000000000000000, -1.000000000000000000 ) ) ;
#5103 = CIRCLE ( 'NONE', #786, 3.010000000000029097 ) ;
#5104 = CARTESIAN_POINT ( 'NONE',  ( -17.67766952966355376, -55.20100000000000051, 22.92766952966379534 ) ) ;
#5105 = EDGE_CURVE ( 'NONE', #8366, #3524, #1064, .T. ) ;
#5106 = ORIENTED_EDGE ( 'NONE', *, *, #346, .T. ) ;
#5107 = ORIENTED_EDGE ( 'NONE', *, *, #3164, .T. ) ;
#5108 = CONICAL_SURFACE ( 'NONE', #7344, 2.500000000000002220, 0.7853981633974659315 ) ;
#5109 = PLANE ( 'NONE',  #391 ) ;
#5110 = CARTESIAN_POINT ( 'NONE',  ( 30.05833509149578120, -40.96973241573069657, -7.824731828418763691 ) ) ;
#5111 = DIRECTION ( 'NONE',  ( 0.000000000000000000, 0.000000000000000000, -1.000000000000000000 ) ) ;
#5112 = PLANE ( 'NONE',  #7038 ) ;
#5113 = LINE ( 'NONE', #3907, #1772 ) ;
#5114 = CC_DESIGN_APPROVAL ( #5098, ( #7558 ) ) ;
#5115 = PLANE ( 'NONE',  #4873 ) ;
#5116 = ORIENTED_EDGE ( 'NONE', *, *, #4766, .F. ) ;
#5117 = EDGE_LOOP ( 'NONE', ( #7270, #1034 ) ) ;
#5118 = ORIENTED_EDGE ( 'NONE', *, *, #4386, .F. ) ;
#5119 = DIRECTION ( 'NONE',  ( 0.000000000000000000, -1.000000000000000000, 0.000000000000000000 ) ) ;
#5120 = DIRECTION ( 'NONE',  ( 0.000000000000000000, 1.000000000000000000, 0.000000000000000000 ) ) ;
#5121 = DIRECTION ( 'NONE',  ( 3.304235192336775019E-16, -1.000000000000000000, 0.000000000000000000 ) ) ;
#5122 = DIRECTION ( 'NONE',  ( 1.000000000000000000, 0.000000000000000000, 0.000000000000000000 ) ) ;
#5123 = LINE ( 'NONE', #7839, #1118 ) ;
#5124 = VECTOR ( 'NONE', #7743, 1000.000000000000000 ) ;
#5125 = VECTOR ( 'NONE', #4203, 1000.000000000000000 ) ;
#5126 = ORIENTED_EDGE ( 'NONE', *, *, #2967, .T. ) ;
#5127 = CIRCLE ( 'NONE', #5550, 17.00000000000000000 ) ;
#5128 = VERTEX_POINT ( 'NONE', #3726 ) ;
#5129 = EDGE_CURVE ( 'NONE', #8397, #3472, #7612, .T. ) ;
#5130 = AXIS2_PLACEMENT_3D ( 'NONE', #430, #1038, #7057 ) ;
#5131 = DIRECTION ( 'NONE',  ( 0.000000000000000000, 0.000000000000000000, -1.000000000000000000 ) ) ;
#5132 = ORIENTED_EDGE ( 'NONE', *, *, #4335, .F. ) ;
#5133 = VECTOR ( 'NONE', #752, 1000.000000000000000 ) ;
#5134 = CARTESIAN_POINT ( 'NONE',  ( 17.67766952966359995, -55.20100000000000051, -17.67766952966378469 ) ) ;
#5135 = PLANE ( 'NONE',  #8048 ) ;
#5136 = VERTEX_POINT ( 'NONE', #1636 ) ;
#5137 = DIRECTION ( 'NONE',  ( 0.000000000000000000, 0.000000000000000000, -1.000000000000000000 ) ) ;
#5139 = DIRECTION ( 'NONE',  ( 1.000000000000000000, 1.739694030349234775E-16, 0.000000000000000000 ) ) ;
#5138 = CIRCLE ( 'NONE', #4028, 5.250000000000000888 ) ;
#5140 = COORDINATED_UNIVERSAL_TIME_OFFSET ( 6, 0, .BEHIND. ) ;
#5141 = CIRCLE ( 'NONE', #404, 2.458500000000054975 ) ;
#5142 = EDGE_CURVE ( 'NONE', #8227, #1141, #2221, .T. ) ;
#5143 = CARTESIAN_POINT ( 'NONE',  ( 17.67766952966359995, -55.20100000000000051, -12.42766952966378469 ) ) ;
#5144 = ORIENTED_EDGE ( 'NONE', *, *, #61, .T. ) ;
#5145 = ADVANCED_FACE ( 'NONE', ( #6301 ), #321, .F. ) ;
#5146 = ORIENTED_EDGE ( 'NONE', *, *, #7477, .F. ) ;
#5147 = CYLINDRICAL_SURFACE ( 'NONE', #3881, 16.50000000000000000 ) ;
#5148 = CIRCLE ( 'NONE', #689, 16.50000000000000000 ) ;
#5149 = CARTESIAN_POINT ( 'NONE',  ( 77.00000000000000000, -49.79999999999999716, 13.00000000000000178 ) ) ;
#5150 = AXIS2_PLACEMENT_3D ( 'NONE', #730, #8144, #28 ) ;
#5151 = ADVANCED_FACE ( 'NONE', ( #4339 ), #6997, .T. ) ;
#5152 = CARTESIAN_POINT ( 'NONE',  ( -59.20000000000000284, 20.00000000000000000, -20.00000000000000000 ) ) ;
#5153 = LINE ( 'NONE', #7203, #1813 ) ;
#5154 = VECTOR ( 'NONE', #529, 1000.000000000000000 ) ;
#5155 = VERTEX_POINT ( 'NONE', #5737 ) ;
#5156 = ORIENTED_EDGE ( 'NONE', *, *, #6953, .F. ) ;
#5157 = CARTESIAN_POINT ( 'NONE',  ( 28.04842788558745070, -20.00000000000000000, 20.00000000000000000 ) ) ;
#5158 = CARTESIAN_POINT ( 'NONE',  ( -31.00000000000000000, -30.00000000000000000, 12.00000000000000000 ) ) ;
#5159 = CARTESIAN_POINT ( 'NONE',  ( 33.70239327546651964, -42.98804145671680743, -17.50769263559600475 ) ) ;
#5160 = DIRECTION ( 'NONE',  ( -1.000000000000000000, 0.000000000000000000, 0.000000000000000000 ) ) ;
#5161 = EDGE_CURVE ( 'NONE', #2429, #2621, #4376, .T. ) ;
#5162 = DIRECTION ( 'NONE',  ( 0.000000000000000000, 0.000000000000000000, 1.000000000000000000 ) ) ;
#5163 = CARTESIAN_POINT ( 'NONE',  ( -67.00000000000000000, -53.00000000000000000, 19.75000000000000000 ) ) ;
#5164 = ORIENTED_EDGE ( 'NONE', *, *, #5495, .T. ) ;
#5165 = APPLICATION_CONTEXT ( 'configuration controlled 3d designs of mechanical parts and assemblies' ) ;
#5166 = VERTEX_POINT ( 'NONE', #1763 ) ;
#5167 = ORIENTED_EDGE ( 'NONE', *, *, #7120, .F. ) ;
#5168 = DIRECTION ( 'NONE',  ( 0.000000000000000000, -1.000000000000000000, 0.000000000000000000 ) ) ;
#5169 = LINE ( 'NONE', #7836, #8613 ) ;
#5170 = CARTESIAN_POINT ( 'NONE',  ( -67.00000000000000000, 11.44999999999999929, 18.34248115565999981 ) ) ;
#5171 = CARTESIAN_POINT ( 'NONE',  ( 90.00000000000000000, -31.50000000000000000, 20.00000000000000000 ) ) ;
#5172 = DIRECTION ( 'NONE',  ( 0.000000000000000000, 1.000000000000000000, 0.000000000000000000 ) ) ;
#5173 = ORIENTED_EDGE ( 'NONE', *, *, #3281, .F. ) ;
#5174 = ORIENTED_EDGE ( 'NONE', *, *, #5612, .T. ) ;
#5175 = CARTESIAN_POINT ( 'NONE',  ( -67.00000000000000000, -53.00000000000000000, -19.75000000000000000 ) ) ;
#5176 = DIRECTION ( 'NONE',  ( 2.926572255078290114E-17, 1.000000000000000000, 0.000000000000000000 ) ) ;
#5177 = CARTESIAN_POINT ( 'NONE',  ( 90.00000000000000000, -10.00000000000000178, 20.00000000000000000 ) ) ;
#5178 = EDGE_LOOP ( 'NONE', ( #1520, #7894 ) ) ;
#5179 = CARTESIAN_POINT ( 'NONE',  ( -5.551115123125779744E-16, -23.00000042616160201, 10.00000000000000000 ) ) ;
#5180 = CARTESIAN_POINT ( 'NONE',  ( 30.92507613756490059, -43.00000000000000000, -20.00000000000000000 ) ) ;
#5181 = EDGE_CURVE ( 'NONE', #4636, #7772, #2599, .T. ) ;
#5182 = CARTESIAN_POINT ( 'NONE',  ( 0.000000000000000000, -19.80000000000000071, 2.299999999999999822 ) ) ;
#5183 = CIRCLE ( 'NONE', #6296, 16.50000000000000000 ) ;
#5184 = VERTEX_POINT ( 'NONE', #16 ) ;
#5185 = ORIENTED_EDGE ( 'NONE', *, *, #4783, .T. ) ;
#5186 = DIRECTION ( 'NONE',  ( 1.000000000000000000, 0.000000000000000000, 0.000000000000000000 ) ) ;
#5187 = ADVANCED_FACE ( 'NONE', ( #3165 ), #3256, .F. ) ;
#5188 = VERTEX_POINT ( 'NONE', #5910 ) ;
#5189 = DIRECTION ( 'NONE',  ( -0.9170939738863552737, 0.3986710963455125656, 0.000000000000000000 ) ) ;
#5190 = EDGE_CURVE ( 'NONE', #2429, #4957, #7303, .T. ) ;
#5191 = CARTESIAN_POINT ( 'NONE',  ( -37.23954713860204890, 24.19999999999999929, 2.299999999999999822 ) ) ;
#5192 = ADVANCED_FACE ( 'NONE', ( #631 ), #2518, .T. ) ;
#5193 = SHAPE_REPRESENTATION_RELATIONSHIP ( 'NONE' , 'NONE' ,  #5205, #35 ) ;
#5194 = CIRCLE ( 'NONE', #3527, 3.099999999999998757 ) ;
#5195 = CARTESIAN_POINT ( 'NONE',  ( 0.000000000000000000, 19.80000000000000071, -2.299999999999999822 ) ) ;
#5196 = VERTEX_POINT ( 'NONE', #1987 ) ;
#5197 = ORIENTED_EDGE ( 'NONE', *, *, #7556, .T. ) ;
#5198 = CIRCLE ( 'NONE', #8126, 5.250000000000000888 ) ;
#5199 = CYLINDRICAL_SURFACE ( 'NONE', #7648, 5.250000000000000888 ) ;
#5200 = CARTESIAN_POINT ( 'NONE',  ( -56.50000000000000000, -20.00000000000000000, 20.00000000000000000 ) ) ;
#5201 = CARTESIAN_POINT ( 'NONE',  ( 17.67766952966359995, -13.60000000000000142, -17.67766952966378469 ) ) ;
#5202 = DIRECTION ( 'NONE',  ( -1.000000000000000000, 0.000000000000000000, 0.000000000000000000 ) ) ;
#5203 = CARTESIAN_POINT ( 'NONE',  ( 85.00000000000000000, -43.00000000000000000, -20.00000000000000000 ) ) ;
#5204 = ORIENTED_EDGE ( 'NONE', *, *, #3919, .F. ) ;
#5205 = SHAPE_REPRESENTATION ( 'jawWOsmallPart.step', ( #5949 ), #8461 ) ;
#5206 = ADVANCED_FACE ( 'NONE', ( #3298, #673 ), #3339, .T. ) ;
#5207 = VERTEX_POINT ( 'NONE', #3859 ) ;
#5208 = CC_DESIGN_PERSON_AND_ORGANIZATION_ASSIGNMENT ( #5843, #7943, ( #6658 ) ) ;
#5209 = FACE_BOUND ( 'NONE', #6260, .T. ) ;
#5210 = DIRECTION ( 'NONE',  ( 1.000000000000000000, 3.523776308234690235E-16, 0.000000000000000000 ) ) ;
#5211 = DIRECTION ( 'NONE',  ( 0.000000000000000000, 1.000000000000000000, 0.000000000000000000 ) ) ;
#5212 = DIRECTION ( 'NONE',  ( 0.000000000000000000, 1.000000000000000000, 0.000000000000000000 ) ) ;
#5213 = CYLINDRICAL_SURFACE ( 'NONE', #5998, 16.50000000000000000 ) ;
#5214 = AXIS2_PLACEMENT_3D ( 'NONE', #2183, #6029, #7383 ) ;
#5215 = EDGE_LOOP ( 'NONE', ( #3723, #5929, #2111, #8204 ) ) ;
#5216 = ORIENTED_EDGE ( 'NONE', *, *, #1567, .F. ) ;
#5217 = EDGE_CURVE ( 'NONE', #849, #7417, #8486, .T. ) ;
#5218 = CIRCLE ( 'NONE', #893, 0.2999999999998750333 ) ;
#5219 = DIRECTION ( 'NONE',  ( 0.000000000000000000, 0.000000000000000000, 1.000000000000000000 ) ) ;
#5220 = EDGE_LOOP ( 'NONE', ( #6232, #486, #4700, #4586 ) ) ;
#5221 = CARTESIAN_POINT ( 'NONE',  ( -31.00000000000000000, -23.00000000000000000, 12.00000000000000000 ) ) ;
#5222 = DIRECTION ( 'NONE',  ( 0.000000000000000000, 1.000000000000000000, 0.000000000000000000 ) ) ;
#5223 = EDGE_LOOP ( 'NONE', ( #8560, #5174 ) ) ;
#5224 = DIRECTION ( 'NONE',  ( 1.000000000000000000, 0.000000000000000000, 0.000000000000000000 ) ) ;
#5225 = DIRECTION ( 'NONE',  ( 0.000000000000000000, 0.000000000000000000, -1.000000000000000000 ) ) ;
#5226 = AXIS2_PLACEMENT_3D ( 'NONE', #6384, #2850, #6864 ) ;
#5227 = COORDINATED_UNIVERSAL_TIME_OFFSET ( 6, 0, .BEHIND. ) ;
#5228 = VECTOR ( 'NONE', #2375, 1000.000000000000000 ) ;
#5229 = VECTOR ( 'NONE', #5211, 1000.000000000000000 ) ;
#5230 = VERTEX_POINT ( 'NONE', #1331 ) ;
#5231 = ORIENTED_EDGE ( 'NONE', *, *, #5317, .T. ) ;
#5232 = ORIENTED_EDGE ( 'NONE', *, *, #4555, .F. ) ;
#5233 = FACE_OUTER_BOUND ( 'NONE', #989, .T. ) ;
#5234 = AXIS2_PLACEMENT_3D ( 'NONE', #3331, #788, #7386 ) ;
#5235 = ORIENTED_EDGE ( 'NONE', *, *, #2416, .F. ) ;
#5236 = DIRECTION ( 'NONE',  ( 1.000000000000000000, 0.000000000000000000, 0.000000000000000000 ) ) ;
#5237 = LINE ( 'NONE', #7819, #2271 ) ;
#5238 = DIRECTION ( 'NONE',  ( -0.7071067811865475727, 0.000000000000000000, 0.7071067811865475727 ) ) ;
#5239 = LINE ( 'NONE', #3242, #5154 ) ;
#5240 = EDGE_CURVE ( 'NONE', #2922, #5242, #4645, .T. ) ;
#5241 = ORIENTED_EDGE ( 'NONE', *, *, #6769, .T. ) ;
#5242 = VERTEX_POINT ( 'NONE', #4516 ) ;
#5243 = EDGE_CURVE ( 'NONE', #194, #7528, #3341, .T. ) ;
#5244 = FACE_BOUND ( 'NONE', #4716, .T. ) ;
#5245 = CARTESIAN_POINT ( 'NONE',  ( 0.000000000000000000, 0.000000000000000000, 0.000000000000000000 ) ) ;
#5246 = CARTESIAN_POINT ( 'NONE',  ( -0.5414999999999999813, 22.99999999952719776, -10.54150000000000098 ) ) ;
#5247 = CARTESIAN_POINT ( 'NONE',  ( -46.00000000000000000, -19.80000000000000071, 2.299999999999999822 ) ) ;
#5248 = CARTESIAN_POINT ( 'NONE',  ( 2.632759230788478889E-14, 0.000000000000000000, 45.00000000000000000 ) ) ;
#5249 = ORIENTED_EDGE ( 'NONE', *, *, #7443, .F. ) ;
#5250 = VECTOR ( 'NONE', #3014, 1000.000000000000000 ) ;
#5251 = ADVANCED_FACE ( 'NONE', ( #5209, #5870 ), #547, .F. ) ;
#5252 = ORIENTED_EDGE ( 'NONE', *, *, #3862, .F. ) ;
#5253 = DIRECTION ( 'NONE',  ( 0.000000000000000000, 0.000000000000000000, -1.000000000000000000 ) ) ;
#5254 = FACE_OUTER_BOUND ( 'NONE', #451, .T. ) ;
#5255 = DIRECTION ( 'NONE',  ( 0.000000000000000000, 0.000000000000000000, -1.000000000000000000 ) ) ;
#5256 = DIRECTION ( 'NONE',  ( 0.000000000000000000, 0.000000000000000000, -1.000000000000000000 ) ) ;
#5257 = LINE ( 'NONE', #6440, #2234 ) ;
#5258 = APPROVAL_PERSON_ORGANIZATION ( #6763, #7136, #6883 ) ;
#5259 = EDGE_CURVE ( 'NONE', #3653, #6354, #2087, .T. ) ;
#5260 = VECTOR ( 'NONE', #1734, 1000.000000000000000 ) ;
#5261 = ORIENTED_EDGE ( 'NONE', *, *, #122, .T. ) ;
#5262 = ORIENTED_EDGE ( 'NONE', *, *, #3643, .F. ) ;
#5263 = ORGANIZATION ( 'NAUO-ORG3', 'UNSPECIFIED', 'UNSPECIFIED' ) ;
#5264 = DIRECTION ( 'NONE',  ( 1.000000000000000000, 0.000000000000000000, 0.000000000000000000 ) ) ;
#5265 = CARTESIAN_POINT ( 'NONE',  ( -67.00000000000000000, -30.00000000000000000, -20.00000000000000000 ) ) ;
#5266 = VECTOR ( 'NONE', #5120, 1000.000000000000000 ) ;
#5267 = VERTEX_POINT ( 'NONE', #8529 ) ;
#5268 = DIRECTION ( 'NONE',  ( -1.000000000000000000, 0.000000000000000000, 0.000000000000000000 ) ) ;
#5269 = AXIS2_PLACEMENT_3D ( 'NONE', #5338, #797, #2766 ) ;
#5270 = DIRECTION ( 'NONE',  ( 0.000000000000000000, 1.000000000000000000, 0.000000000000000000 ) ) ;
#5271 = EDGE_CURVE ( 'NONE', #4957, #2870, #2644, .T. ) ;
#5272 = CALENDAR_DATE ( 2026, 24, 3 ) ;
#5273 = VECTOR ( 'NONE', #2191, 1000.000000000000000 ) ;
#5274 = ORIENTED_EDGE ( 'NONE', *, *, #1793, .T. ) ;
#5275 = CONICAL_SURFACE ( 'NONE', #958, 3.000000000000002665, 0.7853981633974476129 ) ;
#5276 = VECTOR ( 'NONE', #706, 1000.000000000000000 ) ;
#5277 = VERTEX_POINT ( 'NONE', #1158 ) ;
#5278 = CARTESIAN_POINT ( 'NONE',  ( -72.59999999999999432, 53.00000000000000000, 8.900000000000000355 ) ) ;
#5279 = CIRCLE ( 'NONE', #952, 5.000000000000000888 ) ;
#5280 = EDGE_LOOP ( 'NONE', ( #1101, #1168, #5620, #1824 ) ) ;
#5281 = VECTOR ( 'NONE', #656, 1000.000000000000000 ) ;
#5282 = FACE_OUTER_BOUND ( 'NONE', #1907, .T. ) ;
#5283 = LINE ( 'NONE', #7332, #3470 ) ;
#5284 = AXIS2_PLACEMENT_3D ( 'NONE', #5031, #3080, #3605 ) ;
#5285 = VECTOR ( 'NONE', #469, 1000.000000000000000 ) ;
#5286 = ORIENTED_EDGE ( 'NONE', *, *, #3233, .T. ) ;
#5287 = ORIENTED_EDGE ( 'NONE', *, *, #6837, .F. ) ;
#5288 = CIRCLE ( 'NONE', #268, 17.00000000000000000 ) ;
#5289 = CARTESIAN_POINT ( 'NONE',  ( -77.00000000000000000, -53.00000000000000000, -13.00000000000000178 ) ) ;
#5290 = CARTESIAN_POINT ( 'NONE',  ( 27.75418406211094791, -36.20000000000000284, -20.00000000000000000 ) ) ;
#5291 = DIRECTION ( 'NONE',  ( 1.000000000000000000, 0.000000000000000000, 0.000000000000000000 ) ) ;
#5292 = CARTESIAN_POINT ( 'NONE',  ( -17.67766952966359995, -6.600000000000001421, -17.67766952966377403 ) ) ;
#5293 = CARTESIAN_POINT ( 'NONE',  ( 31.00000000000000000, -53.00000000000000000, -16.25000000000000000 ) ) ;
#5294 = EDGE_CURVE ( 'NONE', #5898, #1827, #7656, .T. ) ;
#5295 = VECTOR ( 'NONE', #4813, 1000.000000000000000 ) ;
#5296 = ORIENTED_EDGE ( 'NONE', *, *, #8510, .T. ) ;
#5297 = VERTEX_POINT ( 'NONE', #5336 ) ;
#5298 = DIRECTION ( 'NONE',  ( 0.000000000000000000, 0.000000000000000000, 1.000000000000000000 ) ) ;
#5299 = FACE_OUTER_BOUND ( 'NONE', #2842, .T. ) ;
#5300 = DIRECTION ( 'NONE',  ( 1.000000000000000000, 5.766704943023925441E-10, 0.000000000000000000 ) ) ;
#5301 = EDGE_CURVE ( 'NONE', #4440, #4080, #3620, .T. ) ;
#5302 = CARTESIAN_POINT ( 'NONE',  ( -28.04842788558745070, -20.00000000000000000, -20.00000000000000000 ) ) ;
#5303 = DIRECTION ( 'NONE',  ( 0.000000000000000000, 1.000000000000000000, 0.000000000000000000 ) ) ;
#5304 = EDGE_CURVE ( 'NONE', #5155, #8384, #1108, .T. ) ;
#5305 = ORIENTED_EDGE ( 'NONE', *, *, #2530, .F. ) ;
#5306 = EDGE_LOOP ( 'NONE', ( #2999, #2930, #7063 ) ) ;
#5307 = AXIS2_PLACEMENT_3D ( 'NONE', #8266, #6386, #6342 ) ;
#5308 = LINE ( 'NONE', #6709, #3888 ) ;
#5309 = CYLINDRICAL_SURFACE ( 'NONE', #940, 3.100000000000000533 ) ;
#5310 = ORIENTED_EDGE ( 'NONE', *, *, #5593, .F. ) ;
#5311 = LINE ( 'NONE', #5179, #2511 ) ;
#5312 = LINE ( 'NONE', #3229, #3613 ) ;
#5313 = SECURITY_CLASSIFICATION_LEVEL ( 'unclassified' ) ;
#5314 = ORIENTED_EDGE ( 'NONE', *, *, #679, .F. ) ;
#5315 = ORIENTED_EDGE ( 'NONE', *, *, #2367, .F. ) ;
#5316 = ADVANCED_FACE ( 'NONE', ( #7219 ), #592, .F. ) ;
#5317 = EDGE_CURVE ( 'NONE', #8640, #4253, #7346, .T. ) ;
#5318 = CARTESIAN_POINT ( 'NONE',  ( -77.35106857177699169, 53.00000000000000000, -8.900000000000000355 ) ) ;
#5319 = ORIENTED_EDGE ( 'NONE', *, *, #3692, .T. ) ;
#5320 = DIRECTION ( 'NONE',  ( 1.000000000000000000, -2.926572255078290114E-17, 0.000000000000000000 ) ) ;
#5321 = CARTESIAN_POINT ( 'NONE',  ( 0.000000000000000000, 23.00000000000000000, -10.00000000000000000 ) ) ;
#5322 = DIRECTION ( 'NONE',  ( 0.000000000000000000, 0.000000000000000000, -1.000000000000000000 ) ) ;
#5323 = CARTESIAN_POINT ( 'NONE',  ( 0.000000000000000000, -19.50000000000000000, -20.00000000000000000 ) ) ;
#5324 = VERTEX_POINT ( 'NONE', #8331 ) ;
#5325 = EDGE_LOOP ( 'NONE', ( #2787, #3507 ) ) ;
#5326 = ADVANCED_FACE ( 'NONE', ( #1001, #6077 ), #4731, .T. ) ;
#5327 = ORIENTED_EDGE ( 'NONE', *, *, #1581, .T. ) ;
#5328 = CARTESIAN_POINT ( 'NONE',  ( -17.67766952966355376, -53.00000000000000000, 12.42766952966379357 ) ) ;
#5329 = DIRECTION ( 'NONE',  ( 0.000000000000000000, 0.000000000000000000, -1.000000000000000000 ) ) ;
#5330 = CARTESIAN_POINT ( 'NONE',  ( -46.00000000000000000, -30.00000000000000000, 1.699999999999999956 ) ) ;
#5331 = FACE_OUTER_BOUND ( 'NONE', #8614, .T. ) ;
#5332 = CARTESIAN_POINT ( 'NONE',  ( -90.00000000000000000, -31.50000000000000000, 20.00000000000000000 ) ) ;
#5333 = CIRCLE ( 'NONE', #6169, 31.50000000000000000 ) ;
#5334 = ORIENTED_EDGE ( 'NONE', *, *, #7866, .T. ) ;
#5335 = EDGE_LOOP ( 'NONE', ( #4781, #4986, #5945, #903, #7681, #7671, #2278, #1969 ) ) ;
#5336 = CARTESIAN_POINT ( 'NONE',  ( -48.00000000000000000, 19.50000000000000000, 10.54150000000000098 ) ) ;
#5337 = CARTESIAN_POINT ( 'NONE',  ( 54.00000000000000000, -55.19999999999999574, 16.50000000000000000 ) ) ;
#5338 = CARTESIAN_POINT ( 'NONE',  ( -40.00000000000000000, -23.00000000000000000, -10.00000000000000000 ) ) ;
#5339 = EDGE_CURVE ( 'NONE', #3927, #3524, #3209, .T. ) ;
#5340 = CARTESIAN_POINT ( 'NONE',  ( 71.75000000000000000, -49.79999999999999716, 13.00000000000000178 ) ) ;
#5341 = LINE ( 'NONE', #3425, #4946 ) ;
#5342 = ORIENTED_EDGE ( 'NONE', *, *, #5612, .F. ) ;
#5343 = EDGE_CURVE ( 'NONE', #2005, #5833, #3664, .T. ) ;
#5344 = VERTEX_POINT ( 'NONE', #3464 ) ;
#5345 = EDGE_CURVE ( 'NONE', #1147, #6094, #3475, .T. ) ;
#5346 = LINE ( 'NONE', #4046, #7789 ) ;
#5347 = EDGE_CURVE ( 'NONE', #7184, #1016, #2846, .T. ) ;
#5348 = DIRECTION ( 'NONE',  ( 0.000000000000000000, 1.000000000000000000, 0.000000000000000000 ) ) ;
#5349 = ORIENTED_EDGE ( 'NONE', *, *, #2117, .T. ) ;
#5350 = FACE_OUTER_BOUND ( 'NONE', #4298, .T. ) ;
#5351 = VERTEX_POINT ( 'NONE', #6735 ) ;
#5352 = VECTOR ( 'NONE', #1725, 1000.000000000000000 ) ;
#5353 = EDGE_CURVE ( 'NONE', #1509, #3672, #8170, .T. ) ;
#5354 = ORIENTED_EDGE ( 'NONE', *, *, #2259, .T. ) ;
#5355 = CARTESIAN_POINT ( 'NONE',  ( -12.50000000000000000, -23.00000000000000000, 13.00000000000000000 ) ) ;
#5356 = ORIENTED_EDGE ( 'NONE', *, *, #3133, .T. ) ;
#5357 = AXIS2_PLACEMENT_3D ( 'NONE', #1585, #143, #2810 ) ;
#5358 = VECTOR ( 'NONE', #2861, 999.9999999999998863 ) ;
#5359 = DIRECTION ( 'NONE',  ( 0.000000000000000000, 0.000000000000000000, -1.000000000000000000 ) ) ;
#5360 = FACE_OUTER_BOUND ( 'NONE', #3067, .T. ) ;
#5361 = FACE_BOUND ( 'NONE', #5819, .T. ) ;
#5362 = EDGE_CURVE ( 'NONE', #2870, #408, #2070, .T. ) ;
#5363 = DIRECTION ( 'NONE',  ( 0.000000000000000000, 0.000000000000000000, 1.000000000000000000 ) ) ;
#5364 = VECTOR ( 'NONE', #7735, 1000.000000000000000 ) ;
#5365 = VERTEX_POINT ( 'NONE', #7392 ) ;
#5366 = AXIS2_PLACEMENT_3D ( 'NONE', #4677, #2634, #7959 ) ;
#5367 = VERTEX_POINT ( 'NONE', #7431 ) ;
#5368 = LINE ( 'NONE', #4062, #2286 ) ;
#5369 = DIRECTION ( 'NONE',  ( 1.000000000000000000, 0.000000000000000000, 0.000000000000000000 ) ) ;
#5370 = DIRECTION ( 'NONE',  ( 0.000000000000000000, -0.7071067811865470176, 0.7071067811865480168 ) ) ;
#5371 = DIRECTION ( 'NONE',  ( 1.000000000000000000, 0.000000000000000000, 0.000000000000000000 ) ) ;
#5372 = CIRCLE ( 'NONE', #1613, 3.009999999999998899 ) ;
#5373 = PRODUCT_DEFINITION_SHAPE ( 'NONE', 'NONE',  #8645 ) ;
#5374 = ORIENTED_EDGE ( 'NONE', *, *, #1243, .T. ) ;
#5375 = CARTESIAN_POINT ( 'NONE',  ( -43.00000000000000000, -23.00000000000000000, -20.00000000000000000 ) ) ;
#5376 = ADVANCED_FACE ( 'NONE', ( #841, #4114 ), #2722, .F. ) ;
#5377 = ORIENTED_EDGE ( 'NONE', *, *, #3558, .F. ) ;
#5378 = ORIENTED_EDGE ( 'NONE', *, *, #2668, .F. ) ;
#5379 = CARTESIAN_POINT ( 'NONE',  ( -78.64644660940700760, 53.00000000000000000, -8.900000000000000355 ) ) ;
#5380 = CARTESIAN_POINT ( 'NONE',  ( -43.00999999999999801, -23.00000000000000000, 10.00000000000000000 ) ) ;
#5381 = CARTESIAN_POINT ( 'NONE',  ( -37.54149999999999920, -23.00000000000000000, 19.45850000000000080 ) ) ;
#5382 = DIRECTION ( 'NONE',  ( 0.000000000000000000, 1.000000000000000000, 0.000000000000000000 ) ) ;
#5383 = CARTESIAN_POINT ( 'NONE',  ( -82.25000000000000000, -43.00000000000000000, -13.00000000000000178 ) ) ;
#5384 = AXIS2_PLACEMENT_3D ( 'NONE', #4722, #746, #7555 ) ;
#5385 = ORIENTED_EDGE ( 'NONE', *, *, #2771, .T. ) ;
#5386 = ORIENTED_EDGE ( 'NONE', *, *, #7487, .F. ) ;
#5387 = FACE_OUTER_BOUND ( 'NONE', #6180, .T. ) ;
#5388 = DIRECTION ( 'NONE',  ( 0.000000000000000000, 0.000000000000000000, -1.000000000000000000 ) ) ;
#5389 = PLANE ( 'NONE',  #3323 ) ;
#5390 = DIRECTION ( 'NONE',  ( 0.000000000000000000, 1.000000000000000000, 0.000000000000000000 ) ) ;
#5391 = ORIENTED_EDGE ( 'NONE', *, *, #3085, .T. ) ;
#5392 = CARTESIAN_POINT ( 'NONE',  ( -48.00000000000000000, 30.00000000000000000, 15.45850000000000080 ) ) ;
#5393 = EDGE_CURVE ( 'NONE', #743, #8378, #341, .T. ) ;
#5394 = VERTEX_POINT ( 'NONE', #6322 ) ;
#5395 = AXIS2_PLACEMENT_3D ( 'NONE', #5562, #6746, #765 ) ;
#5396 = ORIENTED_EDGE ( 'NONE', *, *, #6645, .T. ) ;
#5397 = DIRECTION ( 'NONE',  ( 0.000000000000000000, 0.000000000000000000, 1.000000000000000000 ) ) ;
#5398 = ORIENTED_EDGE ( 'NONE', *, *, #6920, .T. ) ;
#5399 = ADVANCED_FACE ( 'NONE', ( #751 ), #387, .T. ) ;
#5401 = DIRECTION ( 'NONE',  ( -0.000000000000000000, 1.000000000000000000, 0.000000000000000000 ) ) ;
#5400 = AXIS2_PLACEMENT_3D ( 'NONE', #1877, #5849, #2537 ) ;
#5402 = DATE_TIME_ROLE ( 'classification_date' ) ;
#5403 = EDGE_CURVE ( 'NONE', #7417, #5833, #2066, .T. ) ;
#5404 = LINE ( 'NONE', #2674, #3197 ) ;
#5405 = VECTOR ( 'NONE', #3205, 1000.000000000000000 ) ;
#5406 = VECTOR ( 'NONE', #6195, 1000.000000000000000 ) ;
#5407 = DIRECTION ( 'NONE',  ( -1.000000000000000000, -1.152640183373294164E-15, 0.000000000000000000 ) ) ;
#5408 = ORIENTED_EDGE ( 'NONE', *, *, #1724, .T. ) ;
#5409 = ORIENTED_EDGE ( 'NONE', *, *, #6379, .T. ) ;
#5410 = CIRCLE ( 'NONE', #1657, 3.100000000000000533 ) ;
#5411 = ADVANCED_FACE ( 'NONE', ( #4032 ), #6699, .T. ) ;
#5412 = DIRECTION ( 'NONE',  ( 1.000000000000000000, 0.000000000000000000, 0.000000000000000000 ) ) ;
#5413 = CARTESIAN_POINT ( 'NONE',  ( -48.00000000000000000, 30.00000000000000000, -13.00000000000000000 ) ) ;
#5414 = PLANE ( 'NONE',  #1212 ) ;
#5415 = CYLINDRICAL_SURFACE ( 'NONE', #1051, 5.250000000000004441 ) ;
#5416 = ORIENTED_EDGE ( 'NONE', *, *, #6311, .T. ) ;
#5417 = CARTESIAN_POINT ( 'NONE',  ( -12.50000000000000000, 23.00000000000000000, -13.00000000000000000 ) ) ;
#5418 = CIRCLE ( 'NONE', #5699, 2.458500000000002572 ) ;
#5419 = AXIS2_PLACEMENT_3D ( 'NONE', #2352, #4444, #5842 ) ;
#5420 = EDGE_LOOP ( 'NONE', ( #134, #2904, #6138, #4421, #5962, #1572, #5, #3017 ) ) ;
#5421 = ORIENTED_EDGE ( 'NONE', *, *, #2800, .T. ) ;
#5422 = FACE_BOUND ( 'NONE', #3918, .T. ) ;
#5423 = EDGE_CURVE ( 'NONE', #5706, #6407, #6036, .T. ) ;
#5424 = DIRECTION ( 'NONE',  ( 0.000000000000000000, 0.000000000000000000, -1.000000000000000000 ) ) ;
#5425 = AXIS2_PLACEMENT_3D ( 'NONE', #6477, #7878, #5952 ) ;
#5426 = CARTESIAN_POINT ( 'NONE',  ( 0.000000000000000000, -23.00000000000000000, 13.00000000000000000 ) ) ;
#5427 = LINE ( 'NONE', #8222, #3286 ) ;
#5428 = CARTESIAN_POINT ( 'NONE',  ( -95.00000000000000000, -53.00000000000000000, 20.00000000000000000 ) ) ;
#5429 = CONICAL_SURFACE ( 'NONE', #6555, 2.458500000000000796, 1.047197551196379806 ) ;
#5430 = ORIENTED_EDGE ( 'NONE', *, *, #237, .F. ) ;
#5431 = ORIENTED_EDGE ( 'NONE', *, *, #5506, .T. ) ;
#5432 = DIRECTION ( 'NONE',  ( -2.368475785867000094E-14, 0.000000000000000000, 1.000000000000000000 ) ) ;
#5433 = CARTESIAN_POINT ( 'NONE',  ( -54.00000000000000000, 20.00000000000000000, -19.80000000000000071 ) ) ;
#5434 = ADVANCED_FACE ( 'NONE', ( #3420, #2764, #5422, #8092, #1456, #8513, #5890 ), #7157, .F. ) ;
#5435 = FACE_BOUND ( 'NONE', #5442, .T. ) ;
#5436 = ORIENTED_EDGE ( 'NONE', *, *, #889, .F. ) ;
#5437 = DIRECTION ( 'NONE',  ( 0.000000000000000000, 1.000000000000000000, 0.000000000000000000 ) ) ;
#5438 = ORIENTED_EDGE ( 'NONE', *, *, #6636, .T. ) ;
#5439 = CYLINDRICAL_SURFACE ( 'NONE', #7761, 3.009999999999998899 ) ;
#5440 = VERTEX_POINT ( 'NONE', #2493 ) ;
#5441 = LINE ( 'NONE', #7450, #6551 ) ;
#5442 = EDGE_LOOP ( 'NONE', ( #6995, #3569 ) ) ;
#5443 = LINE ( 'NONE', #4267, #4506 ) ;
#5444 = DATE_AND_TIME ( #6149, #7206 ) ;
#5445 = CARTESIAN_POINT ( 'NONE',  ( -46.00000000000000000, -30.00000000000000000, -1.699999999999999956 ) ) ;
#5446 = ORIENTED_EDGE ( 'NONE', *, *, #5027, .F. ) ;
#5447 = ORIENTED_EDGE ( 'NONE', *, *, #3231, .F. ) ;
#5448 = ADVANCED_FACE ( 'NONE', ( #5716 ), #1224, .T. ) ;
#5449 = ORIENTED_EDGE ( 'NONE', *, *, #6156, .F. ) ;
#5450 = EDGE_CURVE ( 'NONE', #3436, #6445, #6803, .T. ) ;
#5451 = ADVANCED_FACE ( 'NONE', ( #6550 ), #5147, .T. ) ;
#5452 = LINE ( 'NONE', #2713, #6186 ) ;
#5453 = DIRECTION ( 'NONE',  ( 0.000000000000000000, -0.7608695652141669319, -0.6489048502907066585 ) ) ;
#5454 = CARTESIAN_POINT ( 'NONE',  ( -37.00000000000000000, -23.00000000000000000, 20.00000000000000000 ) ) ;
#5455 = DIRECTION ( 'NONE',  ( 0.000000000000000000, 0.000000000000000000, -1.000000000000000000 ) ) ;
#5456 = ORIENTED_EDGE ( 'NONE', *, *, #7696, .F. ) ;
#5457 = DIRECTION ( 'NONE',  ( 0.000000000000000000, 0.000000000000000000, -1.000000000000000000 ) ) ;
#5458 = ORIENTED_EDGE ( 'NONE', *, *, #1533, .T. ) ;
#5459 = ORIENTED_EDGE ( 'NONE', *, *, #8583, .F. ) ;
#5460 = DIRECTION ( 'NONE',  ( 0.000000000000000000, 0.000000000000000000, 1.000000000000000000 ) ) ;
#5461 = CARTESIAN_POINT ( 'NONE',  ( 12.96924291490705805, -19.50000000000000000, 20.00000000000000000 ) ) ;
#5462 = CARTESIAN_POINT ( 'NONE',  ( 27.75418406211094791, -36.20000000000000284, -17.12640023475005080 ) ) ;
#5463 = CARTESIAN_POINT ( 'NONE',  ( -67.00000000000000000, -12.99999999999934097, -16.85000000000000142 ) ) ;
#5464 = CARTESIAN_POINT ( 'NONE',  ( -67.00000000000000000, -11.25000000000069988, 18.34248115566069970 ) ) ;
#5465 = DIRECTION ( 'NONE',  ( 1.004472587355050015E-07, 0.7071067811865419106, -0.7071067811865460184 ) ) ;
#5466 = AXIS2_PLACEMENT_3D ( 'NONE', #4752, #2706, #5359 ) ;
#5467 = EDGE_CURVE ( 'NONE', #1181, #6734, #5052, .T. ) ;
#5468 = APPROVAL ( #1174, 'UNKNOWN' ) ;
#5469 = VERTEX_POINT ( 'NONE', #1180 ) ;
#5470 = ORIENTED_EDGE ( 'NONE', *, *, #6731, .F. ) ;
#5471 = DIRECTION ( 'NONE',  ( 0.000000000000000000, -1.000000000000000000, 0.000000000000000000 ) ) ;
#5472 = DIRECTION ( 'NONE',  ( -0.000000000000000000, 1.000000000000000000, 0.000000000000000000 ) ) ;
#5473 = CARTESIAN_POINT ( 'NONE',  ( -36.25000000000000000, -49.79999999999999716, 13.00000000000000178 ) ) ;
#5474 = ORIENTED_EDGE ( 'NONE', *, *, #3408, .T. ) ;
#5475 = CARTESIAN_POINT ( 'NONE',  ( -0.5656854249492400122, 0.000000000000000000, 0.000000000000000000 ) ) ;
#5476 = EDGE_LOOP ( 'NONE', ( #7466, #6066, #2240, #5232, #4793, #4327 ) ) ;
#5477 = ADVANCED_FACE ( 'NONE', ( #4497 ), #3841, .F. ) ;
#5478 = FACE_OUTER_BOUND ( 'NONE', #293, .T. ) ;
#5479 = EDGE_LOOP ( 'NONE', ( #7391, #8472, #866, #5899 ) ) ;
#5480 = DIRECTION ( 'NONE',  ( -0.7071067811865531239, 0.000000000000000000, 0.7071067811865420216 ) ) ;
#5481 = ORIENTED_EDGE ( 'NONE', *, *, #2736, .F. ) ;
#5482 = FACE_OUTER_BOUND ( 'NONE', #3849, .T. ) ;
#5483 = CALENDAR_DATE ( 2026, 24, 3 ) ;
#5484 = CIRCLE ( 'NONE', #190, 2.066999999999999282 ) ;
#5485 = DIRECTION ( 'NONE',  ( -1.000000000000000000, 0.000000000000000000, 0.000000000000000000 ) ) ;
#5486 = ORIENTED_EDGE ( 'NONE', *, *, #3647, .T. ) ;
#5487 = ORIENTED_EDGE ( 'NONE', *, *, #7611, .F. ) ;
#5488 = EDGE_LOOP ( 'NONE', ( #2310, #6508, #2419, #3923 ) ) ;
#5489 = CONICAL_SURFACE ( 'NONE', #6884, 2.700000000000001066, 0.7853981633974560506 ) ;
#5490 = CIRCLE ( 'NONE', #5639, 5.249999999999997335 ) ;
#5491 = DIRECTION ( 'NONE',  ( 1.000000000000000000, 0.000000000000000000, 0.000000000000000000 ) ) ;
#5492 = CARTESIAN_POINT ( 'NONE',  ( -33.05326925773254487, -42.89246191316857448, 8.162256509357449730 ) ) ;
#5493 = CARTESIAN_POINT ( 'NONE',  ( -53.79999999999999716, 20.00000000000000000, 20.00000000000000000 ) ) ;
#5494 = DIRECTION ( 'NONE',  ( 0.5000000000001887379, -1.060575238724771453E-16, -0.8660254037843296837 ) ) ;
#5495 = EDGE_CURVE ( 'NONE', #4660, #2703, #5758, .T. ) ;
#5496 = CARTESIAN_POINT ( 'NONE',  ( 0.000000000000000000, 14.55000000000000071, -20.00000000000000000 ) ) ;
#5497 = AXIS2_PLACEMENT_3D ( 'NONE', #2034, #4038, #6703 ) ;
#5498 = AXIS2_PLACEMENT_3D ( 'NONE', #1628, #4290, #2680 ) ;
#5499 = EDGE_CURVE ( 'NONE', #6463, #7527, #6501, .T. ) ;
#5500 = VERTEX_POINT ( 'NONE', #5012 ) ;
#5501 = ORIENTED_EDGE ( 'NONE', *, *, #6000, .F. ) ;
#5502 = DIRECTION ( 'NONE',  ( 0.000000000000000000, 0.7608695652172483559, 0.6489048502870938817 ) ) ;
#5503 = CARTESIAN_POINT ( 'NONE',  ( 31.00000000000000000, -33.00000000000000000, -13.00000000000000178 ) ) ;
#5504 = DIRECTION ( 'NONE',  ( 1.184237892933500047E-14, 0.000000000000000000, 1.000000000000000000 ) ) ;
#5505 = FACE_OUTER_BOUND ( 'NONE', #4597, .T. ) ;
#5506 = EDGE_CURVE ( 'NONE', #5230, #5723, #532, .T. ) ;
#5507 = FACE_OUTER_BOUND ( 'NONE', #1078, .T. ) ;
#5508 = EDGE_CURVE ( 'NONE', #523, #3626, #7082, .T. ) ;
#5509 = LINE ( 'NONE', #7318, #4997 ) ;
#5510 = ADVANCED_FACE ( 'NONE', ( #385 ), #3056, .F. ) ;
#5511 = EDGE_LOOP ( 'NONE', ( #5456, #58, #1189, #3548 ) ) ;
#5512 = ORIENTED_EDGE ( 'NONE', *, *, #2147, .F. ) ;
#5513 = DIRECTION ( 'NONE',  ( 0.000000000000000000, -1.000000000000000000, 0.000000000000000000 ) ) ;
#5514 = DIRECTION ( 'NONE',  ( -1.000000000000000000, 0.000000000000000000, 0.000000000000000000 ) ) ;
#5515 = CARTESIAN_POINT ( 'NONE',  ( -46.00000000000000000, -30.00000000000000000, -7.250000000000000000 ) ) ;
#5516 = DIRECTION ( 'NONE',  ( 0.000000000000000000, 0.000000000000000000, 1.000000000000000000 ) ) ;
#5517 = ADVANCED_FACE ( 'NONE', ( #1092 ), #3752, .F. ) ;
#5518 = ORIENTED_EDGE ( 'NONE', *, *, #3170, .F. ) ;
#5519 = CARTESIAN_POINT ( 'NONE',  ( 17.67766952966359995, -13.60000000000000142, 17.67766952966379534 ) ) ;
#5520 = CONICAL_SURFACE ( 'NONE', #7755, 2.458500000000000796, 1.047197551196377141 ) ;
#5521 = ORIENTED_EDGE ( 'NONE', *, *, #119, .F. ) ;
#5522 = CC_DESIGN_SECURITY_CLASSIFICATION ( #7058, ( #2185 ) ) ;
#5523 = DIRECTION ( 'NONE',  ( -1.000000000000000000, 0.000000000000000000, 0.000000000000000000 ) ) ;
#5524 = VERTEX_POINT ( 'NONE', #8421 ) ;
#5525 = DIRECTION ( 'NONE',  ( -1.000000000000000000, -3.523776308234690235E-16, 0.000000000000000000 ) ) ;
#5527 = ORIENTED_EDGE ( 'NONE', *, *, #8176, .F. ) ;
#5526 = EDGE_CURVE ( 'NONE', #5706, #2502, #2447, .T. ) ;
#5528 = DIRECTION ( 'NONE',  ( 1.000000000000000000, 0.000000000000000000, 0.000000000000000000 ) ) ;
#5529 = LOCAL_TIME ( 0, 52, 31.00000000000000000, #2532 ) ;
#5530 = CARTESIAN_POINT ( 'NONE',  ( -37.00000000000000000, 23.00000000057709926, -20.00000000000000000 ) ) ;
#5531 = VERTEX_POINT ( 'NONE', #1789 ) ;
#5532 = AXIS2_PLACEMENT_3D ( 'NONE', #5615, #6183, #6277 ) ;
#5533 = EDGE_LOOP ( 'NONE', ( #3938, #6153, #4113, #7552 ) ) ;
#5534 = ORIENTED_EDGE ( 'NONE', *, *, #1512, .F. ) ;
#5535 = ORIENTED_EDGE ( 'NONE', *, *, #4866, .T. ) ;
#5536 = CARTESIAN_POINT ( 'NONE',  ( -85.00000000000000000, -25.00000000000000000, -20.00000000000000000 ) ) ;
#5537 = LINE ( 'NONE', #1779, #3191 ) ;
#5538 = CARTESIAN_POINT ( 'NONE',  ( -46.00000000000000000, -24.19999999999999929, -2.299999999999999822 ) ) ;
#5539 = AXIS2_PLACEMENT_3D ( 'NONE', #1251, #7925, #1332 ) ;
#5540 = CARTESIAN_POINT ( 'NONE',  ( 2.081668171172170091E-14, -6.600000000000001421, 0.000000000000000000 ) ) ;
#5541 = AXIS2_PLACEMENT_3D ( 'NONE', #4369, #1105, #3767 ) ;
#5542 = DIRECTION ( 'NONE',  ( 0.000000000000000000, 1.000000000000000000, 0.000000000000000000 ) ) ;
#5543 = VECTOR ( 'NONE', #3496, 1000.000000000000000 ) ;
#5544 = VERTEX_POINT ( 'NONE', #7117 ) ;
#5545 = VECTOR ( 'NONE', #536, 1000.000000000000000 ) ;
#5546 = VERTEX_POINT ( 'NONE', #3798 ) ;
#5547 = FACE_OUTER_BOUND ( 'NONE', #3734, .T. ) ;
#5548 = DIRECTION ( 'NONE',  ( 1.000000000000000000, 0.000000000000000000, 0.000000000000000000 ) ) ;
#5549 = DIRECTION ( 'NONE',  ( 1.000000000000000000, 0.000000000000000000, 0.000000000000000000 ) ) ;
#5550 = AXIS2_PLACEMENT_3D ( 'NONE', #3043, #2390, #2344 ) ;
#5551 = LINE ( 'NONE', #4902, #1333 ) ;
#5552 = VECTOR ( 'NONE', #3745, 1000.000000000000000 ) ;
#5553 = ADVANCED_FACE ( 'NONE', ( #6457, #477 ), #3144, .T. ) ;
#5554 = CARTESIAN_POINT ( 'NONE',  ( 85.00000000000000000, -25.00000000000000000, 20.00000000000000000 ) ) ;
#5555 = CARTESIAN_POINT ( 'NONE',  ( -37.23954713860204890, 24.19999999999999929, -2.299999999999999822 ) ) ;
#5556 = ORIENTED_EDGE ( 'NONE', *, *, #1415, .F. ) ;
#5557 = EDGE_LOOP ( 'NONE', ( #1220, #2455, #3850, #3474 ) ) ;
#5558 = CIRCLE ( 'NONE', #8493, 5.000000000000000888 ) ;
#5559 = VECTOR ( 'NONE', #6605, 1000.000000000000000 ) ;
#5560 = EDGE_CURVE ( 'NONE', #3588, #1680, #1396, .T. ) ;
#5561 = DIRECTION ( 'NONE',  ( 1.000000000000000000, 0.000000000000000000, -6.558862397237609094E-17 ) ) ;
#5562 = CARTESIAN_POINT ( 'NONE',  ( 0.000000000000000000, -11.25000000000000000, -19.69999999999999929 ) ) ;
#5563 = CIRCLE ( 'NONE', #8352, 5.250000000000000888 ) ;
#5564 = CARTESIAN_POINT ( 'NONE',  ( 36.25000000000000000, -49.79999999999999716, -13.00000000000000178 ) ) ;
#5565 = EDGE_CURVE ( 'NONE', #2845, #6498, #6758, .T. ) ;
#5566 = CARTESIAN_POINT ( 'NONE',  ( -90.00000000000000000, -25.00000000000000000, 20.00000000000000000 ) ) ;
#5567 = EDGE_LOOP ( 'NONE', ( #7922, #6751, #6978, #7059 ) ) ;
#5568 = CARTESIAN_POINT ( 'NONE',  ( -31.25000000000050093, -23.00000000000000000, 12.25000051147890012 ) ) ;
#5569 = EDGE_CURVE ( 'NONE', #613, #7962, #7356, .T. ) ;
#5570 = AXIS2_PLACEMENT_3D ( 'NONE', #4472, #7375, #7954 ) ;
#5571 = AXIS2_PLACEMENT_3D ( 'NONE', #578, #6595, #7254 ) ;
#5572 = VECTOR ( 'NONE', #2650, 1000.000000000000000 ) ;
#5573 = ORIENTED_EDGE ( 'NONE', *, *, #5217, .F. ) ;
#5574 = DIRECTION ( 'NONE',  ( -1.000000000000000000, 0.000000000000000000, 0.000000000000000000 ) ) ;
#5575 = ORIENTED_EDGE ( 'NONE', *, *, #6695, .F. ) ;
#5576 = DIRECTION ( 'NONE',  ( 0.000000000000000000, 0.000000000000000000, 1.000000000000000000 ) ) ;
#5577 = ORIENTED_EDGE ( 'NONE', *, *, #7620, .T. ) ;
#5578 = CARTESIAN_POINT ( 'NONE',  ( 2.081668171172170091E-14, -19.50000000000000000, -25.00000000000000000 ) ) ;
#5579 =( NAMED_UNIT ( * ) SI_UNIT ( $, .STERADIAN. ) SOLID_ANGLE_UNIT ( ) );
#5580 = FACE_BOUND ( 'NONE', #310, .T. ) ;
#5581 = ORIENTED_EDGE ( 'NONE', *, *, #6645, .F. ) ;
#5582 = EDGE_CURVE ( 'NONE', #1527, #5029, #4153, .T. ) ;
#5583 = CC_DESIGN_PERSON_AND_ORGANIZATION_ASSIGNMENT ( #73, #4753, ( #2185 ) ) ;
#5584 = B_SPLINE_CURVE_WITH_KNOTS ( 'NONE', 3,
 ( #4441, #6238, #4843, #1079, #5492, #7106, #5588, #872, #7508, #4928, #4275, #8163, #1575, #6893, #170, #7053 ),
 .UNSPECIFIED., .F., .F.,
 ( 4, 2, 2, 2, 2, 2, 2, 4 ),
 ( 1.636534854170084423E-17, 0.0007331570312492348765, 0.001466314062498453273, 0.002199471093747672103, 0.002932628124996890500, 0.003665785156246108463, 0.004398942187495327727, 0.005865256249993772326 ),
 .UNSPECIFIED. ) ;
#5585 = EDGE_LOOP ( 'NONE', ( #2044, #1317, #5386, #7418 ) ) ;
#5586 = AXIS2_PLACEMENT_3D ( 'NONE', #279, #1631, #6956 ) ;
#5587 = DIRECTION ( 'NONE',  ( 0.9999999999999901190, 1.416129997710645295E-07, 0.000000000000000000 ) ) ;
#5588 = CARTESIAN_POINT ( 'NONE',  ( -32.38217329877389261, -42.69791543215421115, 7.930170525664416381 ) ) ;
#5589 = DIRECTION ( 'NONE',  ( 0.000000000000000000, 1.000000000000000000, 0.000000000000000000 ) ) ;
#5590 = LINE ( 'NONE', #2885, #4220 ) ;
#5591 = DIRECTION ( 'NONE',  ( 0.000000000000000000, 0.000000000000000000, -1.000000000000000000 ) ) ;
#5592 = ORIENTED_EDGE ( 'NONE', *, *, #2636, .F. ) ;
#5593 = EDGE_CURVE ( 'NONE', #3368, #3450, #1351, .T. ) ;
#5594 = EDGE_LOOP ( 'NONE', ( #29, #7143, #1590, #1486 ) ) ;
#5595 = LINE ( 'NONE', #4975, #8202 ) ;
#5596 = CARTESIAN_POINT ( 'NONE',  ( -54.00000000000000000, -53.00000000000000000, 0.000000000000000000 ) ) ;
#5597 = DIRECTION ( 'NONE',  ( -1.000000000000000000, 0.000000000000000000, 0.000000000000000000 ) ) ;
#5598 = LINE ( 'NONE', #4857, #2448 ) ;
#5599 = CARTESIAN_POINT ( 'NONE',  ( -40.31128874149275276, -10.00000000000000178, 20.00000000000000000 ) ) ;
#5600 = VECTOR ( 'NONE', #6537, 1000.000000000000000 ) ;
#5601 = CARTESIAN_POINT ( 'NONE',  ( 2.664535259100374514E-15, 23.00000000000000000, -16.00000000000000000 ) ) ;
#5602 = VERTEX_POINT ( 'NONE', #6716 ) ;
#5603 = EDGE_LOOP ( 'NONE', ( #2160, #4569 ) ) ;
#5604 = CARTESIAN_POINT ( 'NONE',  ( -59.00000000000000000, -20.00000000000000000, 19.80000000000000071 ) ) ;
#5605 = CARTESIAN_POINT ( 'NONE',  ( -31.00000000000000000, -23.00000000000000000, 12.00000000000000000 ) ) ;
#5606 = LINE ( 'NONE', #3564, #3139 ) ;
#5607 = DIRECTION ( 'NONE',  ( 0.000000000000000000, 1.000000000000000000, 0.000000000000000000 ) ) ;
#5608 = LINE ( 'NONE', #8236, #2784 ) ;
#5609 = AXIS2_PLACEMENT_3D ( 'NONE', #2050, #7413, #36 ) ;
#5610 = ADVANCED_FACE ( 'NONE', ( #5233 ), #6020, .F. ) ;
#5611 = VERTEX_POINT ( 'NONE', #3399 ) ;
#5612 = EDGE_CURVE ( 'NONE', #6574, #7898, #1234, .T. ) ;
#5613 = DIRECTION ( 'NONE',  ( 1.000000000000000000, 0.000000000000000000, 0.000000000000000000 ) ) ;
#5614 = ORIENTED_EDGE ( 'NONE', *, *, #5886, .T. ) ;
#5615 = CARTESIAN_POINT ( 'NONE',  ( -33.06699989988065624, -25.00000000000000000, 14.06700015863379960 ) ) ;
#5616 = ORIENTED_EDGE ( 'NONE', *, *, #7408, .F. ) ;
#5617 = CARTESIAN_POINT ( 'NONE',  ( -90.00000000000000000, -53.00000000000000000, -20.00000000000000000 ) ) ;
#5618 = APPLICATION_PROTOCOL_DEFINITION ( 'international standard', 'config_control_design', 1994, #1277 ) ;
#5619 = CARTESIAN_POINT ( 'NONE',  ( -77.00000000000000000, -49.79999999999999716, -13.00000000000000178 ) ) ;
#5620 = ORIENTED_EDGE ( 'NONE', *, *, #2052, .T. ) ;
#5621 = ADVANCED_FACE ( 'NONE', ( #734 ), #4007, .F. ) ;
#5622 = VERTEX_POINT ( 'NONE', #3315 ) ;
#5623 = DIRECTION ( 'NONE',  ( 0.000000000000000000, 0.000000000000000000, -1.000000000000000000 ) ) ;
#5624 = CIRCLE ( 'NONE', #1327, 3.009999999999998899 ) ;
#5625 = CARTESIAN_POINT ( 'NONE',  ( -67.00000000000000000, 14.55000000000000071, -19.75000000000000000 ) ) ;
#5626 = ADVANCED_FACE ( 'NONE', ( #3929 ), #5389, .T. ) ;
#5627 = FACE_OUTER_BOUND ( 'NONE', #2027, .T. ) ;
#5628 = LINE ( 'NONE', #4279, #968 ) ;
#5629 = ORIENTED_EDGE ( 'NONE', *, *, #6636, .F. ) ;
#5630 = AXIS2_PLACEMENT_3D ( 'NONE', #456, #3122, #6702 ) ;
#5631 = EDGE_LOOP ( 'NONE', ( #4134, #6184 ) ) ;
#5632 = CARTESIAN_POINT ( 'NONE',  ( -40.00000000000000000, 23.00000000000000000, 20.00000000000000000 ) ) ;
#5633 = DIRECTION ( 'NONE',  ( 0.000000000000000000, 0.000000000000000000, -1.000000000000000000 ) ) ;
#5634 = FACE_OUTER_BOUND ( 'NONE', #7132, .T. ) ;
#5635 = DIRECTION ( 'NONE',  ( 0.000000000000000000, 0.000000000000000000, 1.000000000000000000 ) ) ;
#5636 = EDGE_CURVE ( 'NONE', #6274, #4080, #6055, .T. ) ;
#5637 = AXIS2_PLACEMENT_3D ( 'NONE', #1586, #3676, #7694 ) ;
#5638 = AXIS2_PLACEMENT_3D ( 'NONE', #5768, #2458, #3073 ) ;
#5639 = AXIS2_PLACEMENT_3D ( 'NONE', #1254, #5121, #501 ) ;
#5640 = DIRECTION ( 'NONE',  ( 0.000000000000000000, 0.000000000000000000, -1.000000000000000000 ) ) ;
#5641 = DIRECTION ( 'NONE',  ( 0.000000000000000000, 0.000000000000000000, -1.000000000000000000 ) ) ;
#5642 = ORIENTED_EDGE ( 'NONE', *, *, #32, .F. ) ;
#5643 = ORIENTED_EDGE ( 'NONE', *, *, #3398, .T. ) ;
#5644 = AXIS2_PLACEMENT_3D ( 'NONE', #7424, #2635, #3372 ) ;
#5645 = CARTESIAN_POINT ( 'NONE',  ( 0.000000000000000000, -11.44999999999999929, 19.69999999999999929 ) ) ;
#5646 = LINE ( 'NONE', #7664, #5266 ) ;
#5647 = CARTESIAN_POINT ( 'NONE',  ( -67.00000000000000000, 14.55000000000000071, 20.00000000000000000 ) ) ;
#5648 = LINE ( 'NONE', #417, #1596 ) ;
#5649 = DIRECTION ( 'NONE',  ( -1.000000000000000000, -7.455831558639569157E-17, 0.000000000000000000 ) ) ;
#5650 = ORIENTED_EDGE ( 'NONE', *, *, #6943, .T. ) ;
#5651 = CARTESIAN_POINT ( 'NONE',  ( 77.00000000000000000, -49.79999999999999716, 13.00000000000000178 ) ) ;
#5652 = FACE_OUTER_BOUND ( 'NONE', #4916, .T. ) ;
#5653 = DIRECTION ( 'NONE',  ( 1.000000000000000000, 0.000000000000000000, 0.000000000000000000 ) ) ;
#5654 = EDGE_LOOP ( 'NONE', ( #1477, #7814, #4328, #4655, #3418, #3899 ) ) ;
#5655 = CARTESIAN_POINT ( 'NONE',  ( -72.59999999999999432, 53.00000000000000000, -8.900000000000000355 ) ) ;
#5656 = ADVANCED_FACE ( 'NONE', ( #4750 ), #1273, .T. ) ;
#5657 = PERSON_AND_ORGANIZATION_ROLE ( 'classification_officer' ) ;
#5658 = DIRECTION ( 'NONE',  ( 0.000000000000000000, 0.000000000000000000, -1.000000000000000000 ) ) ;
#5659 = VECTOR ( 'NONE', #8164, 1000.000000000000000 ) ;
#5660 = EDGE_LOOP ( 'NONE', ( #556, #1719, #5979, #7577, #6488, #1178 ) ) ;
#5661 = EDGE_LOOP ( 'NONE', ( #5262, #30, #1699, #8152 ) ) ;
#5662 = EDGE_LOOP ( 'NONE', ( #4550, #2536, #7483, #6869 ) ) ;
#5663 = DIRECTION ( 'NONE',  ( 0.000000000000000000, 0.000000000000000000, -1.000000000000000000 ) ) ;
#5664 = EDGE_CURVE ( 'NONE', #4154, #4876, #6588, .T. ) ;
#5665 = ORIENTED_EDGE ( 'NONE', *, *, #1365, .F. ) ;
#5666 = DIRECTION ( 'NONE',  ( 1.000000000000000000, 0.000000000000000000, 0.000000000000000000 ) ) ;
#5667 = EDGE_CURVE ( 'NONE', #4681, #2491, #7948, .T. ) ;
#5668 = DIRECTION ( 'NONE',  ( 1.000000000000000000, 0.000000000000000000, 0.000000000000000000 ) ) ;
#5669 = DIRECTION ( 'NONE',  ( 1.000000000000000000, 0.000000000000000000, 0.000000000000000000 ) ) ;
#5670 = CARTESIAN_POINT ( 'NONE',  ( 2.081668171172170091E-14, -19.50000000000000000, -22.00000000000000355 ) ) ;
#5671 = AXIS2_PLACEMENT_3D ( 'NONE', #6226, #3531, #5576 ) ;
#5672 = ORIENTED_EDGE ( 'NONE', *, *, #5129, .F. ) ;
#5673 = LOCAL_TIME ( 0, 52, 31.00000000000000000, #7280 ) ;
#5674 = ADVANCED_FACE ( 'NONE', ( #612 ), #2047, .F. ) ;
#5675 = ORIENTED_EDGE ( 'NONE', *, *, #6131, .F. ) ;
#5676 = AXIS2_PLACEMENT_3D ( 'NONE', #935, #3606, #6264 ) ;
#5677 = DIRECTION ( 'NONE',  ( 1.000000000000000000, 0.000000000000000000, 0.000000000000000000 ) ) ;
#5678 = VECTOR ( 'NONE', #6115, 1000.000000000000000 ) ;
#5679 = PLANE ( 'NONE',  #1930 ) ;
#5680 = CYLINDRICAL_SURFACE ( 'NONE', #5638, 2.458500000000047425 ) ;
#5681 = DIRECTION ( 'NONE',  ( 0.000000000000000000, 1.000000000000000000, 0.000000000000000000 ) ) ;
#5682 = DIRECTION ( 'NONE',  ( 0.000000000000000000, 1.000000000000000000, 0.000000000000000000 ) ) ;
#5683 = VECTOR ( 'NONE', #1376, 999.9999999999998863 ) ;
#5684 = CARTESIAN_POINT ( 'NONE',  ( -40.00000000000000000, -23.00000000000000000, -10.00000000000000000 ) ) ;
#5685 = AXIS2_PLACEMENT_3D ( 'NONE', #6164, #3421, #2765 ) ;
#5686 = VECTOR ( 'NONE', #2142, 1000.000000000000000 ) ;
#5687 = VERTEX_POINT ( 'NONE', #5977 ) ;
#5688 = EDGE_CURVE ( 'NONE', #6649, #897, #2574, .T. ) ;
#5689 = ORIENTED_EDGE ( 'NONE', *, *, #1197, .F. ) ;
#5690 = CC_DESIGN_PERSON_AND_ORGANIZATION_ASSIGNMENT ( #6805, #8112, ( #4680 ) ) ;
#5691 = CARTESIAN_POINT ( 'NONE',  ( -48.00000000000000000, 19.00000000000000000, 11.40752540378399971 ) ) ;
#5692 = B_SPLINE_CURVE_WITH_KNOTS ( 'NONE', 3,
 ( #5022, #400, #1755, #2505, #3247, #3072, #8476, #1892, #8388, #8522, #5904, #3110, #7030, #5110, #2411, #7168 ),
 .UNSPECIFIED., .F., .F.,
 ( 4, 2, 2, 2, 2, 2, 2, 4 ),
 ( 7.757919228897728493E-18, 0.0007331570312492272871, 0.001466314062498446768, 0.002199471093747666032, 0.002932628124996885730, 0.003665785156246104994, 0.004398942187495324257, 0.005865256249993779265 ),
 .UNSPECIFIED. ) ;
#5693 = CIRCLE ( 'NONE', #960, 3.250000000000002665 ) ;
#5694 = CARTESIAN_POINT ( 'NONE',  ( 0.000000000000000000, 11.24999999999893951, -19.49999999999894840 ) ) ;
#5695 = AXIS2_PLACEMENT_3D ( 'NONE', #2831, #5485, #4187 ) ;
#5696 = FACE_OUTER_BOUND ( 'NONE', #7052, .T. ) ;
#5697 = DIRECTION ( 'NONE',  ( 0.000000000000000000, 0.000000000000000000, 1.000000000000000000 ) ) ;
#5698 = LINE ( 'NONE', #2993, #692 ) ;
#5699 = AXIS2_PLACEMENT_3D ( 'NONE', #4424, #2381, #3776 ) ;
#5700 = CIRCLE ( 'NONE', #4596, 5.250000000000000888 ) ;
#5701 = ORIENTED_EDGE ( 'NONE', *, *, #3113, .F. ) ;
#5702 = EDGE_LOOP ( 'NONE', ( #7486, #210, #6849, #3619, #736, #3827 ) ) ;
#5703 = AXIS2_PLACEMENT_3D ( 'NONE', #7237, #8632, #1266 ) ;
#5704 = EDGE_CURVE ( 'NONE', #4188, #4440, #1972, .T. ) ;
#5705 = CARTESIAN_POINT ( 'NONE',  ( -67.00000000000000000, 53.00000000000000000, 19.75000000000000000 ) ) ;
#5706 = VERTEX_POINT ( 'NONE', #5318 ) ;
#5707 = ORIENTED_EDGE ( 'NONE', *, *, #2875, .T. ) ;
#5708 = CARTESIAN_POINT ( 'NONE',  ( -23.51688895040420135, -27.11309130870349193, -20.00000000000000000 ) ) ;
#5709 = ORIENTED_EDGE ( 'NONE', *, *, #3459, .F. ) ;
#5710 = VECTOR ( 'NONE', #748, 1000.000000000000000 ) ;
#5711 = DIRECTION ( 'NONE',  ( 0.000000000000000000, 0.000000000000000000, 1.000000000000000000 ) ) ;
#5712 = PERSON_AND_ORGANIZATION ( #2440, #369 ) ;
#5713 = DIRECTION ( 'NONE',  ( 0.000000000000000000, 0.000000000000000000, 1.000000000000000000 ) ) ;
#5714 = ORIENTED_EDGE ( 'NONE', *, *, #3643, .T. ) ;
#5715 = EDGE_LOOP ( 'NONE', ( #2515, #384, #4321, #2321, #1031, #209, #6879, #7390, #7135 ) ) ;
#5716 = FACE_OUTER_BOUND ( 'NONE', #5961, .T. ) ;
#5717 = ORIENTED_EDGE ( 'NONE', *, *, #3249, .F. ) ;
#5718 = DIRECTION ( 'NONE',  ( 0.000000000000000000, 1.000000000000000000, 0.000000000000000000 ) ) ;
#5719 = CARTESIAN_POINT ( 'NONE',  ( 90.00000000000000000, -48.00000000000000000, -20.00000000000000000 ) ) ;
#5720 = DIRECTION ( 'NONE',  ( 0.000000000000000000, 1.156482317317871133E-15, -1.000000000000000000 ) ) ;
#5721 = CARTESIAN_POINT ( 'NONE',  ( -43.00000000000000000, 22.99999999942289719, -20.00000000000000000 ) ) ;
#5722 = EDGE_CURVE ( 'NONE', #3264, #7449, #157, .T. ) ;
#5723 = VERTEX_POINT ( 'NONE', #1526 ) ;
#5724 = EDGE_CURVE ( 'NONE', #879, #7264, #1932, .T. ) ;
#5725 = EDGE_LOOP ( 'NONE', ( #114, #6532, #6321, #1920 ) ) ;
#5726 = EDGE_CURVE ( 'NONE', #5188, #6881, #7494, .T. ) ;
#5727 =( REPRESENTATION_RELATIONSHIP ('NONE','NONE', #7323, #1875 ) REPRESENTATION_RELATIONSHIP_WITH_TRANSFORMATION ( #646 )SHAPE_REPRESENTATION_RELATIONSHIP( ) );
#5728 = DIRECTION ( 'NONE',  ( 0.000000000000000000, 0.000000000000000000, -1.000000000000000000 ) ) ;
#5729 = CARTESIAN_POINT ( 'NONE',  ( -90.00000000000000000, -15.00000000000000000, 20.00000000000000000 ) ) ;
#5730 = CARTESIAN_POINT ( 'NONE',  ( 95.00000000000000000, -53.00000000000000000, 20.00000000000000000 ) ) ;
#5731 = DIRECTION ( 'NONE',  ( 1.420538756069496698E-07, 0.000000000000000000, -0.9999999999999898970 ) ) ;
#5732 = PLANE ( 'NONE',  #4309 ) ;
#5733 = CARTESIAN_POINT ( 'NONE',  ( -40.00000000000000000, -23.00000000000000000, 1.699999999999999956 ) ) ;
#5734 = ORIENTED_EDGE ( 'NONE', *, *, #7174, .T. ) ;
#5735 = EDGE_CURVE ( 'NONE', #8430, #1960, #4265, .T. ) ;
#5736 = ORIENTED_EDGE ( 'NONE', *, *, #6981, .T. ) ;
#5737 = CARTESIAN_POINT ( 'NONE',  ( -34.11042744160239693, -43.00000000000000000, -20.00000000000000000 ) ) ;
#5738 = LINE ( 'NONE', #1815, #4286 ) ;
#5739 = LINE ( 'NONE', #1817, #196 ) ;
#5740 = CARTESIAN_POINT ( 'NONE',  ( -58.89999999999999858, 20.00000000000000000, 19.90000000000000213 ) ) ;
#5741 = CARTESIAN_POINT ( 'NONE',  ( -48.00000000000000000, 30.00000000000000000, -13.00000000000000000 ) ) ;
#5742 = EDGE_CURVE ( 'NONE', #1835, #7646, #5441, .T. ) ;
#5743 = APPROVAL ( #2570, 'UNSPECIFIED' ) ;
#5744 = EDGE_LOOP ( 'NONE', ( #8071, #4683, #4572, #982 ) ) ;
#5745 = ORIENTED_EDGE ( 'NONE', *, *, #922, .T. ) ;
#5746 = CARTESIAN_POINT ( 'NONE',  ( -67.00000000000000000, 11.44999999999999929, 18.34248115565999981 ) ) ;
#5747 = CARTESIAN_POINT ( 'NONE',  ( 54.00000000000000000, -53.00000000000000000, 0.000000000000000000 ) ) ;
#5748 = DIRECTION ( 'NONE',  ( 0.000000000000000000, -1.168444896393340390E-09, 1.000000000000000000 ) ) ;
#5749 = EDGE_LOOP ( 'NONE', ( #2629, #8235, #6957, #793 ) ) ;
#5750 = LINE ( 'NONE', #6815, #107 ) ;
#5751 = CARTESIAN_POINT ( 'NONE',  ( -31.00000000000000000, -43.00000000000000000, 13.00000000000000178 ) ) ;
#5752 = SHAPE_DEFINITION_REPRESENTATION ( #6705, #5205 ) ;
#5753 = EDGE_CURVE ( 'NONE', #1330, #1566, #2814, .T. ) ;
#5754 = CARTESIAN_POINT ( 'NONE',  ( 34.11042744160239693, -43.00000000000000000, -20.00000000000000000 ) ) ;
#5755 = AXIS2_PLACEMENT_3D ( 'NONE', #7160, #3240, #1841 ) ;
#5756 = ORIENTED_EDGE ( 'NONE', *, *, #6686, .T. ) ;
#5757 = ORIENTED_EDGE ( 'NONE', *, *, #5835, .F. ) ;
#5758 = LINE ( 'NONE', #8377, #5826 ) ;
#5759 = CARTESIAN_POINT ( 'NONE',  ( -67.00000000000000000, 30.00000000000000000, 19.75000000000000000 ) ) ;
#5760 = DIRECTION ( 'NONE',  ( 0.000000000000000000, -1.000000000000000000, 0.000000000000000000 ) ) ;
#5761 = FACE_OUTER_BOUND ( 'NONE', #3060, .T. ) ;
#5762 = EDGE_LOOP ( 'NONE', ( #6546, #5146, #4965, #4729 ) ) ;
#5763 = EDGE_LOOP ( 'NONE', ( #8449, #3174, #3529, #2737, #2267, #462, #5592 ) ) ;
#5764 = VECTOR ( 'NONE', #4146, 1000.000000000000000 ) ;
#5765 = CYLINDRICAL_SURFACE ( 'NONE', #2346, 3.009999999999998899 ) ;
#5766 = CARTESIAN_POINT ( 'NONE',  ( -42.76045286139795110, 24.19999999999999929, -1.699999999999999956 ) ) ;
#5767 = EDGE_CURVE ( 'NONE', #5898, #87, #2173, .T. ) ;
#5768 = CARTESIAN_POINT ( 'NONE',  ( -40.00000000000000000, 23.00000000000000000, -20.00000000000000000 ) ) ;
#5769 = DIRECTION ( 'NONE',  ( 0.000000000000000000, 0.000000000000000000, -1.000000000000000000 ) ) ;
#5770 = CARTESIAN_POINT ( 'NONE',  ( 31.00000000000000000, -49.79999999999999716, -13.00000000000000178 ) ) ;
#5771 = EDGE_CURVE ( 'NONE', #2816, #5531, #3905, .T. ) ;
#5772 = VECTOR ( 'NONE', #2470, 1000.000000000000000 ) ;
#5773 = DIRECTION ( 'NONE',  ( 1.000000000000000000, 0.000000000000000000, 0.000000000000000000 ) ) ;
#5774 = VERTEX_POINT ( 'NONE', #6841 ) ;
#5775 = ORIENTED_EDGE ( 'NONE', *, *, #5362, .T. ) ;
#5776 = CYLINDRICAL_SURFACE ( 'NONE', #5986, 45.00000000000000000 ) ;
#5777 = DIRECTION ( 'NONE',  ( 0.000000000000000000, 1.000000000000000000, 0.000000000000000000 ) ) ;
#5778 = DIRECTION ( 'NONE',  ( 1.000000000000000000, 0.000000000000000000, 0.000000000000000000 ) ) ;
#5779 = EDGE_CURVE ( 'NONE', #3653, #879, #4831, .T. ) ;
#5780 = VECTOR ( 'NONE', #4427, 1000.000000000000000 ) ;
#5781 = VECTOR ( 'NONE', #6005, 1000.000000000000000 ) ;
#5782 = DIRECTION ( 'NONE',  ( 1.000000000000000000, 0.000000000000000000, 0.000000000000000000 ) ) ;
#5783 = LINE ( 'NONE', #8447, #1816 ) ;
#5784 = EDGE_CURVE ( 'NONE', #6755, #780, #3617, .T. ) ;
#5785 = CIRCLE ( 'NONE', #5082, 5.000000000000004441 ) ;
#5786 = VERTEX_POINT ( 'NONE', #902 ) ;
#5787 = AXIS2_PLACEMENT_3D ( 'NONE', #7470, #1501, #6252 ) ;
#5788 = ORIENTED_EDGE ( 'NONE', *, *, #979, .T. ) ;
#5789 = LINE ( 'NONE', #5746, #7504 ) ;
#5790 = ORIENTED_EDGE ( 'NONE', *, *, #2736, .T. ) ;
#5791 = DIRECTION ( 'NONE',  ( 0.000000000000000000, 1.000000000000000000, 0.000000000000000000 ) ) ;
#5792 = EDGE_CURVE ( 'NONE', #8550, #7017, #374, .T. ) ;
#5793 = FACE_OUTER_BOUND ( 'NONE', #3338, .T. ) ;
#5794 = EDGE_LOOP ( 'NONE', ( #1295, #4714, #4972, #1391 ) ) ;
#5795 = CARTESIAN_POINT ( 'NONE',  ( -43.00000000000000000, -23.00000000000000000, -20.00000000000000000 ) ) ;
#5796 = AXIS2_PLACEMENT_3D ( 'NONE', #3640, #3679, #6210 ) ;
#5797 = DIRECTION ( 'NONE',  ( -1.000000000000000000, 8.809440770586719424E-17, 0.000000000000000000 ) ) ;
#5798 = DATE_AND_TIME ( #8373, #2883 ) ;
#5799 = CARTESIAN_POINT ( 'NONE',  ( -67.00000000000000000, -11.44999999999999929, 19.69999999999999929 ) ) ;
#5800 = ORIENTED_EDGE ( 'NONE', *, *, #2875, .F. ) ;
#5801 = ORIENTED_EDGE ( 'NONE', *, *, #226, .T. ) ;
#5802 = ORIENTED_EDGE ( 'NONE', *, *, #2730, .F. ) ;
#5803 = CARTESIAN_POINT ( 'NONE',  ( -67.00000000000000000, -30.00000000000000000, 20.00000000000000000 ) ) ;
#5804 = DIRECTION ( 'NONE',  ( 0.000000000000000000, 1.000000000000000000, 0.000000000000000000 ) ) ;
#5805 = CARTESIAN_POINT ( 'NONE',  ( 90.00000000000000000, -53.00000000000000000, 20.00000000000000000 ) ) ;
#5806 = CIRCLE ( 'NONE', #8454, 5.000000000000004441 ) ;
#5807 = DIRECTION ( 'NONE',  ( 0.000000000000000000, 0.000000000000000000, -1.000000000000000000 ) ) ;
#5808 = EDGE_LOOP ( 'NONE', ( #8268, #2705 ) ) ;
#5809 = VERTEX_POINT ( 'NONE', #8245 ) ;
#5810 = PLANE ( 'NONE',  #2772 ) ;
#5811 = CARTESIAN_POINT ( 'NONE',  ( -67.00000000000000000, 53.00000000000000000, -19.75000000000000000 ) ) ;
#5812 = CARTESIAN_POINT ( 'NONE',  ( 33.91036195179169965, -42.99999999999999289, -17.37652465658388223 ) ) ;
#5813 = VECTOR ( 'NONE', #6013, 1000.000000000000000 ) ;
#5814 = LINE ( 'NONE', #7261, #8575 ) ;
#5815 = CYLINDRICAL_SURFACE ( 'NONE', #1958, 3.100000000000000533 ) ;
#5816 = FACE_OUTER_BOUND ( 'NONE', #5040, .T. ) ;
#5817 = ORIENTED_EDGE ( 'NONE', *, *, #5025, .F. ) ;
#5818 = VECTOR ( 'NONE', #2566, 1000.000000000000000 ) ;
#5819 = EDGE_LOOP ( 'NONE', ( #5951, #7956, #5577, #1025, #3750, #2079, #7833, #6027, #8330 ) ) ;
#5820 = VECTOR ( 'NONE', #5548, 1000.000000000000000 ) ;
#5821 = DIRECTION ( 'NONE',  ( 1.000000000000000000, -2.926572255078290114E-17, 0.000000000000000000 ) ) ;
#5822 = CARTESIAN_POINT ( 'NONE',  ( -46.00000000000000000, 24.19999999999999929, 1.699999999999999956 ) ) ;
#5823 = EDGE_CURVE ( 'NONE', #1206, #6227, #1367, .T. ) ;
#5824 = FACE_OUTER_BOUND ( 'NONE', #6211, .T. ) ;
#5825 = LINE ( 'NONE', #5171, #8569 ) ;
#5826 = VECTOR ( 'NONE', #4403, 1000.000000000000000 ) ;
#5827 = FACE_OUTER_BOUND ( 'NONE', #3362, .T. ) ;
#5828 = VECTOR ( 'NONE', #4948, 1000.000000000000000 ) ;
#5829 = VECTOR ( 'NONE', #6335, 1000.000000000000000 ) ;
#5830 = ORIENTED_EDGE ( 'NONE', *, *, #721, .T. ) ;
#5831 = ADVANCED_FACE ( 'NONE', ( #1650, #6144 ), #858, .T. ) ;
#5832 = AXIS2_PLACEMENT_3D ( 'NONE', #7812, #4492, #7153 ) ;
#5833 = VERTEX_POINT ( 'NONE', #4132 ) ;
#5834 = CIRCLE ( 'NONE', #4858, 3.249999999999999556 ) ;
#5835 = EDGE_CURVE ( 'NONE', #1900, #5297, #4971, .T. ) ;
#5836 = CARTESIAN_POINT ( 'NONE',  ( -46.00000000000000000, -24.19999999999999929, 2.299999999999999822 ) ) ;
#5837 = CARTESIAN_POINT ( 'NONE',  ( -17.67766952966355376, -13.60000000000000142, 22.92766952966379534 ) ) ;
#5838 = ADVANCED_FACE ( 'NONE', ( #4313 ), #6233, .F. ) ;
#5839 = CARTESIAN_POINT ( 'NONE',  ( -48.00000042616159845, 30.00000000000000000, 16.00000000000000000 ) ) ;
#5840 = EDGE_LOOP ( 'NONE', ( #2918, #4705 ) ) ;
#5841 = DIRECTION ( 'NONE',  ( 0.000000000000000000, 0.000000000000000000, -1.000000000000000000 ) ) ;
#5842 = DIRECTION ( 'NONE',  ( 0.000000000000000000, 0.000000000000000000, 1.000000000000000000 ) ) ;
#5843 = PERSON_AND_ORGANIZATION ( #2440, #369 ) ;
#5844 = CIRCLE ( 'NONE', #8072, 45.00000000000000000 ) ;
#5845 = DIRECTION ( 'NONE',  ( 0.000000000000000000, 0.000000000000000000, -1.000000000000000000 ) ) ;
#5846 = ORIENTED_EDGE ( 'NONE', *, *, #524, .T. ) ;
#5847 = VERTEX_POINT ( 'NONE', #6800 ) ;
#5848 = ORIENTED_EDGE ( 'NONE', *, *, #4449, .T. ) ;
#5849 = DIRECTION ( 'NONE',  ( -0.000000000000000000, 1.000000000000000000, 0.000000000000000000 ) ) ;
#5850 = AXIS2_PLACEMENT_3D ( 'NONE', #2028, #499, #7137 ) ;
#5851 = VECTOR ( 'NONE', #4365, 1000.000000000000000 ) ;
#5852 = ORIENTED_EDGE ( 'NONE', *, *, #3703, .T. ) ;
#5853 = CARTESIAN_POINT ( 'NONE',  ( -85.00000000000000000, -25.00000000000000000, -20.00000000000000000 ) ) ;
#5854 = VECTOR ( 'NONE', #1430, 1000.000000000000000 ) ;
#5855 = CARTESIAN_POINT ( 'NONE',  ( -17.67766952966355376, -13.60000000000000142, 14.57766952966379570 ) ) ;
#5856 = FACE_OUTER_BOUND ( 'NONE', #1652, .T. ) ;
#5857 = EDGE_CURVE ( 'NONE', #3839, #4482, #6374, .T. ) ;
#5858 = CC_DESIGN_DATE_AND_TIME_ASSIGNMENT ( #2486, #7446, ( #936 ) ) ;
#5859 = ORIENTED_EDGE ( 'NONE', *, *, #5722, .F. ) ;
#5860 = VERTEX_POINT ( 'NONE', #4956 ) ;
#5861 = CARTESIAN_POINT ( 'NONE',  ( -53.79999999999999716, -20.00000000000000000, -20.00000000000000000 ) ) ;
#5862 = DIRECTION ( 'NONE',  ( -1.060575238724771822E-16, 0.5000000000001899592, 0.8660254037843289066 ) ) ;
#5863 = CARTESIAN_POINT ( 'NONE',  ( -67.00000000000000000, 14.55000000000000071, 20.00000000000000000 ) ) ;
#5864 = DIRECTION ( 'NONE',  ( 0.000000000000000000, 1.000000000000000000, 0.000000000000000000 ) ) ;
#5865 = PRODUCT ( 'Base_Gripper', 'Base_Gripper', '', ( #3575 ) ) ;
#5866 = CARTESIAN_POINT ( 'NONE',  ( -17.67766952966355376, -13.60000000000000142, 17.67766952966379534 ) ) ;
#5867 = EDGE_CURVE ( 'NONE', #2749, #1141, #7623, .T. ) ;
#5868 = VERTEX_POINT ( 'NONE', #5708 ) ;
#5869 = ORIENTED_EDGE ( 'NONE', *, *, #5688, .F. ) ;
#5870 = FACE_OUTER_BOUND ( 'NONE', #2036, .T. ) ;
#5871 = FACE_OUTER_BOUND ( 'NONE', #4576, .T. ) ;
#5872 = DIRECTION ( 'NONE',  ( 0.000000000000000000, -1.000000000000000000, 0.000000000000000000 ) ) ;
#5873 = FACE_OUTER_BOUND ( 'NONE', #5476, .T. ) ;
#5874 = DIRECTION ( 'NONE',  ( 0.000000000000000000, 1.000000000000000000, 0.000000000000000000 ) ) ;
#5875 = ORIENTED_EDGE ( 'NONE', *, *, #1459, .T. ) ;
#5876 = ORIENTED_EDGE ( 'NONE', *, *, #4019, .F. ) ;
#5877 = DIRECTION ( 'NONE',  ( 0.000000000000000000, 1.000000000000000000, 0.000000000000000000 ) ) ;
#5878 = ORIENTED_EDGE ( 'NONE', *, *, #7536, .F. ) ;
#5879 = DIRECTION ( 'NONE',  ( 0.000000000000000000, 0.000000000000000000, 1.000000000000000000 ) ) ;
#5880 = DIRECTION ( 'NONE',  ( 0.000000000000000000, 0.000000000000000000, -1.000000000000000000 ) ) ;
#5881 = ORIENTED_EDGE ( 'NONE', *, *, #4704, .F. ) ;
#5882 = CARTESIAN_POINT ( 'NONE',  ( -27.75418406211094791, -36.20000000000000284, 8.873599765249949201 ) ) ;
#5883 = EDGE_CURVE ( 'NONE', #2873, #3783, #5042, .T. ) ;
#5884 = DIRECTION ( 'NONE',  ( 0.000000000000000000, -1.000000000000000000, 0.000000000000000000 ) ) ;
#5885 = PERSON_AND_ORGANIZATION_ROLE ( 'classification_officer' ) ;
#5886 = EDGE_CURVE ( 'NONE', #4401, #496, #3740, .T. ) ;
#5887 = VERTEX_POINT ( 'NONE', #8370 ) ;
#5888 = ORIENTED_EDGE ( 'NONE', *, *, #5345, .T. ) ;
#5889 = VERTEX_POINT ( 'NONE', #1170 ) ;
#5890 = FACE_OUTER_BOUND ( 'NONE', #3154, .T. ) ;
#5891 = EDGE_LOOP ( 'NONE', ( #8022, #5487, #5848, #981 ) ) ;
#5892 = LINE ( 'NONE', #3799, #7311 ) ;
#5893 = PLANE ( 'NONE',  #5755 ) ;
#5894 = DIRECTION ( 'NONE',  ( 1.396592535537253342E-14, -3.491481338843133355E-15, 1.000000000000000000 ) ) ;
#5895 = AXIS2_PLACEMENT_3D ( 'NONE', #4846, #7511, #214 ) ;
#5896 = ADVANCED_FACE ( 'NONE', ( #6447 ), #7352, .T. ) ;
#5897 = FACE_OUTER_BOUND ( 'NONE', #2356, .T. ) ;
#5898 = VERTEX_POINT ( 'NONE', #3829 ) ;
#5899 = ORIENTED_EDGE ( 'NONE', *, *, #7026, .F. ) ;
#5900 = AXIS2_PLACEMENT_3D ( 'NONE', #3656, #159, #906 ) ;
#5901 = EDGE_CURVE ( 'NONE', #8280, #4121, #2482, .T. ) ;
#5902 = ORIENTED_EDGE ( 'NONE', *, *, #8547, .T. ) ;
#5903 = CARTESIAN_POINT ( 'NONE',  ( -90.00000000000000000, -38.00000000000000000, -20.00000000000000000 ) ) ;
#5904 = CARTESIAN_POINT ( 'NONE',  ( 31.10382845789902362, -42.00259627774417481, -7.747622905727748588 ) ) ;
#5905 = DIRECTION ( 'NONE',  ( 0.000000000000000000, 1.000000000000000000, 0.000000000000000000 ) ) ;
#5906 = DIRECTION ( 'NONE',  ( 0.000000000000000000, 0.000000000000000000, 1.000000000000000000 ) ) ;
#5907 = FACE_BOUND ( 'NONE', #6221, .T. ) ;
#5908 = ORIENTED_EDGE ( 'NONE', *, *, #5423, .T. ) ;
#5909 = ORIENTED_EDGE ( 'NONE', *, *, #5974, .F. ) ;
#5910 = CARTESIAN_POINT ( 'NONE',  ( -58.89999999999999858, -20.00000000000000000, -19.90000000000000213 ) ) ;
#5911 = EDGE_CURVE ( 'NONE', #3087, #6368, #8321, .T. ) ;
#5912 = DIRECTION ( 'NONE',  ( 0.000000000000000000, 1.000000000000000000, 0.000000000000000000 ) ) ;
#5913 = CARTESIAN_POINT ( 'NONE',  ( -74.44893142822299126, 53.00000000000000000, -8.900000000000000355 ) ) ;
#5914 = CARTESIAN_POINT ( 'NONE',  ( -37.23954713860204890, -24.19999999999999929, -1.699999999999999956 ) ) ;
#5915 = DIRECTION ( 'NONE',  ( 1.000000000000000000, 0.000000000000000000, 0.000000000000000000 ) ) ;
#5916 = AXIS2_PLACEMENT_3D ( 'NONE', #8292, #2314, #6369 ) ;
#5917 = ORIENTED_EDGE ( 'NONE', *, *, #1567, .T. ) ;
#5918 = VERTEX_POINT ( 'NONE', #6314 ) ;
#5919 = AXIS2_PLACEMENT_3D ( 'NONE', #2211, #4870, #7575 ) ;
#5920 = CARTESIAN_POINT ( 'NONE',  ( -31.00000000000000000, -49.79999999999999716, 13.00000000000000178 ) ) ;
#5921 = CARTESIAN_POINT ( 'NONE',  ( -67.00000000000000000, -11.24999999999944045, -19.69999999999999929 ) ) ;
#5922 = VERTEX_POINT ( 'NONE', #373 ) ;
#5923 = CARTESIAN_POINT ( 'NONE',  ( -48.00000000000000000, 30.00000000000000000, 13.00000000000000000 ) ) ;
#5924 = CYLINDRICAL_SURFACE ( 'NONE', #1528, 2.066999999999999282 ) ;
#5925 = VECTOR ( 'NONE', #3158, 1000.000000000000000 ) ;
#5926 = DATE_AND_TIME ( #5272, #7767 ) ;
#5927 = AXIS2_PLACEMENT_3D ( 'NONE', #6826, #2767, #5597 ) ;
#5928 = ORIENTED_EDGE ( 'NONE', *, *, #1116, .F. ) ;
#5929 = ORIENTED_EDGE ( 'NONE', *, *, #8054, .F. ) ;
#5930 = DIRECTION ( 'NONE',  ( 0.000000000000000000, -1.000000000000000000, 0.000000000000000000 ) ) ;
#5932 = ORIENTED_EDGE ( 'NONE', *, *, #8455, .T. ) ;
#5931 = EDGE_CURVE ( 'NONE', #5136, #7815, #466, .T. ) ;
#5933 = CARTESIAN_POINT ( 'NONE',  ( -40.00000000000000000, -23.00000000000000000, 10.00000000000000000 ) ) ;
#5934 = CARTESIAN_POINT ( 'NONE',  ( -46.00000000000000000, -24.19999999999999929, -1.699999999999999956 ) ) ;
#5935 = CARTESIAN_POINT ( 'NONE',  ( -4.299999999999999822, 0.000000000000000000, 0.000000000000000000 ) ) ;
#5936 = ORIENTED_EDGE ( 'NONE', *, *, #8207, .F. ) ;
#5937 = EDGE_CURVE ( 'NONE', #3224, #743, #1826, .T. ) ;
#5938 = ORIENTED_EDGE ( 'NONE', *, *, #7965, .F. ) ;
#5939 = ADVANCED_FACE ( 'NONE', ( #3179 ), #8501, .T. ) ;
#5940 = CARTESIAN_POINT ( 'NONE',  ( 90.00000000000000000, -38.00000000000000000, 20.00000000000000000 ) ) ;
#5941 = DIRECTION ( 'NONE',  ( 0.000000000000000000, 0.000000000000000000, 1.000000000000000000 ) ) ;
#5942 = VECTOR ( 'NONE', #707, 1000.000000000000000 ) ;
#5943 = CARTESIAN_POINT ( 'NONE',  ( -77.00000000000000000, -33.00000000000000000, -16.25000000000000000 ) ) ;
#5944 = DIRECTION ( 'NONE',  ( -1.000000000000000000, 0.000000000000000000, 0.000000000000000000 ) ) ;
#5945 = ORIENTED_EDGE ( 'NONE', *, *, #3773, .T. ) ;
#5946 = CARTESIAN_POINT ( 'NONE',  ( 12.96924291490704029, -19.50000000000000000, -20.00000000000000000 ) ) ;
#5947 = ADVANCED_FACE ( 'NONE', ( #5002, #5793 ), #8453, .T. ) ;
#5948 = ORIENTED_EDGE ( 'NONE', *, *, #7825, .T. ) ;
#5949 = AXIS2_PLACEMENT_3D ( 'NONE', #1229, #1357, #2673 ) ;
#5950 = VERTEX_POINT ( 'NONE', #2527 ) ;
#5951 = ORIENTED_EDGE ( 'NONE', *, *, #3296, .T. ) ;
#5952 = DIRECTION ( 'NONE',  ( 0.000000000000000000, 0.7608695652141437282, -0.6489048502907338589 ) ) ;
#5953 = CARTESIAN_POINT ( 'NONE',  ( 54.00000000000000000, -55.19999999999999574, -16.50000000000000000 ) ) ;
#5954 = DIRECTION ( 'NONE',  ( 1.000000000000000000, 0.000000000000000000, 0.000000000000000000 ) ) ;
#5955 = CARTESIAN_POINT ( 'NONE',  ( -90.00000000000000000, -53.00000000000000000, 20.00000000000000000 ) ) ;
#5956 = CARTESIAN_POINT ( 'NONE',  ( 31.00000000000000000, -49.79999999999999716, -13.00000000000000178 ) ) ;
#5957 = SECURITY_CLASSIFICATION ( '', '', #6625 ) ;
#5958 = CIRCLE ( 'NONE', #3590, 0.2999999999998836930 ) ;
#5959 = ADVANCED_FACE ( 'NONE', ( #1692 ), #5135, .F. ) ;
#5960 = EDGE_CURVE ( 'NONE', #7447, #3958, #512, .T. ) ;
#5961 = EDGE_LOOP ( 'NONE', ( #649, #6535, #4494, #4178 ) ) ;
#5962 = ORIENTED_EDGE ( 'NONE', *, *, #1279, .T. ) ;
#5963 = LOCAL_TIME ( 0, 52, 31.00000000000000000, #8459 ) ;
#5964 = CARTESIAN_POINT ( 'NONE',  ( -48.00000000000000000, 19.50000000000000000, -13.00000000000000000 ) ) ;
#5965 = LINE ( 'NONE', #1390, #3867 ) ;
#5966 = VECTOR ( 'NONE', #7138, 1000.000000000000000 ) ;
#5967 = EDGE_LOOP ( 'NONE', ( #5011, #185 ) ) ;
#5968 = DIRECTION ( 'NONE',  ( 0.000000000000000000, 0.000000000000000000, -1.000000000000000000 ) ) ;
#5969 = CIRCLE ( 'NONE', #2626, 2.067000000000020155 ) ;
#5970 = CARTESIAN_POINT ( 'NONE',  ( 17.67766952966359995, -19.50000000000000000, 17.67766952966379534 ) ) ;
#5971 = APPROVAL_ROLE ( '' ) ;
#5972 = VECTOR ( 'NONE', #5525, 1000.000000000000000 ) ;
#5973 = ORIENTED_EDGE ( 'NONE', *, *, #2434, .T. ) ;
#5974 = EDGE_CURVE ( 'NONE', #2728, #7786, #240, .T. ) ;
#5975 = AXIS2_PLACEMENT_3D ( 'NONE', #8521, #7868, #7167 ) ;
#5976 = VERTEX_POINT ( 'NONE', #4350 ) ;
#5977 = CARTESIAN_POINT ( 'NONE',  ( -43.00999999999999801, -23.00000000000000000, -2.299999999999999822 ) ) ;
#5978 = CIRCLE ( 'NONE', #2351, 2.500000000000002220 ) ;
#5979 = ORIENTED_EDGE ( 'NONE', *, *, #713, .F. ) ;
#5980 = AXIS2_PLACEMENT_3D ( 'NONE', #2407, #1184, #1883 ) ;
#5981 = PERSON ( 'NAUO-PER1', 'UNSPECIFIED', 'UNSPECIFIED', ('UNSPECIFIED'), ('UNSPECIFIED'), ('UNSPECIFIED') ) ;
#5982 = DIRECTION ( 'NONE',  ( 0.000000000000000000, -1.168421699262850044E-09, 1.000000000000000000 ) ) ;
#5983 =( LENGTH_UNIT ( ) NAMED_UNIT ( * ) SI_UNIT ( .MILLI., .METRE. ) );
#5984 = CARTESIAN_POINT ( 'NONE',  ( 0.000000000000000000, -31.50000000000000000, 20.00000000000000000 ) ) ;
#5985 = CARTESIAN_POINT ( 'NONE',  ( 0.000000000000000000, -24.19999999999999929, -2.299999999999999822 ) ) ;
#5986 = AXIS2_PLACEMENT_3D ( 'NONE', #8309, #7742, #3031 ) ;
#5987 = VECTOR ( 'NONE', #5270, 1000.000000000000000 ) ;
#5988 = ORIENTED_EDGE ( 'NONE', *, *, #2274, .T. ) ;
#5989 = ORIENTED_EDGE ( 'NONE', *, *, #5792, .F. ) ;
#5990 = AXIS2_PLACEMENT_3D ( 'NONE', #3877, #1345, #6541 ) ;
#5991 = CARTESIAN_POINT ( 'NONE',  ( 31.00000000000000000, -49.79999999999999716, -13.00000000000000178 ) ) ;
#5992 = DIRECTION ( 'NONE',  ( 0.000000000000000000, 0.000000000000000000, -1.000000000000000000 ) ) ;
#5993 = LINE ( 'NONE', #5943, #4270 ) ;
#5994 = CARTESIAN_POINT ( 'NONE',  ( 4.996003610813199699E-15, 0.000000000000000000, 0.000000000000000000 ) ) ;
#5995 = VECTOR ( 'NONE', #3545, 1000.000000000000000 ) ;
#5996 = EDGE_CURVE ( 'NONE', #2159, #3824, #7189, .T. ) ;
#5997 = DIRECTION ( 'NONE',  ( 0.000000000000000000, 0.000000000000000000, 1.000000000000000000 ) ) ;
#5998 = AXIS2_PLACEMENT_3D ( 'NONE', #3820, #8579, #4481 ) ;
#5999 = EDGE_CURVE ( 'NONE', #6706, #8598, #4439, .T. ) ;
#6000 = EDGE_CURVE ( 'NONE', #8278, #4897, #5958, .T. ) ;
#6001 = VERTEX_POINT ( 'NONE', #7050 ) ;
#6002 = ORIENTED_EDGE ( 'NONE', *, *, #2843, .T. ) ;
#6003 = CARTESIAN_POINT ( 'NONE',  ( 0.000000000000000000, -19.80000000000000071, -2.299999999999999822 ) ) ;
#6004 = CARTESIAN_POINT ( 'NONE',  ( -9.500000000000000000, -30.00000000000000000, -9.500000000000000000 ) ) ;
#6005 = DIRECTION ( 'NONE',  ( 0.000000000000000000, -1.000000000000000000, 0.000000000000000000 ) ) ;
#6006 = DIRECTION ( 'NONE',  ( 0.000000000000000000, 0.000000000000000000, 1.000000000000000000 ) ) ;
#6007 = DIRECTION ( 'NONE',  ( 0.000000000000000000, 1.000000000000000000, 0.000000000000000000 ) ) ;
#6008 = ADVANCED_FACE ( 'NONE', ( #1076 ), #8469, .F. ) ;
#6009 = ORIENTED_EDGE ( 'NONE', *, *, #4189, .T. ) ;
#6010 = VERTEX_POINT ( 'NONE', #8585 ) ;
#6011 = AXIS2_PLACEMENT_3D ( 'NONE', #6258, #2946, #5068 ) ;
#6012 = DIRECTION ( 'NONE',  ( 0.000000000000000000, 0.000000000000000000, -1.000000000000000000 ) ) ;
#6013 = DIRECTION ( 'NONE',  ( 0.000000000000000000, 0.000000000000000000, -1.000000000000000000 ) ) ;
#6014 = EDGE_CURVE ( 'NONE', #7688, #152, #5965, .T. ) ;
#6016 = VERTEX_POINT ( 'NONE', #8541 ) ;
#6015 = CC_DESIGN_PERSON_AND_ORGANIZATION_ASSIGNMENT ( #2353, #5657, ( #3171 ) ) ;
#6017 = DIRECTION ( 'NONE',  ( 0.000000000000000000, 0.000000000000000000, -1.000000000000000000 ) ) ;
#6018 = ORIENTED_EDGE ( 'NONE', *, *, #2841, .F. ) ;
#6019 = ORIENTED_EDGE ( 'NONE', *, *, #6966, .F. ) ;
#6020 = CYLINDRICAL_SURFACE ( 'NONE', #6670, 3.249999999999999556 ) ;
#6022 = VERTEX_POINT ( 'NONE', #686 ) ;
#6021 = ADVANCED_FACE ( 'NONE', ( #3999 ), #6664, .T. ) ;
#6023 = CARTESIAN_POINT ( 'NONE',  ( -37.23954713860204890, 24.19999999999999929, 2.299999999999999822 ) ) ;
#6024 = VECTOR ( 'NONE', #3616, 1000.000000000000000 ) ;
#6025 = CARTESIAN_POINT ( 'NONE',  ( -46.00000000000000000, 30.00000000000000000, -7.250000000000000000 ) ) ;
#6026 = CARTESIAN_POINT ( 'NONE',  ( -12.50000000000000000, -23.00000000000000000, 13.00000000000000000 ) ) ;
#6027 = ORIENTED_EDGE ( 'NONE', *, *, #2959, .T. ) ;
#6028 = ORIENTED_EDGE ( 'NONE', *, *, #4557, .F. ) ;
#6029 = DIRECTION ( 'NONE',  ( 0.000000000000000000, -1.000000000000000000, 0.000000000000000000 ) ) ;
#6030 = LINE ( 'NONE', #7912, #803 ) ;
#6031 = DIRECTION ( 'NONE',  ( 0.000000000000000000, 1.000000000000000000, 0.000000000000000000 ) ) ;
#6032 = PLANE ( 'NONE',  #6345 ) ;
#6033 = LINE ( 'NONE', #3986, #6409 ) ;
#6034 = EDGE_LOOP ( 'NONE', ( #8143, #475, #2947, #5334 ) ) ;
#6035 = ORIENTED_EDGE ( 'NONE', *, *, #3990, .F. ) ;
#6036 = LINE ( 'NONE', #5379, #6103 ) ;
#6037 = CARTESIAN_POINT ( 'NONE',  ( 27.75418406211094791, -36.20000000000000284, -8.873599765249959859 ) ) ;
#6038 = DIRECTION ( 'NONE',  ( 0.000000000000000000, 0.000000000000000000, -1.000000000000000000 ) ) ;
#6039 = DIRECTION ( 'NONE',  ( 0.000000000000000000, 1.000000000000000000, 0.000000000000000000 ) ) ;
#6040 = DIRECTION ( 'NONE',  ( 1.000000000000000000, 0.000000000000000000, 0.000000000000000000 ) ) ;
#6041 = ADVANCED_FACE ( 'NONE', ( #3922 ), #5309, .F. ) ;
#6042 = ORIENTED_EDGE ( 'NONE', *, *, #3335, .T. ) ;
#6043 = ORIENTED_EDGE ( 'NONE', *, *, #2541, .F. ) ;
#6044 = ADVANCED_FACE ( 'NONE', ( #3391, #3354 ), #8016, .F. ) ;
#6045 = CARTESIAN_POINT ( 'NONE',  ( 90.00000000000000000, -15.00000000000000000, 20.00000000000000000 ) ) ;
#6046 = CARTESIAN_POINT ( 'NONE',  ( -17.67766952966355376, -13.60000000000000142, 17.67766952966379534 ) ) ;
#6047 = EDGE_CURVE ( 'NONE', #7184, #7073, #7235, .T. ) ;
#6048 = CONICAL_SURFACE ( 'NONE', #7021, 2.458500000000000796, 1.047197551196378473 ) ;
#6049 = DIRECTION ( 'NONE',  ( 0.000000000000000000, 0.000000000000000000, 1.000000000000000000 ) ) ;
#6050 = DIRECTION ( 'NONE',  ( 0.000000000000000000, 0.000000000000000000, 1.000000000000000000 ) ) ;
#6051 = ORIENTED_EDGE ( 'NONE', *, *, #6269, .F. ) ;
#6052 = AXIS2_PLACEMENT_3D ( 'NONE', #6590, #5236, #6458 ) ;
#6053 = EDGE_CURVE ( 'NONE', #24, #7688, #7976, .T. ) ;
#6054 = VERTEX_POINT ( 'NONE', #4694 ) ;
#6055 = LINE ( 'NONE', #1922, #1093 ) ;
#6056 = ORIENTED_EDGE ( 'NONE', *, *, #6662, .F. ) ;
#6057 = CIRCLE ( 'NONE', #3415, 2.700000000000001066 ) ;
#6058 = AXIS2_PLACEMENT_3D ( 'NONE', #5463, #4246, #6739 ) ;
#6059 = CIRCLE ( 'NONE', #764, 2.399999999999999467 ) ;
#6060 = DIRECTION ( 'NONE',  ( 0.000000000000000000, -1.000000000000000000, 0.000000000000000000 ) ) ;
#6061 = PERSON_AND_ORGANIZATION ( #2440, #369 ) ;
#6062 = LINE ( 'NONE', #2053, #6394 ) ;
#6063 = CARTESIAN_POINT ( 'NONE',  ( -72.59999999999999432, 53.00000000000000000, -8.900000000000000355 ) ) ;
#6064 = ADVANCED_FACE ( 'NONE', ( #1911 ), #6538, .F. ) ;
#6065 = VECTOR ( 'NONE', #1551, 1000.000000000000000 ) ;
#6066 = ORIENTED_EDGE ( 'NONE', *, *, #8090, .T. ) ;
#6067 = ORIENTED_EDGE ( 'NONE', *, *, #1953, .T. ) ;
#6068 = DIRECTION ( 'NONE',  ( 0.000000000000000000, 1.000000000000000000, 0.000000000000000000 ) ) ;
#6069 = DIRECTION ( 'NONE',  ( 0.000000000000000000, 0.000000000000000000, 1.000000000000000000 ) ) ;
#6070 = CARTESIAN_POINT ( 'NONE',  ( -31.00000000000000000, -36.20000000000000284, 13.00000000000000178 ) ) ;
#6071 = CYLINDRICAL_SURFACE ( 'NONE', #1474, 5.000000000000000888 ) ;
#6072 = CIRCLE ( 'NONE', #3848, 3.000000000000000888 ) ;
#6073 = CARTESIAN_POINT ( 'NONE',  ( -56.50000000000000000, -20.00000000000000000, -20.00000000000000000 ) ) ;
#6074 = ORIENTED_EDGE ( 'NONE', *, *, #728, .T. ) ;
#6075 = EDGE_CURVE ( 'NONE', #8439, #8115, #1998, .T. ) ;
#6076 = ORIENTED_EDGE ( 'NONE', *, *, #2158, .F. ) ;
#6077 = FACE_OUTER_BOUND ( 'NONE', #3633, .T. ) ;
#6078 = CARTESIAN_POINT ( 'NONE',  ( -40.31128874149275276, -19.50000000000000000, 20.00000000000000000 ) ) ;
#6079 = DIRECTION ( 'NONE',  ( 1.000000000000000000, 0.000000000000000000, 0.000000000000000000 ) ) ;
#6080 = LINE ( 'NONE', #4771, #8153 ) ;
#6081 = CARTESIAN_POINT ( 'NONE',  ( 29.57888850641910139, -40.11309130870348127, -20.00000000000000000 ) ) ;
#6082 = CIRCLE ( 'NONE', #6644, 3.100000000000000533 ) ;
#6083 = ORIENTED_EDGE ( 'NONE', *, *, #8070, .T. ) ;
#6084 = ORIENTED_EDGE ( 'NONE', *, *, #277, .T. ) ;
#6085 = EDGE_CURVE ( 'NONE', #367, #8278, #3957, .T. ) ;
#6086 = CARTESIAN_POINT ( 'NONE',  ( -77.00000000000000000, -33.00000000000000000, -13.00000000000000178 ) ) ;
#6087 = CARTESIAN_POINT ( 'NONE',  ( -40.00000000000000000, 23.00000000000000000, 10.00000000000000000 ) ) ;
#6088 = AXIS2_PLACEMENT_3D ( 'NONE', #2171, #4827, #7488 ) ;
#6089 = LINE ( 'NONE', #7859, #620 ) ;
#6090 = ORIENTED_EDGE ( 'NONE', *, *, #8084, .F. ) ;
#6091 = LINE ( 'NONE', #5392, #4039 ) ;
#6092 = VECTOR ( 'NONE', #3131, 1000.000000000000000 ) ;
#6093 = EDGE_CURVE ( 'NONE', #4143, #2785, #6792, .T. ) ;
#6094 = VERTEX_POINT ( 'NONE', #62 ) ;
#6095 = EDGE_CURVE ( 'NONE', #6422, #1913, #3266, .T. ) ;
#6096 = EDGE_CURVE ( 'NONE', #5531, #1455, #1964, .T. ) ;
#6097 = DIRECTION ( 'NONE',  ( 0.000000000000000000, -2.645453300850695976E-12, -1.000000000000000000 ) ) ;
#6098 = CONICAL_SURFACE ( 'NONE', #2062, 3.000000000000002665, 0.7853981633974476129 ) ;
#6099 = EDGE_LOOP ( 'NONE', ( #811, #6299, #2790, #3125 ) ) ;
#6100 = CARTESIAN_POINT ( 'NONE',  ( -48.00000000000000000, 19.50000000000000000, -13.00000000000000000 ) ) ;
#6101 = AXIS2_PLACEMENT_3D ( 'NONE', #4676, #7259, #4063 ) ;
#6102 = ORIENTED_EDGE ( 'NONE', *, *, #5999, .F. ) ;
#6104 = FACE_BOUND ( 'NONE', #6888, .T. ) ;
#6103 = VECTOR ( 'NONE', #8047, 1000.000000000000000 ) ;
#6105 = DIRECTION ( 'NONE',  ( 0.000000000000000000, 1.000000000000000000, 0.000000000000000000 ) ) ;
#6106 = AXIS2_PLACEMENT_3D ( 'NONE', #6334, #7732, #399 ) ;
#6107 = AXIS2_PLACEMENT_3D ( 'NONE', #4601, #3370, #785 ) ;
#6108 = ORIENTED_EDGE ( 'NONE', *, *, #2914, .T. ) ;
#6109 = ORIENTED_EDGE ( 'NONE', *, *, #8583, .T. ) ;
#6110 = AXIS2_PLACEMENT_3D ( 'NONE', #8538, #2563, #6577 ) ;
#6111 = ORIENTED_EDGE ( 'NONE', *, *, #7425, .F. ) ;
#6112 = AXIS2_PLACEMENT_3D ( 'NONE', #5445, #4098, #4792 ) ;
#6113 = VECTOR ( 'NONE', #4551, 1000.000000000000000 ) ;
#6114 = CARTESIAN_POINT ( 'NONE',  ( -17.67766952966355376, -53.00000000000000000, 17.67766952966379534 ) ) ;
#6115 = DIRECTION ( 'NONE',  ( 0.000000000000000000, -1.000000000000000000, 0.000000000000000000 ) ) ;
#6116 = DIRECTION ( 'NONE',  ( 1.000000000000000000, 0.000000000000000000, 0.000000000000000000 ) ) ;
#6117 = EDGE_CURVE ( 'NONE', #6641, #3193, #6926, .T. ) ;
#6118 = LINE ( 'NONE', #2275, #7004 ) ;
#6119 = CARTESIAN_POINT ( 'NONE',  ( -48.00000000000000000, 30.00000000000000000, -13.00000000000000000 ) ) ;
#6120 = VECTOR ( 'NONE', #2112, 1000.000000000000000 ) ;
#6121 = AXIS2_PLACEMENT_3D ( 'NONE', #884, #6256, #4292 ) ;
#6122 = VERTEX_POINT ( 'NONE', #4653 ) ;
#6123 = VERTEX_POINT ( 'NONE', #7893 ) ;
#6124 = DIRECTION ( 'NONE',  ( 0.000000000000000000, -1.000000000000000000, 0.000000000000000000 ) ) ;
#6125 = DIRECTION ( 'NONE',  ( 1.000000000000000000, 0.000000000000000000, 5.302557729552989442E-17 ) ) ;
#6126 = VECTOR ( 'NONE', #4418, 1000.000000000000000 ) ;
#6127 = DIRECTION ( 'NONE',  ( 0.000000000000000000, 1.000000000000000000, 0.000000000000000000 ) ) ;
#6128 = DIRECTION ( 'NONE',  ( 0.000000000000000000, 0.000000000000000000, -1.000000000000000000 ) ) ;
#6129 = CARTESIAN_POINT ( 'NONE',  ( 17.67766952966359995, -13.60000000000000142, 17.67766952966379534 ) ) ;
#6130 = AXIS2_PLACEMENT_3D ( 'NONE', #1473, #4872, #4127 ) ;
#6131 = EDGE_CURVE ( 'NONE', #6122, #5950, #8605, .T. ) ;
#6132 = DIRECTION ( 'NONE',  ( 0.000000000000000000, 0.000000000000000000, 1.000000000000000000 ) ) ;
#6133 = ORIENTED_EDGE ( 'NONE', *, *, #6396, .T. ) ;
#6134 = ORIENTED_EDGE ( 'NONE', *, *, #7696, .T. ) ;
#6135 = LINE ( 'NONE', #148, #4863 ) ;
#6136 = DIRECTION ( 'NONE',  ( 0.000000000000000000, 0.000000000000000000, -1.000000000000000000 ) ) ;
#6137 = FACE_OUTER_BOUND ( 'NONE', #2202, .T. ) ;
#6138 = ORIENTED_EDGE ( 'NONE', *, *, #5911, .T. ) ;
#6139 = FACE_OUTER_BOUND ( 'NONE', #4621, .T. ) ;
#6140 = ORIENTED_EDGE ( 'NONE', *, *, #2474, .F. ) ;
#6141 = DIRECTION ( 'NONE',  ( 0.000000000000000000, 0.000000000000000000, 1.000000000000000000 ) ) ;
#6142 = ORIENTED_EDGE ( 'NONE', *, *, #2228, .T. ) ;
#6143 = VERTEX_POINT ( 'NONE', #642 ) ;
#6144 = FACE_OUTER_BOUND ( 'NONE', #3388, .T. ) ;
#6145 = EDGE_CURVE ( 'NONE', #8110, #1735, #91, .T. ) ;
#6146 = ORIENTED_EDGE ( 'NONE', *, *, #3485, .F. ) ;
#6147 = CARTESIAN_POINT ( 'NONE',  ( -9.500000000000000000, -30.00000000000000000, -12.00000000000000000 ) ) ;
#6148 = EDGE_CURVE ( 'NONE', #1886, #562, #2192, .T. ) ;
#6149 = CALENDAR_DATE ( 2026, 24, 3 ) ;
#6150 = DIRECTION ( 'NONE',  ( 0.000000000000000000, 1.000000000000000000, 0.000000000000000000 ) ) ;
#6151 = ORIENTED_EDGE ( 'NONE', *, *, #1264, .F. ) ;
#6152 = ORIENTED_EDGE ( 'NONE', *, *, #6358, .F. ) ;
#6153 = ORIENTED_EDGE ( 'NONE', *, *, #386, .F. ) ;
#6154 = DIRECTION ( 'NONE',  ( 0.000000000000000000, 0.000000000000000000, 1.000000000000000000 ) ) ;
#6155 = DIRECTION ( 'NONE',  ( 0.000000000000000000, 0.000000000000000000, -1.000000000000000000 ) ) ;
#6156 = EDGE_CURVE ( 'NONE', #7747, #8418, #7770, .T. ) ;
#6157 = LINE ( 'NONE', #171, #923 ) ;
#6158 = CARTESIAN_POINT ( 'NONE',  ( -59.00000000000000000, -20.00000000000000000, -19.80000000000000071 ) ) ;
#6159 = DIRECTION ( 'NONE',  ( 0.000000000000000000, 0.000000000000000000, 1.000000000000000000 ) ) ;
#6160 = EDGE_LOOP ( 'NONE', ( #449, #5398, #4794, #5512 ) ) ;
#6161 = EDGE_CURVE ( 'NONE', #5544, #1784, #4422, .T. ) ;
#6162 = VERTEX_POINT ( 'NONE', #188 ) ;
#6163 = DIRECTION ( 'NONE',  ( 0.000000000000000000, 0.000000000000000000, -1.000000000000000000 ) ) ;
#6164 = CARTESIAN_POINT ( 'NONE',  ( 2.081668171172170091E-14, -19.50000000000000000, -25.00000000000000000 ) ) ;
#6165 = CARTESIAN_POINT ( 'NONE',  ( -67.00000000000000000, -14.55000000000000071, -19.75000000000000000 ) ) ;
#6166 = CARTESIAN_POINT ( 'NONE',  ( -0.5656854249492400122, -4.163799117100999770E-15, -17.00000000000000000 ) ) ;
#6167 = CYLINDRICAL_SURFACE ( 'NONE', #4671, 3.100000000000000533 ) ;
#6168 = DIRECTION ( 'NONE',  ( 0.000000000000000000, 0.7608695652172486890, -0.6489048502870934376 ) ) ;
#6169 = AXIS2_PLACEMENT_3D ( 'NONE', #5540, #2238, #7686 ) ;
#6170 = ORIENTED_EDGE ( 'NONE', *, *, #7835, .F. ) ;
#6171 = VERTEX_POINT ( 'NONE', #2860 ) ;
#6172 = ADVANCED_FACE ( 'NONE', ( #1593 ), #1470, .T. ) ;
#6173 = DIRECTION ( 'NONE',  ( 0.000000000000000000, -1.000000000000000000, 0.000000000000000000 ) ) ;
#6174 = DIRECTION ( 'NONE',  ( 0.000000000000000000, 0.000000000000000000, -1.000000000000000000 ) ) ;
#6175 = AXIS2_PLACEMENT_3D ( 'NONE', #6592, #7372, #4095 ) ;
#6176 = DIRECTION ( 'NONE',  ( -1.000000000000000000, 0.000000000000000000, 0.000000000000000000 ) ) ;
#6177 = FACE_OUTER_BOUND ( 'NONE', #1866, .T. ) ;
#6178 = ORIENTED_EDGE ( 'NONE', *, *, #7566, .F. ) ;
#6179 = DIRECTION ( 'NONE',  ( 0.000000000000000000, 0.000000000000000000, 1.000000000000000000 ) ) ;
#6180 = EDGE_LOOP ( 'NONE', ( #959, #2856, #7982, #5629 ) ) ;
#6181 = CARTESIAN_POINT ( 'NONE',  ( -9.500000000000000000, -23.00000000000000000, -11.75000000000000000 ) ) ;
#6182 = ORIENTED_EDGE ( 'NONE', *, *, #1533, .F. ) ;
#6183 = DIRECTION ( 'NONE',  ( 0.000000000000000000, -1.000000000000000000, 0.000000000000000000 ) ) ;
#6184 = ORIENTED_EDGE ( 'NONE', *, *, #4399, .T. ) ;
#6185 = CARTESIAN_POINT ( 'NONE',  ( 0.000000000000000000, 30.00000000000000000, -20.00000000000000000 ) ) ;
#6186 = VECTOR ( 'NONE', #4719, 1000.000000000000000 ) ;
#6187 = DIRECTION ( 'NONE',  ( -1.000000000000000000, 0.000000000000000000, 0.000000000000000000 ) ) ;
#6188 = ORIENTED_EDGE ( 'NONE', *, *, #7977, .F. ) ;
#6189 = ORIENTED_EDGE ( 'NONE', *, *, #1413, .T. ) ;
#6190 = ORIENTED_EDGE ( 'NONE', *, *, #589, .F. ) ;
#6191 = VERTEX_POINT ( 'NONE', #6788 ) ;
#6192 = VECTOR ( 'NONE', #151, 1000.000000000000000 ) ;
#6193 = VECTOR ( 'NONE', #1684, 1000.000000000000000 ) ;
#6194 = DIRECTION ( 'NONE',  ( 1.000000000000000000, 0.000000000000000000, 0.000000000000000000 ) ) ;
#6195 = DIRECTION ( 'NONE',  ( 0.000000000000000000, 1.000000000000000000, 0.000000000000000000 ) ) ;
#6196 = PLANE ( 'NONE',  #2877 ) ;
#6197 = CARTESIAN_POINT ( 'NONE',  ( -67.00000000000000000, -30.00000000000000000, 19.75000000000000000 ) ) ;
#6198 = DIRECTION ( 'NONE',  ( 0.000000000000000000, -1.000000000000000000, 0.000000000000000000 ) ) ;
#6199 = VECTOR ( 'NONE', #6294, 1000.000000000000114 ) ;
#6200 = ADVANCED_FACE ( 'NONE', ( #2253 ), #6518, .F. ) ;
#6201 = VECTOR ( 'NONE', #7605, 1000.000000000000000 ) ;
#6202 = ORIENTED_EDGE ( 'NONE', *, *, #1227, .T. ) ;
#6203 = ADVANCED_FACE ( 'NONE', ( #6915, #7402 ), #3563, .T. ) ;
#6204 = ORIENTED_EDGE ( 'NONE', *, *, #2604, .F. ) ;
#6205 = DIRECTION ( 'NONE',  ( 0.000000000000000000, -1.000000000000000000, 0.000000000000000000 ) ) ;
#6206 = CARTESIAN_POINT ( 'NONE',  ( 77.00000000000000000, -33.00000000000000000, 13.00000000000000178 ) ) ;
#6207 = DIRECTION ( 'NONE',  ( 1.000000000000000000, 0.000000000000000000, 0.000000000000000000 ) ) ;
#6208 = CARTESIAN_POINT ( 'NONE',  ( -17.67766952966359995, -13.60000000000000142, -22.92766952966377758 ) ) ;
#6209 = LINE ( 'NONE', #278, #4446 ) ;
#6210 = DIRECTION ( 'NONE',  ( 0.000000000000000000, 0.000000000000000000, 1.000000000000000000 ) ) ;
#6211 = EDGE_LOOP ( 'NONE', ( #8627, #2868, #4243, #5385 ) ) ;
#6212 = ORIENTED_EDGE ( 'NONE', *, *, #109, .F. ) ;
#6213 = CARTESIAN_POINT ( 'NONE',  ( -67.00000000000000000, -14.55000000000000071, 19.75000000000000000 ) ) ;
#6214 = CARTESIAN_POINT ( 'NONE',  ( 90.00000000000000000, -25.00000000000000000, -20.00000000000000000 ) ) ;
#6215 = LINE ( 'NONE', #6916, #4381 ) ;
#6216 = DIRECTION ( 'NONE',  ( 0.000000000000000000, 0.000000000000000000, -1.000000000000000000 ) ) ;
#6217 = ORIENTED_EDGE ( 'NONE', *, *, #3618, .F. ) ;
#6218 = DIRECTION ( 'NONE',  ( 1.000000000000000000, 0.000000000000000000, 0.000000000000000000 ) ) ;
#6219 = AXIS2_PLACEMENT_3D ( 'NONE', #6923, #197, #5523 ) ;
#6220 = ADVANCED_FACE ( 'NONE', ( #4170 ), #7631, .F. ) ;
#6221 = EDGE_LOOP ( 'NONE', ( #3203, #2037 ) ) ;
#6222 = LOCAL_TIME ( 0, 52, 31.00000000000000000, #8283 ) ;
#6223 = CARTESIAN_POINT ( 'NONE',  ( -56.50000000000000000, 20.00000000000000000, 20.00000000000000000 ) ) ;
#6224 = ORIENTED_EDGE ( 'NONE', *, *, #5726, .T. ) ;
#6225 = DIRECTION ( 'NONE',  ( -1.000000000000000000, 0.000000000000000000, 0.000000000000000000 ) ) ;
#6226 = CARTESIAN_POINT ( 'NONE',  ( -17.67766952966355376, -6.600000000000001421, 17.67766952966379534 ) ) ;
#6227 = VERTEX_POINT ( 'NONE', #102 ) ;
#6228 = CARTESIAN_POINT ( 'NONE',  ( -67.00000000000000000, -11.44999999999999929, 18.34248115566045101 ) ) ;
#6229 = APPLICATION_PROTOCOL_DEFINITION ( 'international standard', 'config_control_design', 1994, #4995 ) ;
#6230 = EDGE_CURVE ( 'NONE', #2015, #6994, #4082, .T. ) ;
#6231 = CARTESIAN_POINT ( 'NONE',  ( -31.00000000000000000, -25.00000000000000000, 12.00000000000000000 ) ) ;
#6232 = ORIENTED_EDGE ( 'NONE', *, *, #7594, .F. ) ;
#6233 = CONICAL_SURFACE ( 'NONE', #4280, 2.458500000000000796, 1.047197551196378473 ) ;
#6234 = ORIENTED_EDGE ( 'NONE', *, *, #1995, .F. ) ;
#6235 = ORIENTED_EDGE ( 'NONE', *, *, #4773, .F. ) ;
#6236 = VECTOR ( 'NONE', #5480, 999.9999999999998863 ) ;
#6237 = DIRECTION ( 'NONE',  ( 1.000000000000000000, 0.000000000000000000, 0.000000000000000000 ) ) ;
#6238 = CARTESIAN_POINT ( 'NONE',  ( -33.91096845495840029, -42.99999999999999289, 8.623921385048946675 ) ) ;
#6239 = CARTESIAN_POINT ( 'NONE',  ( 36.25000000000000000, -49.79999999999999716, -13.00000000000000178 ) ) ;
#6240 = VECTOR ( 'NONE', #1117, 1000.000000000000000 ) ;
#6241 = DIRECTION ( 'NONE',  ( 0.7071067811865600072, -8.659560562355089398E-17, 0.7071067811865350272 ) ) ;
#6242 = AXIS2_PLACEMENT_3D ( 'NONE', #6206, #4161, #7652 ) ;
#6243 = LINE ( 'NONE', #2975, #5995 ) ;
#6244 = AXIS2_PLACEMENT_3D ( 'NONE', #3052, #7760, #1783 ) ;
#6245 = CIRCLE ( 'NONE', #2496, 5.000000000000000888 ) ;
#6246 = ORIENTED_EDGE ( 'NONE', *, *, #7397, .F. ) ;
#6247 = AXIS2_PLACEMENT_3D ( 'NONE', #2410, #1672, #1754 ) ;
#6248 = ORIENTED_EDGE ( 'NONE', *, *, #1312, .T. ) ;
#6249 = CARTESIAN_POINT ( 'NONE',  ( -40.00000000000000000, -23.00000000000000000, -20.00000000000000000 ) ) ;
#6250 = FACE_OUTER_BOUND ( 'NONE', #2399, .T. ) ;
#6251 = ADVANCED_FACE ( 'NONE', ( #2122 ), #3478, .F. ) ;
#6252 = DIRECTION ( 'NONE',  ( 0.000000000000000000, -1.000000000000000000, 3.573530360524766437E-12 ) ) ;
#6253 = VECTOR ( 'NONE', #5432, 1000.000000000000000 ) ;
#6254 = DIRECTION ( 'NONE',  ( 0.000000000000000000, 0.000000000000000000, -1.000000000000000000 ) ) ;
#6255 = VECTOR ( 'NONE', #1504, 1000.000000000000000 ) ;
#6256 = DIRECTION ( 'NONE',  ( 0.000000000000000000, -1.000000000000000000, 0.000000000000000000 ) ) ;
#6257 = ADVANCED_FACE ( 'NONE', ( #8101 ), #1428, .T. ) ;
#6258 = CARTESIAN_POINT ( 'NONE',  ( 2.081668171172170091E-14, -6.600000000000001421, -25.00000000000000000 ) ) ;
#6259 = ORIENTED_EDGE ( 'NONE', *, *, #6819, .F. ) ;
#6260 = EDGE_LOOP ( 'NONE', ( #1361, #8589 ) ) ;
#6261 = AXIS2_PLACEMENT_3D ( 'NONE', #8616, #3816, #5821 ) ;
#6262 = AXIS2_PLACEMENT_3D ( 'NONE', #6073, #2109, #173 ) ;
#6263 = DIRECTION ( 'NONE',  ( 0.000000000000000000, -1.000000000000000000, 0.000000000000000000 ) ) ;
#6264 = DIRECTION ( 'NONE',  ( 0.000000000000000000, -1.000000000000000000, 0.000000000000000000 ) ) ;
#6265 = VECTOR ( 'NONE', #6750, 1000.000000000000000 ) ;
#6266 = DIRECTION ( 'NONE',  ( 0.000000000000000000, 0.000000000000000000, -1.000000000000000000 ) ) ;
#6267 = CARTESIAN_POINT ( 'NONE',  ( -95.00000000000000000, -48.00000000000000000, 20.00000000000000000 ) ) ;
#6268 = LINE ( 'NONE', #7576, #1808 ) ;
#6269 = EDGE_CURVE ( 'NONE', #3823, #4514, #244, .T. ) ;
#6270 = AXIS2_PLACEMENT_3D ( 'NONE', #2937, #5591, #8257 ) ;
#6271 = CIRCLE ( 'NONE', #4606, 5.250000000000004441 ) ;
#6272 = VERTEX_POINT ( 'NONE', #5433 ) ;
#6273 = FACE_OUTER_BOUND ( 'NONE', #2538, .T. ) ;
#6274 = VERTEX_POINT ( 'NONE', #891 ) ;
#6275 = ADVANCED_FACE ( 'NONE', ( #4778 ), #4214, .T. ) ;
#6276 = CC_DESIGN_PERSON_AND_ORGANIZATION_ASSIGNMENT ( #5094, #1737, ( #3865 ) ) ;
#6277 = DIRECTION ( 'NONE',  ( 0.000000000000000000, 0.000000000000000000, -1.000000000000000000 ) ) ;
#6278 = ORIENTED_EDGE ( 'NONE', *, *, #3077, .T. ) ;
#6279 = DIRECTION ( 'NONE',  ( 0.000000000000000000, 0.000000000000000000, 1.000000000000000000 ) ) ;
#6280 = PERSON_AND_ORGANIZATION_ROLE ( 'creator' ) ;
#6281 = DIRECTION ( 'NONE',  ( 2.312964634635742267E-15, 0.000000000000000000, 1.000000000000000000 ) ) ;
#6282 = ORIENTED_EDGE ( 'NONE', *, *, #735, .T. ) ;
#6283 = VERTEX_POINT ( 'NONE', #6214 ) ;
#6284 = ADVANCED_FACE ( 'NONE', ( #2164, #851 ), #4820, .T. ) ;
#6285 = LINE ( 'NONE', #5014, #3124 ) ;
#6286 = FACE_OUTER_BOUND ( 'NONE', #6290, .T. ) ;
#6287 = DIRECTION ( 'NONE',  ( 0.000000000000000000, 0.7380952380954969305, -0.6746965388237529115 ) ) ;
#6288 = CARTESIAN_POINT ( 'NONE',  ( -17.67766952966359995, -19.50000000000000000, -22.92766952966377758 ) ) ;
#6289 = EDGE_LOOP ( 'NONE', ( #3359, #4483, #3101, #2099 ) ) ;
#6290 = EDGE_LOOP ( 'NONE', ( #241, #2232, #8502, #381 ) ) ;
#6291 = CARTESIAN_POINT ( 'NONE',  ( -54.10000000000000142, -20.00000000000000000, -19.90000000000000213 ) ) ;
#6292 = DIRECTION ( 'NONE',  ( 0.000000000000000000, -1.000000000000000000, 0.000000000000000000 ) ) ;
#6293 = CARTESIAN_POINT ( 'NONE',  ( 30.05396229619219639, -40.96432647511029046, -18.17460236051823230 ) ) ;
#6294 = DIRECTION ( 'NONE',  ( 1.004472570999919932E-07, 0.7071067811865419106, -0.7071067811865460184 ) ) ;
#6295 = CARTESIAN_POINT ( 'NONE',  ( -31.29731734192458958, -42.14080702431724035, 18.24577364097287457 ) ) ;
#6296 = AXIS2_PLACEMENT_3D ( 'NONE', #5747, #5791, #1169 ) ;
#6297 = FACE_BOUND ( 'NONE', #5223, .T. ) ;
#6298 = UNCERTAINTY_MEASURE_WITH_UNIT (LENGTH_MEASURE( 1.000000000000000082E-05 ), #907, 'distance_accuracy_value', 'NONE');
#6299 = ORIENTED_EDGE ( 'NONE', *, *, #1614, .T. ) ;
#6300 = ORIENTED_EDGE ( 'NONE', *, *, #3276, .T. ) ;
#6301 = FACE_OUTER_BOUND ( 'NONE', #476, .T. ) ;
#6302 = EDGE_CURVE ( 'NONE', #3789, #5196, #1505, .T. ) ;
#6303 = LINE ( 'NONE', #6478, #6665 ) ;
#6304 = LINE ( 'NONE', #1723, #1328 ) ;
#6305 = LINE ( 'NONE', #894, #3825 ) ;
#6306 = DIRECTION ( 'NONE',  ( 0.000000000000000000, 1.000000000000000000, 0.000000000000000000 ) ) ;
#6307 = CIRCLE ( 'NONE', #2551, 17.00000000000000000 ) ;
#6308 = VERTEX_POINT ( 'NONE', #362 ) ;
#6309 = EDGE_CURVE ( 'NONE', #3108, #1260, #5646, .T. ) ;
#6310 = AXIS2_PLACEMENT_3D ( 'NONE', #7951, #1974, #7987 ) ;
#6311 = EDGE_CURVE ( 'NONE', #3368, #4822, #5032, .T. ) ;
#6312 = LINE ( 'NONE', #6404, #6811 ) ;
#6313 = ORIENTED_EDGE ( 'NONE', *, *, #3814, .F. ) ;
#6314 = CARTESIAN_POINT ( 'NONE',  ( -77.35106857177699169, 53.00000000000000000, 8.900000000000000355 ) ) ;
#6315 = ORIENTED_EDGE ( 'NONE', *, *, #8441, .F. ) ;
#6316 = CARTESIAN_POINT ( 'NONE',  ( 0.000000000000000000, -24.19999999999999929, 1.699999999999999956 ) ) ;
#6317 = DATE_AND_TIME ( #2439, #6222 ) ;
#6318 = DIRECTION ( 'NONE',  ( 1.000000000000000000, 0.000000000000000000, 0.000000000000000000 ) ) ;
#6319 = EDGE_CURVE ( 'NONE', #1566, #4925, #6303, .T. ) ;
#6320 = ORIENTED_EDGE ( 'NONE', *, *, #4180, .T. ) ;
#6321 = ORIENTED_EDGE ( 'NONE', *, *, #4093, .T. ) ;
#6322 = CARTESIAN_POINT ( 'NONE',  ( 17.67766952966359995, -53.00000000000000000, 12.42766952966379357 ) ) ;
#6323 = ORIENTED_EDGE ( 'NONE', *, *, #6093, .T. ) ;
#6324 = DIRECTION ( 'NONE',  ( -0.000000000000000000, 1.000000000000000000, 0.000000000000000000 ) ) ;
#6325 = AXIS2_PLACEMENT_3D ( 'NONE', #168, #2836, #3410 ) ;
#6326 = LINE ( 'NONE', #390, #5250 ) ;
#6327 = LINE ( 'NONE', #2839, #7705 ) ;
#6328 = CARTESIAN_POINT ( 'NONE',  ( 0.000000000000000000, -11.44999999999999929, -19.49999999999930012 ) ) ;
#6329 = EDGE_CURVE ( 'NONE', #849, #8365, #500, .T. ) ;
#6330 = EDGE_CURVE ( 'NONE', #7787, #4485, #3081, .T. ) ;
#6331 = EDGE_LOOP ( 'NONE', ( #7437, #1923, #3764, #3069 ) ) ;
#6332 = ORIENTED_EDGE ( 'NONE', *, *, #4179, .F. ) ;
#6333 =( REPRESENTATION_RELATIONSHIP ('NONE','NONE', #7323, #5205 ) REPRESENTATION_RELATIONSHIP_WITH_TRANSFORMATION ( #8506 )SHAPE_REPRESENTATION_RELATIONSHIP( ) );
#6334 = CARTESIAN_POINT ( 'NONE',  ( -48.00000000000000000, 19.00000000000000000, 13.00000000000000000 ) ) ;
#6335 = DIRECTION ( 'NONE',  ( 1.000000000000000000, 0.000000000000000000, 0.000000000000000000 ) ) ;
#6336 = CARTESIAN_POINT ( 'NONE',  ( 31.09909680694862999, -41.99893260988114463, -18.25241648496925961 ) ) ;
#6337 = LINE ( 'NONE', #8304, #6065 ) ;
#6338 = AXIS2_PLACEMENT_3D ( 'NONE', #7079, #446, #490 ) ;
#6339 = VECTOR ( 'NONE', #2020, 1000.000000000000000 ) ;
#6340 = CYLINDRICAL_SURFACE ( 'NONE', #6552, 45.00000000000000000 ) ;
#6341 = EDGE_CURVE ( 'NONE', #613, #1770, #6998, .T. ) ;
#6342 = DIRECTION ( 'NONE',  ( 0.000000000000000000, -1.168421699262850044E-09, 1.000000000000000000 ) ) ;
#6343 = VERTEX_POINT ( 'NONE', #6347 ) ;
#6344 = ORIENTED_EDGE ( 'NONE', *, *, #6796, .F. ) ;
#6345 = AXIS2_PLACEMENT_3D ( 'NONE', #1410, #6690, #45 ) ;
#6346 = CARTESIAN_POINT ( 'NONE',  ( -54.00000000000000000, -53.00000000000000000, 0.000000000000000000 ) ) ;
#6347 = CARTESIAN_POINT ( 'NONE',  ( 90.00000000000000000, -25.00000000000000000, 20.00000000000000000 ) ) ;
#6348 = FACE_OUTER_BOUND ( 'NONE', #4411, .T. ) ;
#6349 = CARTESIAN_POINT ( 'NONE',  ( -34.11042744160234719, -43.00000000000000000, -20.00000000000000000 ) ) ;
#6350 = DIRECTION ( 'NONE',  ( 0.000000000000000000, 0.000000000000000000, -1.000000000000000000 ) ) ;
#6351 = ORIENTED_EDGE ( 'NONE', *, *, #8156, .T. ) ;
#6352 = ORIENTED_EDGE ( 'NONE', *, *, #5771, .F. ) ;
#6353 = CYLINDRICAL_SURFACE ( 'NONE', #3333, 4.999999999999997335 ) ;
#6354 = VERTEX_POINT ( 'NONE', #6393 ) ;
#6355 = EDGE_LOOP ( 'NONE', ( #7858, #8496, #8631, #1435, #5714, #3782, #723, #7909 ) ) ;
#6356 = DIRECTION ( 'NONE',  ( 0.000000000000000000, 1.000000000000000000, 0.000000000000000000 ) ) ;
#6357 = ORIENTED_EDGE ( 'NONE', *, *, #3969, .F. ) ;
#6358 = EDGE_CURVE ( 'NONE', #7087, #7646, #1929, .T. ) ;
#6359 = CARTESIAN_POINT ( 'NONE',  ( -31.00000000000000000, -30.00000000000000000, 12.00000000000000000 ) ) ;
#6360 = PERSON_AND_ORGANIZATION_ROLE ( 'design_owner' ) ;
#6361 = EDGE_CURVE ( 'NONE', #523, #8322, #3727, .T. ) ;
#6362 = CARTESIAN_POINT ( 'NONE',  ( -36.99000000000000199, -23.00000000000000000, -20.00000000000000000 ) ) ;
#6363 = EDGE_CURVE ( 'NONE', #8485, #7444, #5738, .T. ) ;
#6364 = CIRCLE ( 'NONE', #7474, 2.458500000000000796 ) ;
#6365 = EDGE_LOOP ( 'NONE', ( #4961, #5581, #3857, #8034 ) ) ;
#6366 = ORIENTED_EDGE ( 'NONE', *, *, #3594, .T. ) ;
#6367 = DIRECTION ( 'NONE',  ( 0.000000000000000000, -0.7608695652172483559, -0.6489048502870938817 ) ) ;
#6368 = VERTEX_POINT ( 'NONE', #6437 ) ;
#6369 = DIRECTION ( 'NONE',  ( 0.000000000000000000, 0.000000000000000000, 1.000000000000000000 ) ) ;
#6370 = AXIS2_PLACEMENT_3D ( 'NONE', #155, #3439, #7578 ) ;
#6371 = CARTESIAN_POINT ( 'NONE',  ( -48.00000000000000000, 19.50000000000000000, -13.00000000000000000 ) ) ;
#6372 = CARTESIAN_POINT ( 'NONE',  ( -48.00000000000000000, 29.45849999999999724, 13.00000000000000000 ) ) ;
#6373 = LINE ( 'NONE', #3586, #5851 ) ;
#6374 = CIRCLE ( 'NONE', #522, 3.009999999999998899 ) ;
#6375 = ORIENTED_EDGE ( 'NONE', *, *, #2792, .F. ) ;
#6376 = CC_DESIGN_APPROVAL ( #4466, ( #3171 ) ) ;
#6377 = ORIENTED_EDGE ( 'NONE', *, *, #3382, .F. ) ;
#6378 = VECTOR ( 'NONE', #4867, 1000.000000000000000 ) ;
#6379 = EDGE_CURVE ( 'NONE', #3823, #6274, #322, .T. ) ;
#6380 = DIRECTION ( 'NONE',  ( -1.000000000000000000, 0.000000000000000000, 0.000000000000000000 ) ) ;
#6381 = VECTOR ( 'NONE', #1292, 1000.000000000000000 ) ;
#6382 = DIRECTION ( 'NONE',  ( 1.000000000000000000, 0.000000000000000000, 0.000000000000000000 ) ) ;
#6383 = PLANE ( 'NONE',  #7882 ) ;
#6384 = CARTESIAN_POINT ( 'NONE',  ( -67.00000000000000000, -53.00000000000000000, 19.75000000000000000 ) ) ;
#6385 = CARTESIAN_POINT ( 'NONE',  ( -30.54573742021883120, -41.51475749991242026, 18.23291455502927505 ) ) ;
#6386 = DIRECTION ( 'NONE',  ( 1.000000000000000000, 0.000000000000000000, 0.000000000000000000 ) ) ;
#6387 = CIRCLE ( 'NONE', #6247, 16.50000000000000000 ) ;
#6388 = CIRCLE ( 'NONE', #4584, 1.589999999999434532 ) ;
#6389 = ORIENTED_EDGE ( 'NONE', *, *, #8099, .F. ) ;
#6390 = VERTEX_POINT ( 'NONE', #8359 ) ;
#6391 = CARTESIAN_POINT ( 'NONE',  ( -31.00000000000000000, -30.00000000000000000, 12.00000000000000000 ) ) ;
#6392 = CONICAL_SURFACE ( 'NONE', #2906, 3.000000000000000888, 0.7853981633974476129 ) ;
#6393 = CARTESIAN_POINT ( 'NONE',  ( -67.00000000000000000, 11.44999999999999929, 18.34248115566045101 ) ) ;
#6394 = VECTOR ( 'NONE', #2098, 1000.000000000000000 ) ;
#6395 = CARTESIAN_POINT ( 'NONE',  ( -9.500000000000000000, -30.00000000000000000, -12.25000000000000000 ) ) ;
#6396 = EDGE_CURVE ( 'NONE', #1223, #6123, #4340, .T. ) ;
#6397 = DIRECTION ( 'NONE',  ( 0.000000000000000000, 0.000000000000000000, 1.000000000000000000 ) ) ;
#6398 = CARTESIAN_POINT ( 'NONE',  ( -40.00000000000000000, 23.00000000000000000, -20.00000000000000000 ) ) ;
#6399 = AXIS2_PLACEMENT_3D ( 'NONE', #6521, #3948, #5253 ) ;
#6400 = VECTOR ( 'NONE', #3832, 999.9999999999998863 ) ;
#6401 = ORIENTED_EDGE ( 'NONE', *, *, #621, .T. ) ;
#6402 = EDGE_LOOP ( 'NONE', ( #1394, #2138 ) ) ;
#6403 = CIRCLE ( 'NONE', #7243, 2.066999999999999282 ) ;
#6404 = CARTESIAN_POINT ( 'NONE',  ( 0.000000000000000000, -23.00000000000000000, 15.45850000000000080 ) ) ;
#6405 = CARTESIAN_POINT ( 'NONE',  ( 0.000000000000000000, 11.24999999999945999, -19.69999999999999929 ) ) ;
#6406 = CARTESIAN_POINT ( 'NONE',  ( -48.00000000000000000, 30.00000000000000000, -13.00000000000000000 ) ) ;
#6407 = VERTEX_POINT ( 'NONE', #1764 ) ;
#6408 = CARTESIAN_POINT ( 'NONE',  ( -56.50000000000000000, -20.00000000000000000, 19.80000000000000071 ) ) ;
#6409 = VECTOR ( 'NONE', #2840, 999.9999999999998863 ) ;
#6410 = CARTESIAN_POINT ( 'NONE',  ( 85.00000000000000000, -43.00000000000000000, 20.00000000000000000 ) ) ;
#6411 = CIRCLE ( 'NONE', #7110, 5.250000000000004441 ) ;
#6412 = COORDINATED_UNIVERSAL_TIME_OFFSET ( 6, 0, .BEHIND. ) ;
#6413 = DIRECTION ( 'NONE',  ( 0.000000000000000000, 0.000000000000000000, -1.000000000000000000 ) ) ;
#6414 = ORIENTED_EDGE ( 'NONE', *, *, #8039, .T. ) ;
#6415 = EDGE_CURVE ( 'NONE', #6390, #2159, #453, .T. ) ;
#6416 = ORIENTED_EDGE ( 'NONE', *, *, #818, .T. ) ;
#6417 = CARTESIAN_POINT ( 'NONE',  ( -67.00000000000000000, -53.00000000000000000, 19.75000000000000000 ) ) ;
#6418 = EDGE_CURVE ( 'NONE', #776, #1827, #7701, .T. ) ;
#6419 = FACE_OUTER_BOUND ( 'NONE', #3181, .T. ) ;
#6420 = LINE ( 'NONE', #436, #601 ) ;
#6421 = DIRECTION ( 'NONE',  ( 0.000000000000000000, 1.000000000000000000, 0.000000000000000000 ) ) ;
#6422 = VERTEX_POINT ( 'NONE', #5822 ) ;
#6423 = AXIS2_PLACEMENT_3D ( 'NONE', #5733, #4336, #4943 ) ;
#6424 = EDGE_CURVE ( 'NONE', #897, #7369, #4378, .T. ) ;
#6425 = ORIENTED_EDGE ( 'NONE', *, *, #8241, .T. ) ;
#6426 = ADVANCED_FACE ( 'NONE', ( #1020 ), #7613, .F. ) ;
#6427 = CARTESIAN_POINT ( 'NONE',  ( -67.00000000000000000, 11.44999999999999929, 19.69999999999999929 ) ) ;
#6428 = CARTESIAN_POINT ( 'NONE',  ( -77.00000000000000000, -49.79999999999999716, -13.00000000000000178 ) ) ;
#6429 = CYLINDRICAL_SURFACE ( 'NONE', #5498, 14.50000000000000000 ) ;
#6430 = DIRECTION ( 'NONE',  ( 0.000000000000000000, -1.000000000000000000, 0.000000000000000000 ) ) ;
#6431 = CARTESIAN_POINT ( 'NONE',  ( 28.29741968705734223, -37.36497255716493981, -8.446292003237131141 ) ) ;
#6432 = CARTESIAN_POINT ( 'NONE',  ( -67.00000000000000000, 14.55000000000000071, 20.00000000000000000 ) ) ;
#6433 = EDGE_CURVE ( 'NONE', #152, #897, #2625, .T. ) ;
#6434 = ORIENTED_EDGE ( 'NONE', *, *, #564, .F. ) ;
#6435 = ORIENTED_EDGE ( 'NONE', *, *, #1478, .F. ) ;
#6436 = CARTESIAN_POINT ( 'NONE',  ( -40.00000000000000000, -23.00000000000000000, -20.00000000000000000 ) ) ;
#6437 = CARTESIAN_POINT ( 'NONE',  ( -95.00000000000000000, -48.00000000000000000, -20.00000000000000000 ) ) ;
#6438 = DIRECTION ( 'NONE',  ( 0.000000000000000000, -1.000000000000000000, 0.000000000000000000 ) ) ;
#6439 = FACE_OUTER_BOUND ( 'NONE', #5660, .T. ) ;
#6440 = CARTESIAN_POINT ( 'NONE',  ( -25.75000000000000000, -49.79999999999999716, 13.00000000000000178 ) ) ;
#6441 = EDGE_CURVE ( 'NONE', #7264, #8397, #2467, .T. ) ;
#6442 = ORIENTED_EDGE ( 'NONE', *, *, #2691, .T. ) ;
#6443 = ORIENTED_EDGE ( 'NONE', *, *, #6846, .F. ) ;
#6444 = DIRECTION ( 'NONE',  ( 0.000000000000000000, 0.000000000000000000, -1.000000000000000000 ) ) ;
#6445 = VERTEX_POINT ( 'NONE', #3777 ) ;
#6446 = CARTESIAN_POINT ( 'NONE',  ( -17.67766952966359995, -13.60000000000000142, -12.42766952966377403 ) ) ;
#6447 = FACE_OUTER_BOUND ( 'NONE', #5725, .T. ) ;
#6448 = ORIENTED_EDGE ( 'NONE', *, *, #2854, .T. ) ;
#6449 = CARTESIAN_POINT ( 'NONE',  ( -28.04842788558745070, -25.00000000000000000, -20.00000000000000000 ) ) ;
#6450 = CARTESIAN_POINT ( 'NONE',  ( 2.632759230788478889E-14, -19.50000000000000000, 45.00000000000000000 ) ) ;
#6451 = DATE_TIME_ROLE ( 'creation_date' ) ;
#6452 = DIRECTION ( 'NONE',  ( 0.000000000000000000, 0.000000000000000000, -1.000000000000000000 ) ) ;
#6453 = CIRCLE ( 'NONE', #5895, 0.2500000000000002220 ) ;
#6454 = VERTEX_POINT ( 'NONE', #1065 ) ;
#6455 = ORIENTED_EDGE ( 'NONE', *, *, #397, .F. ) ;
#6456 = ORIENTED_EDGE ( 'NONE', *, *, #5688, .T. ) ;
#6457 = FACE_BOUND ( 'NONE', #5603, .T. ) ;
#6458 = DIRECTION ( 'NONE',  ( 0.000000000000000000, -4.045061257620485558E-16, -1.000000000000000000 ) ) ;
#6459 = DIRECTION ( 'NONE',  ( 0.000000000000000000, 0.000000000000000000, 1.000000000000000000 ) ) ;
#6460 = CARTESIAN_POINT ( 'NONE',  ( -46.00000000000000000, 19.80000000000000071, -2.299999999999999822 ) ) ;
#6461 = ORIENTED_EDGE ( 'NONE', *, *, #3386, .F. ) ;
#6462 = EDGE_CURVE ( 'NONE', #2676, #426, #3038, .T. ) ;
#6463 = VERTEX_POINT ( 'NONE', #5337 ) ;
#6464 = AXIS2_PLACEMENT_3D ( 'NONE', #8335, #5623, #5666 ) ;
#6465 = DIRECTION ( 'NONE',  ( 0.000000000000000000, 1.000000000000000000, 0.000000000000000000 ) ) ;
#6466 = CYLINDRICAL_SURFACE ( 'NONE', #7218, 2.458500000000000796 ) ;
#6467 = CARTESIAN_POINT ( 'NONE',  ( -77.00000000000000000, -49.79999999999999716, -13.00000000000000178 ) ) ;
#6468 = LINE ( 'NONE', #2592, #2867 ) ;
#6469 = EDGE_CURVE ( 'NONE', #2392, #2656, #4686, .T. ) ;
#6470 = CARTESIAN_POINT ( 'NONE',  ( -37.23954713860204890, -24.19999999999999929, 2.299999999999999822 ) ) ;
#6471 = EDGE_CURVE ( 'NONE', #6755, #2956, #6938, .T. ) ;
#6472 = CIRCLE ( 'NONE', #2712, 1.589999999999434532 ) ;
#6473 = LINE ( 'NONE', #3405, #7806 ) ;
#6474 = EDGE_CURVE ( 'NONE', #5083, #3530, #674, .T. ) ;
#6475 = EDGE_LOOP ( 'NONE', ( #671, #8369 ) ) ;
#6476 = ORIENTED_EDGE ( 'NONE', *, *, #6329, .T. ) ;
#6477 = CARTESIAN_POINT ( 'NONE',  ( -67.00000000000000000, 11.25000000000069988, 18.34248115566069970 ) ) ;
#6478 = CARTESIAN_POINT ( 'NONE',  ( -27.75418406211094791, -36.20000000000000284, -20.00000000000000000 ) ) ;
#6479 = LINE ( 'NONE', #3082, #2719 ) ;
#6480 = CIRCLE ( 'NONE', #8013, 45.00000000000000000 ) ;
#6481 = VECTOR ( 'NONE', #2254, 1000.000000000000000 ) ;
#6482 = LINE ( 'NONE', #3863, #5780 ) ;
#6483 = CARTESIAN_POINT ( 'NONE',  ( -12.50000000000000000, 23.00000000000000000, -13.00000000000000000 ) ) ;
#6484 = AXIS2_PLACEMENT_3D ( 'NONE', #8434, #5864, #5731 ) ;
#6485 = ORIENTED_EDGE ( 'NONE', *, *, #4358, .T. ) ;
#6486 = EDGE_LOOP ( 'NONE', ( #8158, #5305 ) ) ;
#6487 = FACE_OUTER_BOUND ( 'NONE', #2597, .T. ) ;
#6488 = ORIENTED_EDGE ( 'NONE', *, *, #5767, .T. ) ;
#6489 = CARTESIAN_POINT ( 'NONE',  ( 77.00000000000000000, -33.00000000000000000, 13.00000000000000178 ) ) ;
#6490 = DIRECTION ( 'NONE',  ( -7.455831558639569157E-17, 1.000000000000000000, 0.000000000000000000 ) ) ;
#6491 = ADVANCED_FACE ( 'NONE', ( #2029, #7266 ), #4563, .F. ) ;
#6493 = ORIENTED_EDGE ( 'NONE', *, *, #8393, .F. ) ;
#6492 = ADVANCED_FACE ( 'NONE', ( #5871 ), #6098, .F. ) ;
#6494 = CYLINDRICAL_SURFACE ( 'NONE', #3623, 2.458500000000000796 ) ;
#6495 = FACE_OUTER_BOUND ( 'NONE', #5763, .T. ) ;
#6496 = APPROVAL_ROLE ( '' ) ;
#6497 = CARTESIAN_POINT ( 'NONE',  ( -40.00000000000000000, 23.00000000000000000, -20.00000000000000000 ) ) ;
#6498 = VERTEX_POINT ( 'NONE', #1949 ) ;
#6499 = ORIENTED_EDGE ( 'NONE', *, *, #534, .T. ) ;
#6500 = ORIENTED_EDGE ( 'NONE', *, *, #1632, .F. ) ;
#6501 = LINE ( 'NONE', #1837, #2206 ) ;
#6502 = LINE ( 'NONE', #479, #3547 ) ;
#6503 = EDGE_CURVE ( 'NONE', #4548, #8611, #3257, .T. ) ;
#6504 = DIRECTION ( 'NONE',  ( 1.000000000000000000, 0.000000000000000000, 0.000000000000000000 ) ) ;
#6505 = AXIS2_PLACEMENT_3D ( 'NONE', #6601, #3941, #8523 ) ;
#6506 = DIRECTION ( 'NONE',  ( 0.000000000000000000, 0.000000000000000000, 1.000000000000000000 ) ) ;
#6507 = VERTEX_POINT ( 'NONE', #8617 ) ;
#6508 = ORIENTED_EDGE ( 'NONE', *, *, #3549, .T. ) ;
#6509 = LINE ( 'NONE', #6642, #8337 ) ;
#6510 = DIRECTION ( 'NONE',  ( 1.000000000000000000, 0.000000000000000000, 0.000000000000000000 ) ) ;
#6511 = CARTESIAN_POINT ( 'NONE',  ( 0.000000000000000000, 30.00000000000000000, -20.00000000000000000 ) ) ;
#6512 = AXIS2_PLACEMENT_3D ( 'NONE', #8410, #8320, #7674 ) ;
#6513 = DIRECTION ( 'NONE',  ( 0.000000000000000000, 1.000000000000000000, 0.000000000000000000 ) ) ;
#6514 = FACE_OUTER_BOUND ( 'NONE', #4739, .T. ) ;
#6515 = EDGE_CURVE ( 'NONE', #1480, #5887, #8530, .T. ) ;
#6516 = LOCAL_TIME ( 0, 52, 31.00000000000000000, #6412 ) ;
#6517 = EDGE_LOOP ( 'NONE', ( #7277, #5701 ) ) ;
#6518 = CONICAL_SURFACE ( 'NONE', #7489, 2.700000000000001066, 0.7853981633974560506 ) ;
#6519 = VERTEX_POINT ( 'NONE', #6004 ) ;
#6520 = AXIS2_PLACEMENT_3D ( 'NONE', #4900, #925, #3513 ) ;
#6521 = CARTESIAN_POINT ( 'NONE',  ( -37.23954713860204890, 24.19999999999999929, 2.299999999999999822 ) ) ;
#6522 = DIRECTION ( 'NONE',  ( 0.000000000000000000, 0.000000000000000000, -1.000000000000000000 ) ) ;
#6523 = CARTESIAN_POINT ( 'NONE',  ( -40.00000000000000000, 23.00000000000000000, -2.299999999999999822 ) ) ;
#6524 = DIRECTION ( 'NONE',  ( 0.000000000000000000, 1.000000000000000000, 0.000000000000000000 ) ) ;
#6525 = VECTOR ( 'NONE', #4053, 1000.000000000000000 ) ;
#6526 = DIRECTION ( 'NONE',  ( 0.000000000000000000, -1.000000000000000000, 0.000000000000000000 ) ) ;
#6527 = EDGE_CURVE ( 'NONE', #1770, #7028, #3455, .T. ) ;
#6528 = VECTOR ( 'NONE', #6824, 1000.000000000000000 ) ;
#6529 = AXIS2_PLACEMENT_3D ( 'NONE', #6408, #3790, #427 ) ;
#6530 = ORIENTED_EDGE ( 'NONE', *, *, #3357, .F. ) ;
#6531 = VECTOR ( 'NONE', #3793, 1000.000000000000000 ) ;
#6532 = ORIENTED_EDGE ( 'NONE', *, *, #2640, .T. ) ;
#6533 = AXIS2_PLACEMENT_3D ( 'NONE', #6231, #7629, #4923 ) ;
#6534 = CARTESIAN_POINT ( 'NONE',  ( -40.00000000000000000, 23.00000000000000000, 2.299999999999999822 ) ) ;
#6535 = ORIENTED_EDGE ( 'NONE', *, *, #3936, .T. ) ;
#6536 = VECTOR ( 'NONE', #8602, 1000.000000000000000 ) ;
#6537 = DIRECTION ( 'NONE',  ( 0.000000000000000000, -1.000000000000000000, 0.000000000000000000 ) ) ;
#6538 = CYLINDRICAL_SURFACE ( 'NONE', #2055, 17.00000000000000000 ) ;
#6539 = ADVANCED_FACE ( 'NONE', ( #5254 ), #3215, .T. ) ;
#6540 = ORIENTED_EDGE ( 'NONE', *, *, #1249, .T. ) ;
#6541 = DIRECTION ( 'NONE',  ( 0.000000000000000000, 0.7380952380954938219, -0.6746965388237563532 ) ) ;
#6542 = CARTESIAN_POINT ( 'NONE',  ( -85.00000000000000000, -20.00000000000000000, -20.00000000000000000 ) ) ;
#6543 = VECTOR ( 'NONE', #8269, 1000.000000000000000 ) ;
#6544 = CALENDAR_DATE ( 2026, 24, 3 ) ;
#6545 = CONICAL_SURFACE ( 'NONE', #7097, 2.458500000000000796, 1.047197551196378473 ) ;
#6546 = ORIENTED_EDGE ( 'NONE', *, *, #3262, .F. ) ;
#6547 = EDGE_CURVE ( 'NONE', #7292, #2420, #8055, .T. ) ;
#6548 = ORIENTED_EDGE ( 'NONE', *, *, #8463, .F. ) ;
#6549 = EDGE_LOOP ( 'NONE', ( #4014, #3704, #6074, #4789 ) ) ;
#6550 = FACE_OUTER_BOUND ( 'NONE', #3803, .T. ) ;
#6551 = VECTOR ( 'NONE', #7580, 1000.000000000000000 ) ;
#6552 = AXIS2_PLACEMENT_3D ( 'NONE', #3075, #357, #1715 ) ;
#6553 = ORIENTED_EDGE ( 'NONE', *, *, #4009, .T. ) ;
#6554 = CARTESIAN_POINT ( 'NONE',  ( 28.04842788558745070, -25.00000000000000000, -20.00000000000000000 ) ) ;
#6555 = AXIS2_PLACEMENT_3D ( 'NONE', #1068, #6218, #5036 ) ;
#6556 = DIRECTION ( 'NONE',  ( -1.000000000000000000, 0.000000000000000000, 0.000000000000000000 ) ) ;
#6557 = DIRECTION ( 'NONE',  ( 1.000000000000000000, 0.000000000000000000, 0.000000000000000000 ) ) ;
#6558 = DIRECTION ( 'NONE',  ( 0.000000000000000000, 0.000000000000000000, 1.000000000000000000 ) ) ;
#6559 = ADVANCED_FACE ( 'NONE', ( #5299 ), #8327, .F. ) ;
#6560 = ORIENTED_EDGE ( 'NONE', *, *, #7382, .F. ) ;
#6561 = ORIENTED_EDGE ( 'NONE', *, *, #5931, .F. ) ;
#6562 = DIRECTION ( 'NONE',  ( 0.000000000000000000, 0.000000000000000000, -1.000000000000000000 ) ) ;
#6563 = CARTESIAN_POINT ( 'NONE',  ( 0.000000000000000000, -23.00000000000000000, 13.00000000000000000 ) ) ;
#6564 = CYLINDRICAL_SURFACE ( 'NONE', #7051, 0.1999999999992981836 ) ;
#6565 = DIRECTION ( 'NONE',  ( 0.000000000000000000, 1.000000000000000000, 0.000000000000000000 ) ) ;
#6566 = CARTESIAN_POINT ( 'NONE',  ( -48.00000000000000000, 19.00000000000000000, -11.40752540378399971 ) ) ;
#6567 = ORIENTED_EDGE ( 'NONE', *, *, #6309, .F. ) ;
#6568 = VERTEX_POINT ( 'NONE', #6037 ) ;
#6569 = CARTESIAN_POINT ( 'NONE',  ( -46.00000000000000000, -19.80000000000000071, 2.299999999999999822 ) ) ;
#6570 = CARTESIAN_POINT ( 'NONE',  ( -67.00000000000000000, -30.00000000000000000, 20.00000000000000000 ) ) ;
#6571 = CARTESIAN_POINT ( 'NONE',  ( 0.000000000000000000, 23.00000000000000000, -13.00000000000000000 ) ) ;
#6572 = CARTESIAN_POINT ( 'NONE',  ( -43.00999999999999801, -23.00000000000000000, 2.299999999999999822 ) ) ;
#6573 = LINE ( 'NONE', #3864, #6828 ) ;
#6574 = VERTEX_POINT ( 'NONE', #1902 ) ;
#6575 = ORIENTED_EDGE ( 'NONE', *, *, #2898, .F. ) ;
#6576 = EDGE_CURVE ( 'NONE', #1680, #5267, #3949, .T. ) ;
#6577 = DIRECTION ( 'NONE',  ( 1.000000000000000000, -2.926572255078290114E-17, 0.000000000000000000 ) ) ;
#6578 = CARTESIAN_POINT ( 'NONE',  ( 40.31128874149275276, 0.000000000000000000, 20.00000000000000000 ) ) ;
#6579 = ORIENTED_EDGE ( 'NONE', *, *, #2012, .T. ) ;
#6580 = LINE ( 'NONE', #7895, #8498 ) ;
#6581 = DIRECTION ( 'NONE',  ( 0.000000000000000000, 0.000000000000000000, -1.000000000000000000 ) ) ;
#6582 = COORDINATED_UNIVERSAL_TIME_OFFSET ( 6, 0, .BEHIND. ) ;
#6583 = EDGE_CURVE ( 'NONE', #8288, #8439, #5169, .T. ) ;
#6584 = ORIENTED_EDGE ( 'NONE', *, *, #3398, .F. ) ;
#6585 = EDGE_CURVE ( 'NONE', #4955, #3783, #4646, .T. ) ;
#6586 = ORIENTED_EDGE ( 'NONE', *, *, #2307, .F. ) ;
#6587 = VERTEX_POINT ( 'NONE', #7304 ) ;
#6588 = LINE ( 'NONE', #3361, #3460 ) ;
#6589 = ORIENTED_EDGE ( 'NONE', *, *, #2043, .T. ) ;
#6590 = CARTESIAN_POINT ( 'NONE',  ( 0.000000000000000000, 0.000000000000000000, 0.000000000000000000 ) ) ;
#6591 = ADVANCED_FACE ( 'NONE', ( #4517 ), #7177, .T. ) ;
#6592 = CARTESIAN_POINT ( 'NONE',  ( 28.04842788558745070, -25.00000000000000000, 20.00000000000000000 ) ) ;
#6593 =( NAMED_UNIT ( * ) SI_UNIT ( $, .STERADIAN. ) SOLID_ANGLE_UNIT ( ) );
#6594 = VECTOR ( 'NONE', #4630, 1000.000000000000000 ) ;
#6595 = DIRECTION ( 'NONE',  ( 0.000000000000000000, 0.000000000000000000, 1.000000000000000000 ) ) ;
#6596 = ORIENTED_EDGE ( 'NONE', *, *, #6000, .T. ) ;
#6597 = ORIENTED_EDGE ( 'NONE', *, *, #5867, .T. ) ;
#6598 = CIRCLE ( 'NONE', #5900, 5.249999999999997335 ) ;
#6599 = DIRECTION ( 'NONE',  ( 0.000000000000000000, -1.000000000000000000, 0.000000000000000000 ) ) ;
#6600 = DIRECTION ( 'NONE',  ( -1.000000000000000000, -1.152640183373294164E-15, 0.000000000000000000 ) ) ;
#6601 = CARTESIAN_POINT ( 'NONE',  ( -67.00000000000000000, 11.24999999999893951, -19.49999999999894840 ) ) ;
#6602 = EDGE_CURVE ( 'NONE', #523, #8485, #6654, .T. ) ;
#6603 = CARTESIAN_POINT ( 'NONE',  ( 34.11042744160234719, -38.00000000000000000, -20.00000000000000000 ) ) ;
#6604 = EDGE_CURVE ( 'NONE', #4452, #7215, #8622, .T. ) ;
#6605 = DIRECTION ( 'NONE',  ( 1.000000000000000000, 0.000000000000000000, 0.000000000000000000 ) ) ;
#6606 = ORIENTED_EDGE ( 'NONE', *, *, #2671, .F. ) ;
#6607 = VERTEX_POINT ( 'NONE', #880 ) ;
#6608 = DIRECTION ( 'NONE',  ( 1.000000000000000000, 0.000000000000000000, 0.000000000000000000 ) ) ;
#6609 = CARTESIAN_POINT ( 'NONE',  ( -67.00000000000000000, -14.55000000000000071, -18.26686273152999718 ) ) ;
#6610 = CARTESIAN_POINT ( 'NONE',  ( 28.91353514847780204, -38.68623642801406248, -17.86691496649056177 ) ) ;
#6611 = CARTESIAN_POINT ( 'NONE',  ( -54.00000000000000000, -55.19999999999999574, 16.50000000000000000 ) ) ;
#6612 = LINE ( 'NONE', #4428, #2657 ) ;
#6613 = EDGE_CURVE ( 'NONE', #3997, #3108, #7228, .T. ) ;
#6614 = AXIS2_PLACEMENT_3D ( 'NONE', #42, #4891, #6194 ) ;
#6615 = ORIENTED_EDGE ( 'NONE', *, *, #4235, .T. ) ;
#6616 = ORIENTED_EDGE ( 'NONE', *, *, #195, .T. ) ;
#6617 = AXIS2_PLACEMENT_3D ( 'NONE', #4084, #3931, #5189 ) ;
#6618 = DIRECTION ( 'NONE',  ( 0.000000000000000000, 0.000000000000000000, -1.000000000000000000 ) ) ;
#6619 = CIRCLE ( 'NONE', #2852, 2.458500000000002572 ) ;
#6620 = DIRECTION ( 'NONE',  ( 0.000000000000000000, 0.000000000000000000, 1.000000000000000000 ) ) ;
#6621 = ORIENTED_EDGE ( 'NONE', *, *, #5161, .F. ) ;
#6622 = CARTESIAN_POINT ( 'NONE',  ( 90.00000000000000000, -48.00000000000000000, 20.00000000000000000 ) ) ;
#6623 = LINE ( 'NONE', #801, #684 ) ;
#6624 = CIRCLE ( 'NONE', #7453, 5.000000000000000888 ) ;
#6625 = SECURITY_CLASSIFICATION_LEVEL ( 'unclassified' ) ;
#6626 = AXIS2_PLACEMENT_3D ( 'NONE', #4648, #3951, #3217 ) ;
#6627 = ORIENTED_EDGE ( 'NONE', *, *, #2957, .F. ) ;
#6628 = ORIENTED_EDGE ( 'NONE', *, *, #4816, .F. ) ;
#6629 = DIRECTION ( 'NONE',  ( 0.000000000000000000, 0.000000000000000000, -1.000000000000000000 ) ) ;
#6630 = AXIS2_PLACEMENT_3D ( 'NONE', #2681, #4065, #7960 ) ;
#6631 = PRODUCT ( 'gripper_base.step', 'gripper_base.step', '', ( #2308 ) ) ;
#6632 = ADVANCED_FACE ( 'NONE', ( #2847 ), #3550, .F. ) ;
#6633 = ORIENTED_EDGE ( 'NONE', *, *, #5081, .T. ) ;
#6634 = ADVANCED_FACE ( 'NONE', ( #4769 ), #7498, .F. ) ;
#6635 = DIRECTION ( 'NONE',  ( 0.000000000000000000, 0.000000000000000000, -1.000000000000000000 ) ) ;
#6636 = EDGE_CURVE ( 'NONE', #7028, #4522, #3512, .T. ) ;
#6637 = CARTESIAN_POINT ( 'NONE',  ( -37.23954713860204890, -24.19999999999999929, 1.699999999999999956 ) ) ;
#6638 = CARTESIAN_POINT ( 'NONE',  ( -42.76045286139795110, -24.19999999999999929, 1.699999999999999956 ) ) ;
#6639 = CARTESIAN_POINT ( 'NONE',  ( -85.00000000000000000, -38.00000000000000000, -20.00000000000000000 ) ) ;
#6640 = ORIENTED_EDGE ( 'NONE', *, *, #5726, .F. ) ;
#6641 = VERTEX_POINT ( 'NONE', #6078 ) ;
#6642 = CARTESIAN_POINT ( 'NONE',  ( -46.00000000000000000, -30.00000000000000000, 7.250000000000000000 ) ) ;
#6643 = DIRECTION ( 'NONE',  ( 0.000000000000000000, 0.000000000000000000, -1.000000000000000000 ) ) ;
#6644 = AXIS2_PLACEMENT_3D ( 'NONE', #4893, #5589, #4929 ) ;
#6645 = EDGE_CURVE ( 'NONE', #8081, #8203, #2891, .T. ) ;
#6646 = LINE ( 'NONE', #5863, #8595 ) ;
#6647 = DIRECTION ( 'NONE',  ( 1.420538756069496698E-07, 0.000000000000000000, -0.9999999999999898970 ) ) ;
#6648 = DIRECTION ( 'NONE',  ( 0.000000000000000000, 1.000000000000000000, 0.000000000000000000 ) ) ;
#6649 = VERTEX_POINT ( 'NONE', #8171 ) ;
#6650 = AXIS2_PLACEMENT_3D ( 'NONE', #6637, #2, #528 ) ;
#6651 = ADVANCED_FACE ( 'NONE', ( #5547 ), #7562, .F. ) ;
#6652 = ORIENTED_EDGE ( 'NONE', *, *, #1195, .F. ) ;
#6653 = DIRECTION ( 'NONE',  ( 0.000000000000000000, 0.000000000000000000, -1.000000000000000000 ) ) ;
#6654 = LINE ( 'NONE', #1499, #6946 ) ;
#6655 = DIRECTION ( 'NONE',  ( 0.000000000000000000, 0.000000000000000000, 1.000000000000000000 ) ) ;
#6656 = LINE ( 'NONE', #5340, #1463 ) ;
#6657 = FACE_OUTER_BOUND ( 'NONE', #7072, .T. ) ;
#6658 = SECURITY_CLASSIFICATION ( '', '', #6669 ) ;
#6659 = AXIS2_PLACEMENT_3D ( 'NONE', #7010, #7104, #5748 ) ;
#6660 = ORIENTED_EDGE ( 'NONE', *, *, #6741, .F. ) ;
#6661 = ORIENTED_EDGE ( 'NONE', *, *, #7875, .F. ) ;
#6662 = EDGE_CURVE ( 'NONE', #4008, #5469, #4583, .T. ) ;
#6663 = DIRECTION ( 'NONE',  ( 0.7071067811866990072, -1.731912112470614821E-16, -0.7071067811863960273 ) ) ;
#6664 = PLANE ( 'NONE',  #4140 ) ;
#6665 = VECTOR ( 'NONE', #7790, 1000.000000000000000 ) ;
#6666 = ORIENTED_EDGE ( 'NONE', *, *, #8176, .T. ) ;
#6667 = CARTESIAN_POINT ( 'NONE',  ( 12.96924291490705805, -53.00000000000000000, 20.00000000000000000 ) ) ;
#6668 = CARTESIAN_POINT ( 'NONE',  ( 0.000000000000000000, -12.99999999999934097, -16.85000000000000142 ) ) ;
#6669 = SECURITY_CLASSIFICATION_LEVEL ( 'unclassified' ) ;
#6670 = AXIS2_PLACEMENT_3D ( 'NONE', #8026, #7411, #4664 ) ;
#6671 = AXIS2_PLACEMENT_3D ( 'NONE', #8157, #4836, #7497 ) ;
#6672 = ORIENTED_EDGE ( 'NONE', *, *, #6738, .F. ) ;
#6673 = AXIS2_PLACEMENT_3D ( 'NONE', #5289, #584, #7996 ) ;
#6674 = ORIENTED_EDGE ( 'NONE', *, *, #2955, .F. ) ;
#6675 = DIRECTION ( 'NONE',  ( 1.000000000000000000, 0.000000000000000000, 0.000000000000000000 ) ) ;
#6676 = VECTOR ( 'NONE', #1208, 1000.000000000000000 ) ;
#6677 = VERTEX_POINT ( 'NONE', #8049 ) ;
#6678 = VECTOR ( 'NONE', #2874, 1000.000000000000000 ) ;
#6679 = DIRECTION ( 'NONE',  ( 0.000000000000000000, 0.000000000000000000, -1.000000000000000000 ) ) ;
#6680 = DIRECTION ( 'NONE',  ( 0.000000000000000000, 0.000000000000000000, -1.000000000000000000 ) ) ;
#6681 = CARTESIAN_POINT ( 'NONE',  ( -74.44893142822299126, 53.00000000000000000, -8.900000000000000355 ) ) ;
#6682 = VECTOR ( 'NONE', #3911, 1000.000000000000000 ) ;
#6683 = AXIS2_PLACEMENT_3D ( 'NONE', #6856, #4198, #2886 ) ;
#6684 = VERTEX_POINT ( 'NONE', #178 ) ;
#6685 = ORIENTED_EDGE ( 'NONE', *, *, #8240, .F. ) ;
#6686 = EDGE_CURVE ( 'NONE', #4514, #3823, #104, .T. ) ;
#6687 = DIRECTION ( 'NONE',  ( -1.000000000000000000, 0.000000000000000000, 0.000000000000000000 ) ) ;
#6688 = LINE ( 'NONE', #3982, #5678 ) ;
#6689 = CARTESIAN_POINT ( 'NONE',  ( -42.45850000000000080, 22.99999965184445117, -20.00000000000000000 ) ) ;
#6690 = DIRECTION ( 'NONE',  ( 0.000000000000000000, 0.000000000000000000, -1.000000000000000000 ) ) ;
#6691 = AXIS2_PLACEMENT_3D ( 'NONE', #1144, #1230, #6558 ) ;
#6692 = PLANE ( 'NONE',  #4461 ) ;
#6693 = EDGE_CURVE ( 'NONE', #4876, #6706, #8220, .T. ) ;
#6694 = VECTOR ( 'NONE', #6827, 1000.000000000000000 ) ;
#6695 = EDGE_CURVE ( 'NONE', #8044, #1214, #4244, .T. ) ;
#6696 = ORIENTED_EDGE ( 'NONE', *, *, #7634, .F. ) ;
#6697 = EDGE_CURVE ( 'NONE', #8528, #7369, #6903, .T. ) ;
#6698 = EDGE_LOOP ( 'NONE', ( #4400, #6652 ) ) ;
#6699 = PLANE ( 'NONE',  #2782 ) ;
#6700 = DIRECTION ( 'NONE',  ( 1.000000000000000000, 0.000000000000000000, 0.000000000000000000 ) ) ;
#6701 = DIRECTION ( 'NONE',  ( 1.000000000000000000, 0.000000000000000000, 0.000000000000000000 ) ) ;
#6702 = DIRECTION ( 'NONE',  ( 0.000000000000000000, 0.000000000000000000, 1.000000000000000000 ) ) ;
#6703 = DIRECTION ( 'NONE',  ( 1.000000000000000000, 0.000000000000000000, 0.000000000000000000 ) ) ;
#6704 = EDGE_CURVE ( 'NONE', #6407, #4139, #924, .T. ) ;
#6705 = PRODUCT_DEFINITION_SHAPE ( 'NONE', 'NONE',  #7826 ) ;
#6706 = VERTEX_POINT ( 'NONE', #51 ) ;
#6707 = EDGE_LOOP ( 'NONE', ( #1933, #2172, #40, #804 ) ) ;
#6708 = AXIS2_PLACEMENT_3D ( 'NONE', #7845, #4526, #3600 ) ;
#6709 = CARTESIAN_POINT ( 'NONE',  ( -54.00000000000000000, -20.00000000000000000, 19.80000000000000071 ) ) ;
#6710 = DIRECTION ( 'NONE',  ( -0.000000000000000000, 1.000000000000000000, 0.000000000000000000 ) ) ;
#6711 = VERTEX_POINT ( 'NONE', #5380 ) ;
#6712 = CARTESIAN_POINT ( 'NONE',  ( 0.000000000000000000, -31.50000000000000000, -20.00000000000000000 ) ) ;
#6713 = EDGE_CURVE ( 'NONE', #7848, #1751, #2072, .T. ) ;
#6714 = ORIENTED_EDGE ( 'NONE', *, *, #1916, .F. ) ;
#6715 = ORIENTED_EDGE ( 'NONE', *, *, #1957, .T. ) ;
#6716 = CARTESIAN_POINT ( 'NONE',  ( -9.500000000000000000, -23.00000000000000000, -12.25000000000000000 ) ) ;
#6717 = ORIENTED_EDGE ( 'NONE', *, *, #869, .T. ) ;
#6718 = FACE_BOUND ( 'NONE', #5967, .T. ) ;
#6719 = APPLICATION_PROTOCOL_DEFINITION ( 'international standard', 'config_control_design', 1994, #5165 ) ;
#6720 = AXIS2_PLACEMENT_3D ( 'NONE', #8540, #2433, #3872 ) ;
#6721 = DIRECTION ( 'NONE',  ( 0.000000000000000000, -1.000000000000000000, 0.000000000000000000 ) ) ;
#6722 = DIRECTION ( 'NONE',  ( 0.000000000000000000, 0.000000000000000000, -1.000000000000000000 ) ) ;
#6723 = VERTEX_POINT ( 'NONE', #6736 ) ;
#6724 = EDGE_LOOP ( 'NONE', ( #7764, #6640, #6499, #3234 ) ) ;
#6725 = PLANE ( 'NONE',  #6325 ) ;
#6727 = FACE_OUTER_BOUND ( 'NONE', #302, .T. ) ;
#6726 = VECTOR ( 'NONE', #1047, 1000.000000000000000 ) ;
#6728 = DIRECTION ( 'NONE',  ( 0.000000000000000000, 0.000000000000000000, 1.000000000000000000 ) ) ;
#6729 = DIRECTION ( 'NONE',  ( 0.000000000000000000, 0.000000000000000000, -1.000000000000000000 ) ) ;
#6730 = CARTESIAN_POINT ( 'NONE',  ( 82.25000000000000000, -49.79999999999999716, 13.00000000000000178 ) ) ;
#6731 = EDGE_CURVE ( 'NONE', #5918, #3824, #7393, .T. ) ;
#6732 = AXIS2_PLACEMENT_3D ( 'NONE', #8154, #1481, #3574 ) ;
#6733 = EDGE_LOOP ( 'NONE', ( #2048, #3713, #5438, #3389 ) ) ;
#6734 = VERTEX_POINT ( 'NONE', #5461 ) ;
#6735 = CARTESIAN_POINT ( 'NONE',  ( -74.44893142822299126, 53.00000000000000000, -8.900000000000000355 ) ) ;
#6736 = CARTESIAN_POINT ( 'NONE',  ( -31.00000000000000000, -53.00000000000000000, 9.750000000000001776 ) ) ;
#6737 = LINE ( 'NONE', #7349, #5781 ) ;
#6738 = EDGE_CURVE ( 'NONE', #7752, #1516, #8131, .T. ) ;
#6739 = DIRECTION ( 'NONE',  ( 0.000000000000000000, -0.7380952380954969305, -0.6746965388237529115 ) ) ;
#6740 = FACE_BOUND ( 'NONE', #5808, .T. ) ;
#6741 = EDGE_CURVE ( 'NONE', #6463, #5083, #6387, .T. ) ;
#6742 = ADVANCED_FACE ( 'NONE', ( #1009 ), #5109, .F. ) ;
#6743 = ORIENTED_EDGE ( 'NONE', *, *, #3222, .T. ) ;
#6744 = ORIENTED_EDGE ( 'NONE', *, *, #1148, .T. ) ;
#6745 = CARTESIAN_POINT ( 'NONE',  ( -79.00000000000000000, -53.00000000000000000, -9.253553390593300065 ) ) ;
#6746 = DIRECTION ( 'NONE',  ( 0.000000000000000000, 0.000000000000000000, -1.000000000000000000 ) ) ;
#6747 = AXIS2_PLACEMENT_3D ( 'NONE', #5149, #5390, #5101 ) ;
#6748 = LINE ( 'NONE', #1182, #8419 ) ;
#6749 = ORIENTED_EDGE ( 'NONE', *, *, #2555, .T. ) ;
#6750 = DIRECTION ( 'NONE',  ( 1.000000000000000000, 0.000000000000000000, 0.000000000000000000 ) ) ;
#6751 = ORIENTED_EDGE ( 'NONE', *, *, #5142, .F. ) ;
#6752 = AXIS2_PLACEMENT_3D ( 'NONE', #1379, #1336, #1990 ) ;
#6753 = DIRECTION ( 'NONE',  ( -1.000000000000000000, -1.152640183373294164E-15, 0.000000000000000000 ) ) ;
#6754 = ORIENTED_EDGE ( 'NONE', *, *, #2166, .T. ) ;
#6755 = VERTEX_POINT ( 'NONE', #4937 ) ;
#6756 = EDGE_CURVE ( 'NONE', #6274, #4188, #2630, .T. ) ;
#6757 = CC_DESIGN_DATE_AND_TIME_ASSIGNMENT ( #2265, #3792, ( #7826 ) ) ;
#6758 = LINE ( 'NONE', #7902, #1646 ) ;
#6759 = ORIENTED_EDGE ( 'NONE', *, *, #1146, .T. ) ;
#6760 = CIRCLE ( 'NONE', #6338, 2.100000000000109779 ) ;
#6761 = CIRCLE ( 'NONE', #2996, 2.458500000000002572 ) ;
#6762 = DIRECTION ( 'NONE',  ( 0.000000000000000000, 0.000000000000000000, 1.000000000000000000 ) ) ;
#6763 = PERSON_AND_ORGANIZATION ( #2440, #369 ) ;
#6764 = CARTESIAN_POINT ( 'NONE',  ( 54.00000000000000000, -53.00000000000000000, 0.000000000000000000 ) ) ;
#6765 = ORIENTED_EDGE ( 'NONE', *, *, #7134, .T. ) ;
#6766 = CIRCLE ( 'NONE', #4809, 2.458500000000002572 ) ;
#6767 = VERTEX_POINT ( 'NONE', #1054 ) ;
#6768 = ORIENTED_EDGE ( 'NONE', *, *, #195, .F. ) ;
#6769 = EDGE_CURVE ( 'NONE', #7369, #8138, #3189, .T. ) ;
#6770 = CARTESIAN_POINT ( 'NONE',  ( -46.00000000000000000, 19.80000000000000071, 2.299999999999999822 ) ) ;
#6771 = DIRECTION ( 'NONE',  ( 0.000000000000000000, -1.000000000000000000, 0.000000000000000000 ) ) ;
#6772 = FACE_OUTER_BOUND ( 'NONE', #8539, .T. ) ;
#6773 = CARTESIAN_POINT ( 'NONE',  ( -48.00000000000000000, 30.00000000000000000, 13.00000000000000000 ) ) ;
#6774 = PLANE ( 'NONE',  #3349 ) ;
#6775 = ORIENTED_EDGE ( 'NONE', *, *, #8516, .T. ) ;
#6776 = ORIENTED_EDGE ( 'NONE', *, *, #5911, .F. ) ;
#6777 = CARTESIAN_POINT ( 'NONE',  ( -56.50000000000000000, -20.00000000000000000, 19.80000000000000071 ) ) ;
#6778 = DIRECTION ( 'NONE',  ( 0.000000000000000000, 0.000000000000000000, 1.000000000000000000 ) ) ;
#6779 = FACE_OUTER_BOUND ( 'NONE', #4099, .T. ) ;
#6780 = CARTESIAN_POINT ( 'NONE',  ( 0.000000000000000000, 14.55000000000000071, 18.26686273152999718 ) ) ;
#6781 = CARTESIAN_POINT ( 'NONE',  ( 17.67766952966359995, -55.20100000000000051, 17.67766952966379534 ) ) ;
#6782 = VECTOR ( 'NONE', #3454, 1000.000000000000000 ) ;
#6783 = EDGE_LOOP ( 'NONE', ( #4473, #4050 ) ) ;
#6784 = ADVANCED_FACE ( 'NONE', ( #4287 ), #7603, .F. ) ;
#6785 = ORIENTED_EDGE ( 'NONE', *, *, #8237, .T. ) ;
#6786 = LINE ( 'NONE', #6745, #1950 ) ;
#6787 = ADVANCED_FACE ( 'NONE', ( #4329 ), #7651, .T. ) ;
#6788 = CARTESIAN_POINT ( 'NONE',  ( 77.00000000000000000, -53.00000000000000000, 9.750000000000001776 ) ) ;
#6789 = AXIS2_PLACEMENT_3D ( 'NONE', #7201, #3894, #6557 ) ;
#6790 = CARTESIAN_POINT ( 'NONE',  ( 34.11042744160234719, -43.00000000000000000, 20.00000000000000000 ) ) ;
#6791 = FACE_BOUND ( 'NONE', #2748, .T. ) ;
#6792 = CIRCLE ( 'NONE', #3029, 2.700000000000001066 ) ;
#6793 = DATE_AND_TIME ( #7406, #1503 ) ;
#6794 = ORGANIZATION ( 'NAUO-ORG2', 'UNSPECIFIED', 'UNSPECIFIED' ) ;
#6795 = ORIENTED_EDGE ( 'NONE', *, *, #6014, .T. ) ;
#6796 = EDGE_CURVE ( 'NONE', #6723, #1516, #1236, .T. ) ;
#6797 = CARTESIAN_POINT ( 'NONE',  ( -40.00000000000000000, 23.00000000000000000, -20.00000000000000000 ) ) ;
#6798 = AXIS2_PLACEMENT_3D ( 'NONE', #1513, #6833, #5073 ) ;
#6799 = ORIENTED_EDGE ( 'NONE', *, *, #5753, .F. ) ;
#6800 = CARTESIAN_POINT ( 'NONE',  ( -17.67766952966355376, -13.60000000000000142, 20.77766952966379321 ) ) ;
#6801 = AXIS2_PLACEMENT_3D ( 'NONE', #5200, #1848, #488 ) ;
#6802 = ORIENTED_EDGE ( 'NONE', *, *, #7594, .T. ) ;
#6804 = DIRECTION ( 'NONE',  ( 0.000000000000000000, 0.000000000000000000, 1.000000000000000000 ) ) ;
#6803 = CIRCLE ( 'NONE', #1511, 3.250000000000002665 ) ;
#6805 = PERSON_AND_ORGANIZATION ( #2440, #369 ) ;
#6806 = FACE_OUTER_BOUND ( 'NONE', #8334, .T. ) ;
#6807 = VECTOR ( 'NONE', #796, 1000.000000000000000 ) ;
#6808 = EDGE_CURVE ( 'NONE', #1645, #8397, #6987, .T. ) ;
#6809 = ORIENTED_EDGE ( 'NONE', *, *, #6901, .F. ) ;
#6810 = ORIENTED_EDGE ( 'NONE', *, *, #7782, .F. ) ;
#6811 = VECTOR ( 'NONE', #3826, 1000.000000000000000 ) ;
#6812 = VERTEX_POINT ( 'NONE', #6948 ) ;
#6813 = AXIS2_PLACEMENT_3D ( 'NONE', #3283, #37, #8596 ) ;
#6814 = CARTESIAN_POINT ( 'NONE',  ( -67.00000000000000000, -30.00000000000000000, -7.250000000000000000 ) ) ;
#6815 = CARTESIAN_POINT ( 'NONE',  ( -37.54149999999999920, 23.00000034815554883, -20.00000000000000000 ) ) ;
#6816 = CARTESIAN_POINT ( 'NONE',  ( -46.00000000000000000, -24.19999999999999929, 1.699999999999999956 ) ) ;
#6817 = DIRECTION ( 'NONE',  ( 0.000000000000000000, 0.000000000000000000, 1.000000000000000000 ) ) ;
#6818 = FACE_OUTER_BOUND ( 'NONE', #8549, .T. ) ;
#6819 = EDGE_CURVE ( 'NONE', #5037, #2227, #7639, .T. ) ;
#6820 = CIRCLE ( 'NONE', #6130, 5.249999999999997335 ) ;
#6821 = ORIENTED_EDGE ( 'NONE', *, *, #3374, .F. ) ;
#6822 = EDGE_LOOP ( 'NONE', ( #6111, #6575 ) ) ;
#6823 = CARTESIAN_POINT ( 'NONE',  ( -46.00000000000000000, -24.19999999999999929, -1.699999999999999956 ) ) ;
#6824 = DIRECTION ( 'NONE',  ( 1.000000000000000000, 0.000000000000000000, 0.000000000000000000 ) ) ;
#6825 = CARTESIAN_POINT ( 'NONE',  ( -46.00000000000000000, 30.00000000000000000, 1.699999999999999956 ) ) ;
#6826 = CARTESIAN_POINT ( 'NONE',  ( -28.04842788558745070, -25.00000000000000000, -20.00000000000000000 ) ) ;
#6827 = DIRECTION ( 'NONE',  ( 0.000000000000000000, -1.000000000000000000, 0.000000000000000000 ) ) ;
#6828 = VECTOR ( 'NONE', #5874, 1000.000000000000000 ) ;
#6829 = LINE ( 'NONE', #7941, #4864 ) ;
#6830 = ORIENTED_EDGE ( 'NONE', *, *, #3856, .T. ) ;
#6831 = ORIENTED_EDGE ( 'NONE', *, *, #438, .T. ) ;
#6832 = CARTESIAN_POINT ( 'NONE',  ( -5.551115123125779744E-16, -23.00000000000000000, 13.00000000000000000 ) ) ;
#6833 = DIRECTION ( 'NONE',  ( 0.000000000000000000, 1.000000000000000000, 0.000000000000000000 ) ) ;
#6834 = DIRECTION ( 'NONE',  ( 0.9063077870366511579, -0.4226182617406970543, 0.000000000000000000 ) ) ;
#6835 = ORIENTED_EDGE ( 'NONE', *, *, #941, .F. ) ;
#6836 = DIRECTION ( 'NONE',  ( 0.000000000000000000, 0.000000000000000000, 1.000000000000000000 ) ) ;
#6837 = EDGE_CURVE ( 'NONE', #1384, #2889, #8483, .T. ) ;
#6838 = EDGE_LOOP ( 'NONE', ( #4272, #1289 ) ) ;
#6839 = DIRECTION ( 'NONE',  ( 0.000000000000000000, 0.000000000000000000, 1.000000000000000000 ) ) ;
#6840 = EDGE_LOOP ( 'NONE', ( #2120, #6913, #4107, #7947 ) ) ;
#6841 = CARTESIAN_POINT ( 'NONE',  ( 17.67766952966359995, -13.60000000000000142, 20.77766952966379321 ) ) ;
#6842 = ORIENTED_EDGE ( 'NONE', *, *, #3773, .F. ) ;
#6843 = ADVANCED_FACE ( 'NONE', ( #5021 ), #352, .F. ) ;
#6844 = DIRECTION ( 'NONE',  ( 0.000000000000000000, 1.000000000000000000, 0.000000000000000000 ) ) ;
#6845 = PERSON_AND_ORGANIZATION ( #2440, #369 ) ;
#6846 = EDGE_CURVE ( 'NONE', #5324, #3604, #5595, .T. ) ;
#6847 = DIRECTION ( 'NONE',  ( 0.000000000000000000, -1.000000000000000000, 0.000000000000000000 ) ) ;
#6848 = ORIENTED_EDGE ( 'NONE', *, *, #1103, .F. ) ;
#6849 = ORIENTED_EDGE ( 'NONE', *, *, #4950, .T. ) ;
#6850 = ORIENTED_EDGE ( 'NONE', *, *, #5996, .T. ) ;
#6851 = DIRECTION ( 'NONE',  ( 1.000000000000000000, 0.000000000000000000, 0.000000000000000000 ) ) ;
#6852 = VECTOR ( 'NONE', #6176, 1000.000000000000000 ) ;
#6853 = DIRECTION ( 'NONE',  ( -0.7071067811862350450, 0.000000000000000000, -0.7071067811868599895 ) ) ;
#6854 = CARTESIAN_POINT ( 'NONE',  ( -37.23954713860204890, 24.19999999999999929, -1.699999999999999956 ) ) ;
#6855 = CARTESIAN_POINT ( 'NONE',  ( -40.00000000000000000, 23.00000000000000000, 10.00000000000000000 ) ) ;
#6856 = CARTESIAN_POINT ( 'NONE',  ( -58.89999999999999858, -22.39999999999999858, 19.90000000000000213 ) ) ;
#6857 = EDGE_LOOP ( 'NONE', ( #2046, #4199, #2871, #1688, #5061, #2796 ) ) ;
#6858 = ORIENTED_EDGE ( 'NONE', *, *, #1785, .F. ) ;
#6859 = ADVANCED_FACE ( 'NONE', ( #7075 ), #443, .T. ) ;
#6860 = ADVANCED_FACE ( 'NONE', ( #973 ), #5765, .F. ) ;
#6861 = DIRECTION ( 'NONE',  ( 0.000000000000000000, -1.000000000000000000, 0.000000000000000000 ) ) ;
#6862 = LINE ( 'NONE', #881, #3878 ) ;
#6863 = DIRECTION ( 'NONE',  ( 0.000000000000000000, 0.000000000000000000, 1.000000000000000000 ) ) ;
#6864 = DIRECTION ( 'NONE',  ( 0.000000000000000000, 1.000000000000000000, 0.000000000000000000 ) ) ;
#6865 = CARTESIAN_POINT ( 'NONE',  ( -31.71506986634418368, -42.39569486340865012, 18.20530630994769794 ) ) ;
#6866 = VECTOR ( 'NONE', #6241, 1000.000000000000000 ) ;
#6867 = PLANE ( 'NONE',  #5586 ) ;
#6868 = ORIENTED_EDGE ( 'NONE', *, *, #5190, .T. ) ;
#6869 = ORIENTED_EDGE ( 'NONE', *, *, #4575, .F. ) ;
#6870 = CYLINDRICAL_SURFACE ( 'NONE', #3612, 5.000000000000000888 ) ;
#6871 = DIRECTION ( 'NONE',  ( 0.000000000000000000, -1.000000000000000000, -5.256212132182038372E-12 ) ) ;
#6872 = CARTESIAN_POINT ( 'NONE',  ( -12.50000000000000000, -23.00000000000000000, 10.54150000000000098 ) ) ;
#6873 = ADVANCED_FACE ( 'NONE', ( #1800 ), #5275, .F. ) ;
#6874 = CYLINDRICAL_SURFACE ( 'NONE', #8428, 3.009999999999998899 ) ;
#6875 = ORIENTED_EDGE ( 'NONE', *, *, #721, .F. ) ;
#6876 = DIRECTION ( 'NONE',  ( 0.000000000000000000, 0.000000000000000000, 1.000000000000000000 ) ) ;
#6877 = EDGE_LOOP ( 'NONE', ( #4818, #4625, #4100, #4357 ) ) ;
#6878 = LINE ( 'NONE', #2869, #2179 ) ;
#6879 = ORIENTED_EDGE ( 'NONE', *, *, #6515, .T. ) ;
#6880 = CARTESIAN_POINT ( 'NONE',  ( -48.00000000000000000, 30.00000000000000000, -15.45850000000000080 ) ) ;
#6881 = VERTEX_POINT ( 'NONE', #6291 ) ;
#6882 = CARTESIAN_POINT ( 'NONE',  ( 2.664535259100374514E-15, 23.00000000000000000, -10.00000000000000000 ) ) ;
#6883 = APPROVAL_ROLE ( '' ) ;
#6884 = AXIS2_PLACEMENT_3D ( 'NONE', #7442, #8234, #6917 ) ;
#6885 = CARTESIAN_POINT ( 'NONE',  ( -67.00000000000000000, -11.40217391304340033, -18.21270018560345250 ) ) ;
#6886 = ORIENTED_EDGE ( 'NONE', *, *, #3866, .F. ) ;
#6887 = EDGE_CURVE ( 'NONE', #8598, #1002, #4437, .T. ) ;
#6888 = EDGE_LOOP ( 'NONE', ( #4850, #5287 ) ) ;
#6889 = ADVANCED_FACE ( 'NONE', ( #2018 ), #810, .F. ) ;
#6890 = VECTOR ( 'NONE', #5291, 1000.000000000000000 ) ;
#6891 = EDGE_CURVE ( 'NONE', #1835, #8355, #2078, .T. ) ;
#6892 = CYLINDRICAL_SURFACE ( 'NONE', #2149, 0.1999999999992981836 ) ;
#6893 = CARTESIAN_POINT ( 'NONE',  ( -30.05833509149579186, -40.96973241573070368, 7.824731828418765467 ) ) ;
#6894 = LINE ( 'NONE', #263, #5659 ) ;
#6895 = CARTESIAN_POINT ( 'NONE',  ( 34.11042744160234719, -38.00000000000000000, -20.00000000000000000 ) ) ;
#6896 = FACE_OUTER_BOUND ( 'NONE', #8116, .T. ) ;
#6897 = AXIS2_PLACEMENT_3D ( 'NONE', #4076, #4940, #8223 ) ;
#6898 = VECTOR ( 'NONE', #2558, 1000.000000000000000 ) ;
#6899 = ORIENTED_EDGE ( 'NONE', *, *, #119, .T. ) ;
#6900 = ORIENTED_EDGE ( 'NONE', *, *, #5753, .T. ) ;
#6901 = EDGE_CURVE ( 'NONE', #8384, #1330, #1190, .T. ) ;
#6902 = EDGE_CURVE ( 'NONE', #6123, #8147, #6509, .T. ) ;
#6903 = LINE ( 'NONE', #1548, #2497 ) ;
#6904 = CIRCLE ( 'NONE', #3152, 3.000000000000000888 ) ;
#6905 = DIRECTION ( 'NONE',  ( 0.000000000000000000, 0.000000000000000000, 1.000000000000000000 ) ) ;
#6906 = LINE ( 'NONE', #926, #8436 ) ;
#6907 = CARTESIAN_POINT ( 'NONE',  ( 0.000000000000000000, -14.55000000000000071, 18.26686273152995099 ) ) ;
#6908 = DIRECTION ( 'NONE',  ( 0.000000000000000000, 0.000000000000000000, -1.000000000000000000 ) ) ;
#6909 = DIRECTION ( 'NONE',  ( -0.4226182617406969988, -0.9063077870366510469, 0.000000000000000000 ) ) ;
#6910 = EDGE_CURVE ( 'NONE', #5038, #4017, #535, .T. ) ;
#6911 = CC_DESIGN_DATE_AND_TIME_ASSIGNMENT ( #1217, #4624, ( #6658 ) ) ;
#6912 = ORIENTED_EDGE ( 'NONE', *, *, #8084, .T. ) ;
#6913 = ORIENTED_EDGE ( 'NONE', *, *, #7321, .F. ) ;
#6914 = LINE ( 'NONE', #7478, #266 ) ;
#6915 = FACE_BOUND ( 'NONE', #4423, .T. ) ;
#6916 = CARTESIAN_POINT ( 'NONE',  ( -79.00000000000000000, 53.00000000000000000, -19.75000000000000000 ) ) ;
#6917 = DIRECTION ( 'NONE',  ( 1.000000000000000000, 0.000000000000000000, 0.000000000000000000 ) ) ;
#6918 = DIRECTION ( 'NONE',  ( 0.000000000000000000, 0.000000000000000000, -1.000000000000000000 ) ) ;
#6919 = CIRCLE ( 'NONE', #4560, 5.249999999999997335 ) ;
#6920 = EDGE_CURVE ( 'NONE', #7229, #613, #7911, .T. ) ;
#6921 = ORIENTED_EDGE ( 'NONE', *, *, #4689, .T. ) ;
#6922 = AXIS2_PLACEMENT_3D ( 'NONE', #4221, #3615, #242 ) ;
#6923 = CARTESIAN_POINT ( 'NONE',  ( -31.00000000000000000, -49.79999999999999716, 13.00000000000000178 ) ) ;
#6924 = CYLINDRICAL_SURFACE ( 'NONE', #7142, 2.458500000000000796 ) ;
#6925 = DIRECTION ( 'NONE',  ( 0.000000000000000000, 1.000000000000000000, 0.000000000000000000 ) ) ;
#6926 = CIRCLE ( 'NONE', #3724, 45.00000000000000000 ) ;
#6927 = ORIENTED_EDGE ( 'NONE', *, *, #3239, .T. ) ;
#6928 = LINE ( 'NONE', #203, #6678 ) ;
#6929 = PERSON_AND_ORGANIZATION_ROLE ( 'creator' ) ;
#6930 = FACE_BOUND ( 'NONE', #1453, .T. ) ;
#6931 = VERTEX_POINT ( 'NONE', #2504 ) ;
#6932 = VECTOR ( 'NONE', #7967, 1000.000000000000000 ) ;
#6933 = AXIS2_PLACEMENT_3D ( 'NONE', #5729, #7127, #4509 ) ;
#6934 = ORIENTED_EDGE ( 'NONE', *, *, #5560, .T. ) ;
#6935 = AXIS2_PLACEMENT_3D ( 'NONE', #2358, #7817, #4359 ) ;
#6936 = CARTESIAN_POINT ( 'NONE',  ( 0.000000000000000000, 11.44999999999999929, 18.34248115565999981 ) ) ;
#6937 = LINE ( 'NONE', #7685, #3995 ) ;
#6938 = CIRCLE ( 'NONE', #3732, 2.458500000000000796 ) ;
#6939 = DIRECTION ( 'NONE',  ( 0.000000000000000000, 0.000000000000000000, 1.000000000000000000 ) ) ;
#6940 = VECTOR ( 'NONE', #3581, 1000.000000000000000 ) ;
#6941 = DIRECTION ( 'NONE',  ( 0.000000000000000000, -1.000000000000000000, 0.000000000000000000 ) ) ;
#6942 = VECTOR ( 'NONE', #8374, 1000.000000000000000 ) ;
#6943 = EDGE_CURVE ( 'NONE', #5184, #3996, #2589, .T. ) ;
#6944 = AXIS2_PLACEMENT_3D ( 'NONE', #6976, #6318, #1611 ) ;
#6945 = VERTEX_POINT ( 'NONE', #5861 ) ;
#6946 = VECTOR ( 'NONE', #5424, 1000.000000000000000 ) ;
#6947 = VERTEX_POINT ( 'NONE', #5157 ) ;
#6948 = CARTESIAN_POINT ( 'NONE',  ( -46.00000000000000000, 30.00000000000000000, -7.250000000000000000 ) ) ;
#6949 = CARTESIAN_POINT ( 'NONE',  ( -48.00000000000000000, 19.00000000000000000, -13.00000000000000000 ) ) ;
#6950 = DIRECTION ( 'NONE',  ( 0.000000000000000000, -1.000000000000000000, 0.000000000000000000 ) ) ;
#6951 = CYLINDRICAL_SURFACE ( 'NONE', #2297, 31.50000000000000000 ) ;
#6952 = VECTOR ( 'NONE', #5046, 1000.000000000000000 ) ;
#6953 = EDGE_CURVE ( 'NONE', #4322, #4660, #3981, .T. ) ;
#6954 = FACE_OUTER_BOUND ( 'NONE', #8238, .T. ) ;
#6955 = ADVANCED_FACE ( 'NONE', ( #7 ), #5199, .F. ) ;
#6956 = DIRECTION ( 'NONE',  ( 1.000000000000000000, 0.000000000000000000, 0.000000000000000000 ) ) ;
#6957 = ORIENTED_EDGE ( 'NONE', *, *, #8393, .T. ) ;
#6958 = ORIENTED_EDGE ( 'NONE', *, *, #1026, .F. ) ;
#6959 = AXIS2_PLACEMENT_3D ( 'NONE', #7834, #1947, #7176 ) ;
#6960 = VECTOR ( 'NONE', #4471, 1000.000000000000000 ) ;
#6961 = PLANE ( 'NONE',  #5284 ) ;
#6962 = DIRECTION ( 'NONE',  ( 1.000000000000000000, 0.000000000000000000, 0.000000000000000000 ) ) ;
#6963 = VECTOR ( 'NONE', #7360, 1000.000000000000000 ) ;
#6964 = LINE ( 'NONE', #2952, #6193 ) ;
#6965 = CARTESIAN_POINT ( 'NONE',  ( -31.00000000000000000, -25.00000000000000000, 9.933000000000001606 ) ) ;
#6966 = EDGE_CURVE ( 'NONE', #1455, #1862, #2546, .T. ) ;
#6967 = FACE_OUTER_BOUND ( 'NONE', #3213, .T. ) ;
#6968 = ORIENTED_EDGE ( 'NONE', *, *, #4085, .T. ) ;
#6969 = DIRECTION ( 'NONE',  ( 0.000000000000000000, 0.000000000000000000, 1.000000000000000000 ) ) ;
#6970 = ORIENTED_EDGE ( 'NONE', *, *, #7965, .T. ) ;
#6971 = DIRECTION ( 'NONE',  ( 0.000000000000000000, 1.000000000000000000, -3.573530360524766437E-12 ) ) ;
#6973 = ORIENTED_EDGE ( 'NONE', *, *, #604, .T. ) ;
#6972 = EDGE_CURVE ( 'NONE', #67, #232, #1246, .T. ) ;
#6974 = CARTESIAN_POINT ( 'NONE',  ( -79.00000000000000000, -53.00000000000000000, 19.75000000000000000 ) ) ;
#6975 = APPROVAL_STATUS ( 'not_yet_approved' ) ;
#6976 = CARTESIAN_POINT ( 'NONE',  ( -4.299999999999999822, -14.76935695904476020, 14.50000000000000000 ) ) ;
#6977 = EDGE_LOOP ( 'NONE', ( #6152, #8259, #1344 ) ) ;
#6978 = ORIENTED_EDGE ( 'NONE', *, *, #3019, .T. ) ;
#6979 = DIRECTION ( 'NONE',  ( 0.000000000000000000, 1.000000000000000000, 0.000000000000000000 ) ) ;
#6980 = LINE ( 'NONE', #7066, #8562 ) ;
#6981 = EDGE_CURVE ( 'NONE', #2961, #6191, #544, .T. ) ;
#6982 = PLANE ( 'NONE',  #3714 ) ;
#6983 = DIRECTION ( 'NONE',  ( 0.000000000000000000, 0.000000000000000000, -1.000000000000000000 ) ) ;
#6984 = CARTESIAN_POINT ( 'NONE',  ( 40.31128874149275276, 0.000000000000000000, -20.00000000000000000 ) ) ;
#6985 = ORIENTED_EDGE ( 'NONE', *, *, #1279, .F. ) ;
#6986 = ORIENTED_EDGE ( 'NONE', *, *, #2004, .F. ) ;
#6987 = LINE ( 'NONE', #6427, #3883 ) ;
#6988 = LINE ( 'NONE', #8172, #1089 ) ;
#6989 = FACE_OUTER_BOUND ( 'NONE', #8057, .T. ) ;
#6990 = CARTESIAN_POINT ( 'NONE',  ( -13.00000000000000000, 23.00000000000000000, -13.00000000000000000 ) ) ;
#6991 = ADVANCED_FACE ( 'NONE', ( #487, #5244, #3901 ), #5810, .T. ) ;
#6992 = FACE_OUTER_BOUND ( 'NONE', #2330, .T. ) ;
#6993 = PLANE ( 'NONE',  #7124 ) ;
#6994 = VERTEX_POINT ( 'NONE', #622 ) ;
#6995 = ORIENTED_EDGE ( 'NONE', *, *, #7060, .F. ) ;
#6996 = EDGE_CURVE ( 'NONE', #7898, #6574, #5410, .T. ) ;
#6997 = PLANE ( 'NONE',  #3057 ) ;
#6998 = LINE ( 'NONE', #2422, #7358 ) ;
#6999 = DIRECTION ( 'NONE',  ( -1.000000000000000000, 0.000000000000000000, 0.000000000000000000 ) ) ;
#7000 = EDGE_CURVE ( 'NONE', #5166, #4310, #3288, .T. ) ;
#7001 = CARTESIAN_POINT ( 'NONE',  ( -37.23954713860204890, 24.19999999999999929, 2.299999999999999822 ) ) ;
#7002 = DIRECTION ( 'NONE',  ( 1.000000000000000000, 0.000000000000000000, 0.000000000000000000 ) ) ;
#7003 = EDGE_CURVE ( 'NONE', #2845, #3434, #2631, .T. ) ;
#7004 = VECTOR ( 'NONE', #4238, 1000.000000000000000 ) ;
#7005 = ORIENTED_EDGE ( 'NONE', *, *, #1243, .F. ) ;
#7006 = VERTEX_POINT ( 'NONE', #5328 ) ;
#7007 = VECTOR ( 'NONE', #7329, 1000.000000000000000 ) ;
#7008 = CARTESIAN_POINT ( 'NONE',  ( 31.00000000000000000, -36.20000000000000284, -13.00000000000000178 ) ) ;
#7009 = CARTESIAN_POINT ( 'NONE',  ( 0.000000000000000000, 23.00000000000000000, -13.00000000000000000 ) ) ;
#7010 = CARTESIAN_POINT ( 'NONE',  ( -4.299999999999999822, 0.000000000000000000, 0.000000000000000000 ) ) ;
#7011 = ORIENTED_EDGE ( 'NONE', *, *, #7589, .T. ) ;
#7012 = CARTESIAN_POINT ( 'NONE',  ( 0.000000000000000000, 2.081899558550499885E-15, 17.00000000000000000 ) ) ;
#7013 = APPROVAL_STATUS ( 'not_yet_approved' ) ;
#7014 = CARTESIAN_POINT ( 'NONE',  ( 0.000000000000000000, -22.99999957383840155, 16.00000000000000000 ) ) ;
#7015 = ORIENTED_EDGE ( 'NONE', *, *, #3919, .T. ) ;
#7016 = ADVANCED_FACE ( 'NONE', ( #3155 ), #1847, .F. ) ;
#7017 = VERTEX_POINT ( 'NONE', #4842 ) ;
#7018 = DIRECTION ( 'NONE',  ( 1.000000000000000000, 0.000000000000000000, 0.000000000000000000 ) ) ;
#7019 = PLANE ( 'NONE',  #4097 ) ;
#7020 = B_SPLINE_CURVE_WITH_KNOTS ( 'NONE', 3,
 ( #3675, #7031, #6293, #489, #4332, #6336, #8433, #314, #354, #2980, #2413, #8347, #7777, #5159, #5812, #3111 ),
 .UNSPECIFIED., .F., .F.,
 ( 4, 2, 2, 2, 2, 2, 2, 4 ),
 ( 0.000000000000000000, 0.001467528403636299793, 0.002201292605454445786, 0.002935056807272591779, 0.003668821009090737339, 0.004402585210908883766, 0.005136349412727029759, 0.005870113614545175752 ),
 .UNSPECIFIED. ) ;
#7021 = AXIS2_PLACEMENT_3D ( 'NONE', #4404, #1094, #261 ) ;
#7022 = CARTESIAN_POINT ( 'NONE',  ( -17.67766952966355376, -13.60000000000000142, 14.57766952966379570 ) ) ;
#7023 = FACE_OUTER_BOUND ( 'NONE', #5488, .T. ) ;
#7024 = DIRECTION ( 'NONE',  ( 0.000000000000000000, 0.000000000000000000, 1.000000000000000000 ) ) ;
#7025 = ORIENTED_EDGE ( 'NONE', *, *, #2512, .T. ) ;
#7026 = EDGE_CURVE ( 'NONE', #8081, #4702, #3452, .T. ) ;
#7027 = AXIS2_PLACEMENT_3D ( 'NONE', #676, #1255, #595 ) ;
#7028 = VERTEX_POINT ( 'NONE', #130 ) ;
#7029 = DIRECTION ( 'NONE',  ( 1.000000000000000000, 0.000000000000000000, 0.000000000000000000 ) ) ;
#7030 = CARTESIAN_POINT ( 'NONE',  ( 30.54705052728616010, -41.51596867523402068, -7.767004190992431667 ) ) ;
#7031 = CARTESIAN_POINT ( 'NONE',  ( 29.78684623777736107, -40.55905810277477741, -18.11247725217548421 ) ) ;
#7032 = CARTESIAN_POINT ( 'NONE',  ( -90.00000000000000000, -48.00000000000000000, 20.00000000000000000 ) ) ;
#7033 = CIRCLE ( 'NONE', #1335, 3.099999999999998757 ) ;
#7034 = DIRECTION ( 'NONE',  ( -1.000000000000000000, 0.000000000000000000, 0.000000000000000000 ) ) ;
#7035 = CARTESIAN_POINT ( 'NONE',  ( -17.67766952966355376, -13.60000000000000142, 17.67766952966379534 ) ) ;
#7036 = ORIENTED_EDGE ( 'NONE', *, *, #409, .T. ) ;
#7037 = ORIENTED_EDGE ( 'NONE', *, *, #3599, .F. ) ;
#7038 = AXIS2_PLACEMENT_3D ( 'NONE', #3112, #1803, #402 ) ;
#7039 = CARTESIAN_POINT ( 'NONE',  ( -79.00000000000000000, 53.00000000000000000, -19.75000000000000000 ) ) ;
#7040 = CARTESIAN_POINT ( 'NONE',  ( -67.00000000000000000, 14.55000000000000071, -18.26686273152995099 ) ) ;
#7041 = DIRECTION ( 'NONE',  ( -8.659560562354929160E-17, -0.7071067811865480168, -0.7071067811865470176 ) ) ;
#7042 = CARTESIAN_POINT ( 'NONE',  ( 25.75000000000000000, -36.20000000000000284, -13.00000000000000178 ) ) ;
#7043 = CARTESIAN_POINT ( 'NONE',  ( -79.00000000000000000, -53.00000000000000000, -9.253553390593300065 ) ) ;
#7044 = ADVANCED_FACE ( 'NONE', ( #1363 ), #7507, .T. ) ;
#7045 = ORIENTED_EDGE ( 'NONE', *, *, #1270, .F. ) ;
#7046 = ORIENTED_EDGE ( 'NONE', *, *, #5181, .F. ) ;
#7047 = EDGE_CURVE ( 'NONE', #7844, #5365, #4797, .T. ) ;
#7048 = DIRECTION ( 'NONE',  ( -1.000000000000000000, -1.152640183373294164E-15, 0.000000000000000000 ) ) ;
#7049 = PLANE ( 'NONE',  #1133 ) ;
#7050 = CARTESIAN_POINT ( 'NONE',  ( 0.000000000000000000, -11.40217391304303973, -18.21270018560294801 ) ) ;
#7051 = AXIS2_PLACEMENT_3D ( 'NONE', #8566, #7340, #539 ) ;
#7052 = EDGE_LOOP ( 'NONE', ( #2220, #6351, #2535, #667 ) ) ;
#7053 = CARTESIAN_POINT ( 'NONE',  ( -29.57888850641909428, -40.11309130870348127, 7.945997415630641214 ) ) ;
#7054 = DIRECTION ( 'NONE',  ( 0.000000000000000000, 0.000000000000000000, 1.000000000000000000 ) ) ;
#7055 = PERSON_AND_ORGANIZATION ( #2440, #369 ) ;
#7056 = EDGE_CURVE ( 'NONE', #5128, #6272, #3272, .T. ) ;
#7057 = DIRECTION ( 'NONE',  ( 1.000000000000000000, 0.000000000000000000, 0.000000000000000000 ) ) ;
#7058 = SECURITY_CLASSIFICATION ( '', '', #7414 ) ;
#7059 = ORIENTED_EDGE ( 'NONE', *, *, #2668, .T. ) ;
#7060 = EDGE_CURVE ( 'NONE', #7797, #8563, #328, .T. ) ;
#7061 = APPLICATION_CONTEXT ( 'configuration controlled 3d designs of mechanical parts and assemblies' ) ;
#7062 = ORIENTED_EDGE ( 'NONE', *, *, #2315, .F. ) ;
#7063 = ORIENTED_EDGE ( 'NONE', *, *, #8312, .F. ) ;
#7064 = DIRECTION ( 'NONE',  ( 0.000000000000000000, 0.000000000000000000, 1.000000000000000000 ) ) ;
#7065 = ORIENTED_EDGE ( 'NONE', *, *, #5271, .T. ) ;
#7066 = CARTESIAN_POINT ( 'NONE',  ( -67.00000000000000000, 30.00000000000000000, -7.250000000000000000 ) ) ;
#7067 = CARTESIAN_POINT ( 'NONE',  ( 0.000000000000000000, 11.44999999999999929, 19.69999999999999929 ) ) ;
#7068 = EDGE_CURVE ( 'NONE', #571, #6684, #5368, .T. ) ;
#7069 = DIRECTION ( 'NONE',  ( 0.000000000000000000, 0.000000000000000000, 1.000000000000000000 ) ) ;
#7070 = DIRECTION ( 'NONE',  ( 0.000000000000000000, 0.000000000000000000, -1.000000000000000000 ) ) ;
#7071 = AXIS2_PLACEMENT_3D ( 'NONE', #6087, #2207, #4908 ) ;
#7072 = EDGE_LOOP ( 'NONE', ( #1778, #3518 ) ) ;
#7073 = VERTEX_POINT ( 'NONE', #1539 ) ;
#7074 = VECTOR ( 'NONE', #633, 1000.000000000000000 ) ;
#7075 = FACE_OUTER_BOUND ( 'NONE', #8593, .T. ) ;
#7076 = VECTOR ( 'NONE', #5862, 1000.000000000000114 ) ;
#7077 = CARTESIAN_POINT ( 'NONE',  ( -85.00000000000000000, -43.00000000000000000, 20.00000000000000000 ) ) ;
#7078 = DIRECTION ( 'NONE',  ( 1.000000000000000000, 0.000000000000000000, 0.000000000000000000 ) ) ;
#7079 = CARTESIAN_POINT ( 'NONE',  ( 0.000000000000000000, 12.99999999999934097, 16.85000000000000142 ) ) ;
#7080 = ADVANCED_FACE ( 'NONE', ( #870 ), #705, .T. ) ;
#7081 = DIRECTION ( 'NONE',  ( 0.000000000000000000, 0.000000000000000000, -1.000000000000000000 ) ) ;
#7082 = CIRCLE ( 'NONE', #5004, 2.100000000000109779 ) ;
#7083 = AXIS2_PLACEMENT_3D ( 'NONE', #1698, #5658, #4354 ) ;
#7084 = LINE ( 'NONE', #4059, #272 ) ;
#7085 = AXIS2_PLACEMENT_3D ( 'NONE', #2243, #6861, #1583 ) ;
#7086 = ORIENTED_EDGE ( 'NONE', *, *, #7750, .F. ) ;
#7087 = VERTEX_POINT ( 'NONE', #8082 ) ;
#7088 = CARTESIAN_POINT ( 'NONE',  ( 54.00000000000000000, -55.19999999999999574, -16.50000000000000000 ) ) ;
#7089 = AXIS2_PLACEMENT_3D ( 'NONE', #5651, #1073, #2998 ) ;
#7090 = VERTEX_POINT ( 'NONE', #2141 ) ;
#7091 = CARTESIAN_POINT ( 'NONE',  ( -67.00000000000000000, 12.99999999999934097, 16.85000000000000142 ) ) ;
#7092 = CIRCLE ( 'NONE', #4717, 3.000000000000000888 ) ;
#7093 = FACE_OUTER_BOUND ( 'NONE', #4464, .T. ) ;
#7094 = CARTESIAN_POINT ( 'NONE',  ( 0.000000000000000000, -11.24999999999945999, -19.69999999999999929 ) ) ;
#7095 = DIRECTION ( 'NONE',  ( -1.000000000000000000, 0.000000000000000000, 0.000000000000000000 ) ) ;
#7096 = VECTOR ( 'NONE', #1856, 1000.000000000000000 ) ;
#7097 = AXIS2_PLACEMENT_3D ( 'NONE', #8545, #8177, #5225 ) ;
#7098 = EDGE_LOOP ( 'NONE', ( #7994, #3694, #3161, #5314 ) ) ;
#7099 = ORIENTED_EDGE ( 'NONE', *, *, #3495, .T. ) ;
#7100 = VECTOR ( 'NONE', #2735, 1000.000000000000114 ) ;
#7101 = DIRECTION ( 'NONE',  ( -0.000000000000000000, 1.000000000000000000, 0.000000000000000000 ) ) ;
#7102 = ORIENTED_EDGE ( 'NONE', *, *, #5742, .T. ) ;
#7103 = DIRECTION ( 'NONE',  ( 0.000000000000000000, -1.000000000000000000, 0.000000000000000000 ) ) ;
#7104 = DIRECTION ( 'NONE',  ( 1.000000000000000000, 0.000000000000000000, 0.000000000000000000 ) ) ;
#7105 = ORIENTED_EDGE ( 'NONE', *, *, #7112, .F. ) ;
#7106 = CARTESIAN_POINT ( 'NONE',  ( -32.60500057192925283, -42.77362094615755694, 7.995636914640318338 ) ) ;
#7107 = AXIS2_PLACEMENT_3D ( 'NONE', #6639, #702, #76 ) ;
#7108 = VECTOR ( 'NONE', #5017, 1000.000000000000000 ) ;
#7109 = CARTESIAN_POINT ( 'NONE',  ( -53.79999999999999716, -20.00000000000000000, -20.00000000000000000 ) ) ;
#7110 = AXIS2_PLACEMENT_3D ( 'NONE', #4614, #4566, #7794 ) ;
#7111 = COORDINATED_UNIVERSAL_TIME_OFFSET ( 6, 0, .BEHIND. ) ;
#7112 = EDGE_CURVE ( 'NONE', #8418, #7175, #2105, .T. ) ;
#7113 = DIRECTION ( 'NONE',  ( -1.000000000000000000, 0.000000000000000000, 0.000000000000000000 ) ) ;
#7114 = ORIENTED_EDGE ( 'NONE', *, *, #7371, .T. ) ;
#7115 = ORIENTED_EDGE ( 'NONE', *, *, #7068, .F. ) ;
#7116 = ORIENTED_EDGE ( 'NONE', *, *, #6585, .T. ) ;
#7117 = CARTESIAN_POINT ( 'NONE',  ( -31.00000127116289761, -23.00000000000000000, 11.75000000000322053 ) ) ;
#7118 = EDGE_CURVE ( 'NONE', #6607, #546, #5452, .T. ) ;
#7119 = DIRECTION ( 'NONE',  ( 1.000000000000000000, 0.000000000000000000, -2.742607621556155382E-15 ) ) ;
#7120 = EDGE_CURVE ( 'NONE', #8378, #1960, #4662, .T. ) ;
#7121 = LINE ( 'NONE', #8557, #3387 ) ;
#7122 = CARTESIAN_POINT ( 'NONE',  ( -2.500000000000000000, -1.986316888746844847E-08, 17.00000000000000000 ) ) ;
#7123 = ORIENTED_EDGE ( 'NONE', *, *, #6093, .F. ) ;
#7124 = AXIS2_PLACEMENT_3D ( 'NONE', #2899, #1015, #7608 ) ;
#7125 = VERTEX_POINT ( 'NONE', #4022 ) ;
#7126 = DIRECTION ( 'NONE',  ( 0.000000000000000000, 0.000000000000000000, 1.000000000000000000 ) ) ;
#7127 = DIRECTION ( 'NONE',  ( 0.000000000000000000, 0.000000000000000000, 1.000000000000000000 ) ) ;
#7128 = DIRECTION ( 'NONE',  ( 0.000000000000000000, 0.000000000000000000, 1.000000000000000000 ) ) ;
#7129 = CARTESIAN_POINT ( 'NONE',  ( 28.04842788558745070, -25.00000000000000000, 20.00000000000000000 ) ) ;
#7130 = PLANE ( 'NONE',  #1393 ) ;
#7131 = DIRECTION ( 'NONE',  ( 0.000000000000000000, -1.000000000000000000, 0.000000000000000000 ) ) ;
#7132 = EDGE_LOOP ( 'NONE', ( #6051, #5409, #4128, #4190 ) ) ;
#7133 = ORIENTED_EDGE ( 'NONE', *, *, #918, .F. ) ;
#7134 = EDGE_CURVE ( 'NONE', #5602, #8512, #8424, .T. ) ;
#7135 = ORIENTED_EDGE ( 'NONE', *, *, #4465, .T. ) ;
#7136 = APPROVAL ( #2225, 'UNSPECIFIED' ) ;
#7137 = DIRECTION ( 'NONE',  ( -1.000000000000000000, 0.000000000000000000, 0.000000000000000000 ) ) ;
#7138 = DIRECTION ( 'NONE',  ( 0.000000000000000000, 0.000000000000000000, -1.000000000000000000 ) ) ;
#7139 = DIRECTION ( 'NONE',  ( 0.000000000000000000, 0.000000000000000000, -1.000000000000000000 ) ) ;
#7140 = DIRECTION ( 'NONE',  ( 0.000000000000000000, 1.000000000000000000, 3.486794186725621544E-12 ) ) ;
#7141 = FACE_OUTER_BOUND ( 'NONE', #2056, .T. ) ;
#7142 = AXIS2_PLACEMENT_3D ( 'NONE', #7009, #7622, #372 ) ;
#7143 = ORIENTED_EDGE ( 'NONE', *, *, #4773, .T. ) ;
#7144 = EDGE_LOOP ( 'NONE', ( #34, #4963, #1370, #3838 ) ) ;
#7145 = EDGE_CURVE ( 'NONE', #848, #1223, #744, .T. ) ;
#7146 = LINE ( 'NONE', #3176, #3195 ) ;
#7147 = DIRECTION ( 'NONE',  ( 0.000000000000000000, 1.000000000000000000, 0.000000000000000000 ) ) ;
#7148 = CARTESIAN_POINT ( 'NONE',  ( 0.000000000000000000, -14.55000000000000071, -18.26686273152999718 ) ) ;
#7149 = EDGE_LOOP ( 'NONE', ( #7719, #5675 ) ) ;
#7150 = CARTESIAN_POINT ( 'NONE',  ( 2.081668171172170091E-14, 0.000000000000000000, -45.00000000000000000 ) ) ;
#7151 = CARTESIAN_POINT ( 'NONE',  ( -90.00000000000000000, -43.00000000000000000, -20.00000000000000000 ) ) ;
#7152 = CONTEXT_DEPENDENT_SHAPE_REPRESENTATION ( #6333, #1896 ) ;
#7153 = DIRECTION ( 'NONE',  ( -1.000000000000000000, 0.000000000000000000, 0.000000000000000000 ) ) ;
#7154 = AXIS2_PLACEMENT_3D ( 'NONE', #2974, #6817, #5016 ) ;
#7155 = EDGE_LOOP ( 'NONE', ( #8080, #2863, #919, #731 ) ) ;
#7156 = ORIENTED_EDGE ( 'NONE', *, *, #6738, .T. ) ;
#7157 = PLANE ( 'NONE',  #5400 ) ;
#7158 = VERTEX_POINT ( 'NONE', #6814 ) ;
#7159 = DIRECTION ( 'NONE',  ( 1.000000000000000000, 0.000000000000000000, 0.000000000000000000 ) ) ;
#7160 = CARTESIAN_POINT ( 'NONE',  ( -49.59247459621600029, 19.00000000000000000, 11.40752540378399971 ) ) ;
#7161 = FACE_OUTER_BOUND ( 'NONE', #4775, .T. ) ;
#7162 = EDGE_CURVE ( 'NONE', #1214, #7006, #7867, .T. ) ;
#7163 = ORIENTED_EDGE ( 'NONE', *, *, #1831, .T. ) ;
#7164 = EDGE_LOOP ( 'NONE', ( #165, #3535, #3813, #1622 ) ) ;
#7165 = ADVANCED_FACE ( 'NONE', ( #3501 ), #6725, .T. ) ;
#7166 = VECTOR ( 'NONE', #1746, 1000.000000000000000 ) ;
#7167 = DIRECTION ( 'NONE',  ( 0.000000000000000000, 1.420538663550911401E-07, 0.9999999999999898970 ) ) ;
#7168 = CARTESIAN_POINT ( 'NONE',  ( 29.57888850641909073, -40.11309130870347417, -7.945997415630637661 ) ) ;
#7169 = DIRECTION ( 'NONE',  ( 0.000000000000000000, 0.000000000000000000, -1.000000000000000000 ) ) ;
#7170 = DIRECTION ( 'NONE',  ( 0.000000000000000000, 1.000000000000000000, 0.000000000000000000 ) ) ;
#7171 = LINE ( 'NONE', #3770, #6126 ) ;
#7172 = CIRCLE ( 'NONE', #4523, 1.592474596216000071 ) ;
#7173 = ORIENTED_EDGE ( 'NONE', *, *, #3500, .F. ) ;
#7174 = EDGE_CURVE ( 'NONE', #4876, #419, #4103, .T. ) ;
#7175 = VERTEX_POINT ( 'NONE', #8162 ) ;
#7176 = DIRECTION ( 'NONE',  ( 0.000000000000000000, 0.000000000000000000, 1.000000000000000000 ) ) ;
#7177 = PLANE ( 'NONE',  #5539 ) ;
#7178 = AXIS2_PLACEMENT_3D ( 'NONE', #3595, #225, #2895 ) ;
#7179 = DIRECTION ( 'NONE',  ( 0.000000000000000000, 0.000000000000000000, -1.000000000000000000 ) ) ;
#7180 = AXIS2_PLACEMENT_3D ( 'NONE', #3343, #1378, #6701 ) ;
#7181 = FACE_OUTER_BOUND ( 'NONE', #7785, .T. ) ;
#7182 = DIRECTION ( 'NONE',  ( 1.000000000000000000, 0.000000000000000000, 0.000000000000000000 ) ) ;
#7183 = EDGE_CURVE ( 'NONE', #3293, #8252, #2430, .T. ) ;
#7184 = VERTEX_POINT ( 'NONE', #1617 ) ;
#7185 = ORIENTED_EDGE ( 'NONE', *, *, #1050, .F. ) ;
#7186 = CARTESIAN_POINT ( 'NONE',  ( -67.00000000000000000, -14.55000000000000071, 18.26686273152995099 ) ) ;
#7187 = EDGE_LOOP ( 'NONE', ( #8107, #3885, #4672, #1307 ) ) ;
#7188 = DIRECTION ( 'NONE',  ( -1.000000000000000000, 0.000000000000000000, 0.000000000000000000 ) ) ;
#7189 = LINE ( 'NONE', #7714, #7624 ) ;
#7190 = VERTEX_POINT ( 'NONE', #3580 ) ;
#7191 = CARTESIAN_POINT ( 'NONE',  ( 31.00000000000000000, -49.79999999999999716, -13.00000000000000178 ) ) ;
#7192 = CARTESIAN_POINT ( 'NONE',  ( -37.23954713860204890, -24.19999999999999929, 1.699999999999999956 ) ) ;
#7193 = ADVANCED_FACE ( 'NONE', ( #6419 ), #4361, .F. ) ;
#7194 = DATE_TIME_ROLE ( 'classification_date' ) ;
#7195 = LINE ( 'NONE', #6362, #4302 ) ;
#7196 = ORIENTED_EDGE ( 'NONE', *, *, #1452, .F. ) ;
#7197 = ORIENTED_EDGE ( 'NONE', *, *, #8402, .T. ) ;
#7198 = DIRECTION ( 'NONE',  ( 0.000000000000000000, -1.000000000000000000, 0.000000000000000000 ) ) ;
#7199 = DIRECTION ( 'NONE',  ( 0.7071067811865470176, -8.659560562354929160E-17, 0.7071067811865480168 ) ) ;
#7200 = CARTESIAN_POINT ( 'NONE',  ( -79.00000000000000000, 53.00000000000000000, 9.253553390593300065 ) ) ;
#7201 = CARTESIAN_POINT ( 'NONE',  ( 0.000000000000000000, 0.000000000000000000, 0.000000000000000000 ) ) ;
#7202 = AXIS2_PLACEMENT_3D ( 'NONE', #44, #2715, #1849 ) ;
#7203 = CARTESIAN_POINT ( 'NONE',  ( 0.000000000000000000, -24.19999999999999929, 2.299999999999999822 ) ) ;
#7204 = EDGE_LOOP ( 'NONE', ( #5132, #5802 ) ) ;
#7205 = ORIENTED_EDGE ( 'NONE', *, *, #662, .T. ) ;
#7206 = LOCAL_TIME ( 0, 52, 31.00000000000000000, #4884 ) ;
#7207 = CARTESIAN_POINT ( 'NONE',  ( -40.00000000000000000, 23.00000000000000000, -2.299999999999999822 ) ) ;
#7208 = DIRECTION ( 'NONE',  ( 0.000000000000000000, 0.000000000000000000, 1.000000000000000000 ) ) ;
#7209 = DIRECTION ( 'NONE',  ( 0.000000000000000000, 0.000000000000000000, 1.000000000000000000 ) ) ;
#7210 = AXIS2_PLACEMENT_3D ( 'NONE', #2393, #7846, #4527 ) ;
#7211 = FACE_OUTER_BOUND ( 'NONE', #4749, .T. ) ;
#7212 = CARTESIAN_POINT ( 'NONE',  ( -46.00000000000000000, -30.00000000000000000, 1.699999999999999956 ) ) ;
#7213 = EDGE_CURVE ( 'NONE', #8001, #2922, #7553, .T. ) ;
#7214 = CC_DESIGN_SECURITY_CLASSIFICATION ( #6658, ( #2622 ) ) ;
#7215 = VERTEX_POINT ( 'NONE', #2933 ) ;
#7216 = AXIS2_PLACEMENT_3D ( 'NONE', #2907, #3432, #6136 ) ;
#7217 = ORIENTED_EDGE ( 'NONE', *, *, #3447, .F. ) ;
#7218 = AXIS2_PLACEMENT_3D ( 'NONE', #6563, #6382, #7208 ) ;
#7219 = FACE_OUTER_BOUND ( 'NONE', #3491, .T. ) ;
#7220 = ADVANCED_FACE ( 'NONE', ( #963 ), #1662, .T. ) ;
#7221 = DIRECTION ( 'NONE',  ( -1.000000000000000000, 0.000000000000000000, 0.000000000000000000 ) ) ;
#7222 = CARTESIAN_POINT ( 'NONE',  ( -40.00000000000000000, 23.00000000000000000, 19.45850000000000080 ) ) ;
#7223 = ADVANCED_FACE ( 'NONE', ( #2362 ), #303, .T. ) ;
#7224 = CARTESIAN_POINT ( 'NONE',  ( -67.00000000000000000, 11.25000000000000000, -19.69999999999999929 ) ) ;
#7225 = VECTOR ( 'NONE', #7765, 1000.000000000000000 ) ;
#7226 = CARTESIAN_POINT ( 'NONE',  ( -67.00000000000000000, -14.55000000000000071, -19.75000000000000000 ) ) ;
#7227 = ADVANCED_FACE ( 'NONE', ( #3665 ), #2572, .F. ) ;
#7228 = CIRCLE ( 'NONE', #5685, 2.999999999999999112 ) ;
#7229 = VERTEX_POINT ( 'NONE', #4323 ) ;
#7230 = CONICAL_SURFACE ( 'NONE', #8205, 2.700000000000001066, 0.7853981633974560506 ) ;
#7231 = ORIENTED_EDGE ( 'NONE', *, *, #1704, .T. ) ;
#7232 = CIRCLE ( 'NONE', #678, 14.50000000000000000 ) ;
#7233 = FACE_OUTER_BOUND ( 'NONE', #5567, .T. ) ;
#7234 = EDGE_CURVE ( 'NONE', #8203, #3173, #6285, .T. ) ;
#7235 = LINE ( 'NONE', #5265, #5813 ) ;
#7236 = ORIENTED_EDGE ( 'NONE', *, *, #4386, .T. ) ;
#7237 = CARTESIAN_POINT ( 'NONE',  ( -17.67766952966359995, -19.50000000000000000, -17.67766952966377403 ) ) ;
#7238 = CARTESIAN_POINT ( 'NONE',  ( -54.00000000000000000, -55.19999999999999574, -16.50000000000000000 ) ) ;
#7239 = AXIS2_PLACEMENT_3D ( 'NONE', #7702, #7531, #8361 ) ;
#7240 = VECTOR ( 'NONE', #5663, 1000.000000000000000 ) ;
#7241 = DATE_AND_TIME ( #6544, #3870 ) ;
#7242 = AXIS2_PLACEMENT_3D ( 'NONE', #1131, #5711, #3136 ) ;
#7243 = AXIS2_PLACEMENT_3D ( 'NONE', #4087, #2822, #6836 ) ;
#7244 = ORIENTED_EDGE ( 'NONE', *, *, #3549, .F. ) ;
#7245 = EDGE_LOOP ( 'NONE', ( #1225, #2450 ) ) ;
#7246 = ORIENTED_EDGE ( 'NONE', *, *, #41, .F. ) ;
#7247 = EDGE_CURVE ( 'NONE', #4253, #1612, #2270, .T. ) ;
#7248 = EDGE_CURVE ( 'NONE', #1247, #7158, #6980, .T. ) ;
#7249 = CARTESIAN_POINT ( 'NONE',  ( -67.00000000000000000, 11.44999999999999929, 18.34248115565999981 ) ) ;
#7250 = VECTOR ( 'NONE', #1984, 1000.000000000000000 ) ;
#7251 = CARTESIAN_POINT ( 'NONE',  ( -90.00000000000000000, -20.00000000000000000, -20.00000000000000000 ) ) ;
#7252 = AXIS2_PLACEMENT_3D ( 'NONE', #5741, #2954, #939 ) ;
#7253 = FACE_BOUND ( 'NONE', #8137, .T. ) ;
#7254 = DIRECTION ( 'NONE',  ( 1.000000000000000000, 0.000000000000000000, 0.000000000000000000 ) ) ;
#7255 = ORIENTED_EDGE ( 'NONE', *, *, #1352, .T. ) ;
#7256 = ORIENTED_EDGE ( 'NONE', *, *, #3921, .F. ) ;
#7257 = ADVANCED_FACE ( 'NONE', ( #3756 ), #7019, .T. ) ;
#7258 = DIRECTION ( 'NONE',  ( 0.000000000000000000, 0.000000000000000000, -1.000000000000000000 ) ) ;
#7259 = DIRECTION ( 'NONE',  ( 0.000000000000000000, 0.000000000000000000, -1.000000000000000000 ) ) ;
#7260 = CARTESIAN_POINT ( 'NONE',  ( -79.00000000000000000, -53.00000000000000000, -19.75000000000000000 ) ) ;
#7261 = CARTESIAN_POINT ( 'NONE',  ( 0.000000000000000000, -30.00000000000000000, 20.00000000000000000 ) ) ;
#7262 = DIRECTION ( 'NONE',  ( -1.000000000000000000, 0.000000000000000000, 0.000000000000000000 ) ) ;
#7263 = ORIENTED_EDGE ( 'NONE', *, *, #8623, .T. ) ;
#7264 = VERTEX_POINT ( 'NONE', #6936 ) ;
#7265 = CARTESIAN_POINT ( 'NONE',  ( -67.00000000000000000, 14.55000000000000071, 19.75000000000000000 ) ) ;
#7266 = FACE_OUTER_BOUND ( 'NONE', #2454, .T. ) ;
#7267 = CARTESIAN_POINT ( 'NONE',  ( -40.31128874149275276, -10.00000000000000178, -20.00000000000000000 ) ) ;
#7268 = CARTESIAN_POINT ( 'NONE',  ( -90.00000000000000000, -10.00000000000000178, 20.00000000000000000 ) ) ;
#7269 = CARTESIAN_POINT ( 'NONE',  ( 0.000000000000000000, -19.50000000000000000, 20.00000000000000000 ) ) ;
#7270 = ORIENTED_EDGE ( 'NONE', *, *, #8020, .T. ) ;
#7271 = EDGE_CURVE ( 'NONE', #3977, #6054, #7441, .T. ) ;
#7272 = EDGE_LOOP ( 'NONE', ( #3400, #7364, #7476, #2445 ) ) ;
#7273 = ADVANCED_FACE ( 'NONE', ( #1573 ), #1177, .F. ) ;
#7274 = DIRECTION ( 'NONE',  ( 0.000000000000000000, -1.156482317317871133E-15, 1.000000000000000000 ) ) ;
#7275 = EDGE_CURVE ( 'NONE', #3193, #8439, #7308, .T. ) ;
#7276 = CARTESIAN_POINT ( 'NONE',  ( -17.67766952966359995, -6.600000000000001421, -17.67766952966377403 ) ) ;
#7277 = ORIENTED_EDGE ( 'NONE', *, *, #6613, .F. ) ;
#7278 = DIRECTION ( 'NONE',  ( 0.000000000000000000, -1.000000000000000000, 0.000000000000000000 ) ) ;
#7279 = CARTESIAN_POINT ( 'NONE',  ( 77.00000000000000000, -49.79999999999999716, 9.750000000000001776 ) ) ;
#7280 = COORDINATED_UNIVERSAL_TIME_OFFSET ( 6, 0, .BEHIND. ) ;
#7281 = ORIENTED_EDGE ( 'NONE', *, *, #8455, .F. ) ;
#7282 = EDGE_CURVE ( 'NONE', #3308, #8365, #2707, .T. ) ;
#7283 = ORIENTED_EDGE ( 'NONE', *, *, #31, .F. ) ;
#7284 = CARTESIAN_POINT ( 'NONE',  ( -37.00000000000000000, 23.00000000057709926, -20.00000000000000000 ) ) ;
#7285 = ORIENTED_EDGE ( 'NONE', *, *, #5526, .T. ) ;
#7286 = CARTESIAN_POINT ( 'NONE',  ( -43.00999999999999801, 23.00000000000000000, -20.00000000000000000 ) ) ;
#7287 = AXIS2_PLACEMENT_3D ( 'NONE', #1706, #527, #3893 ) ;
#7288 = DIRECTION ( 'NONE',  ( 0.000000000000000000, 0.000000000000000000, -1.000000000000000000 ) ) ;
#7289 = ADVANCED_FACE ( 'NONE', ( #3061 ), #6892, .T. ) ;
#7290 = PRODUCT_RELATED_PRODUCT_CATEGORY ( 'detail', '', ( #5865 ) ) ;
#7291 = DIRECTION ( 'NONE',  ( 0.000000000000000000, -1.000000000000000000, 0.000000000000000000 ) ) ;
#7292 = VERTEX_POINT ( 'NONE', #5054 ) ;
#7293 = EDGE_LOOP ( 'NONE', ( #8471, #5717, #5296, #5431 ) ) ;
#7294 = AXIS2_PLACEMENT_3D ( 'NONE', #1400, #120, #6679 ) ;
#7295 = DIRECTION ( 'NONE',  ( 0.000000000000000000, -1.000000000000000000, 0.000000000000000000 ) ) ;
#7296 = DIRECTION ( 'NONE',  ( -1.000000000000000000, 0.000000000000000000, 0.000000000000000000 ) ) ;
#7297 = DIRECTION ( 'NONE',  ( 0.000000000000000000, 0.000000000000000000, -1.000000000000000000 ) ) ;
#7298 = DIRECTION ( 'NONE',  ( 0.000000000000000000, 0.000000000000000000, 1.000000000000000000 ) ) ;
#7299 = CARTESIAN_POINT ( 'NONE',  ( -28.91353514847780204, -38.68623642801407669, 17.86691496649055821 ) ) ;
#7300 = ADVANCED_FACE ( 'NONE', ( #7723 ), #6048, .F. ) ;
#7301 = ORIENTED_EDGE ( 'NONE', *, *, #7275, .T. ) ;
#7302 = ORIENTED_EDGE ( 'NONE', *, *, #8241, .F. ) ;
#7303 = LINE ( 'NONE', #6569, #7096 ) ;
#7304 = CARTESIAN_POINT ( 'NONE',  ( -37.23954713860204890, -24.19999999999999929, 2.299999999999999822 ) ) ;
#7305 = CARTESIAN_POINT ( 'NONE',  ( -22.38609614442015072, -19.50000000000000000, -20.00000000000000000 ) ) ;
#7306 = CARTESIAN_POINT ( 'NONE',  ( 17.67766952966359995, -55.20100000000000051, -17.67766952966378469 ) ) ;
#7307 = CARTESIAN_POINT ( 'NONE',  ( 31.00000000000000000, -36.20000000000000284, -13.00000000000000178 ) ) ;
#7308 = CIRCLE ( 'NONE', #5916, 45.00000000000000000 ) ;
#7309 = ORIENTED_EDGE ( 'NONE', *, *, #6697, .F. ) ;
#7310 = ORIENTED_EDGE ( 'NONE', *, *, #5025, .T. ) ;
#7311 = VECTOR ( 'NONE', #7159, 1000.000000000000000 ) ;
#7312 = CARTESIAN_POINT ( 'NONE',  ( -40.00000000000000000, -23.00000000000000000, 2.299999999999999822 ) ) ;
#7313 = VECTOR ( 'NONE', #1594, 1000.000000000000000 ) ;
#7314 = DIRECTION ( 'NONE',  ( 0.000000000000000000, 1.000000000000000000, 0.000000000000000000 ) ) ;
#7315 = ORIENTED_EDGE ( 'NONE', *, *, #6693, .T. ) ;
#7316 = CYLINDRICAL_SURFACE ( 'NONE', #5990, 2.100000000000110667 ) ;
#7317 = EDGE_CURVE ( 'NONE', #4253, #2491, #6089, .T. ) ;
#7318 = CARTESIAN_POINT ( 'NONE',  ( 23.04842788558745070, -25.00000000000000000, -20.00000000000000000 ) ) ;
#7319 = ITEM_DEFINED_TRANSFORMATION ( 'NONE', 'NONE', #3582,  #5949 ) ;
#7320 = AXIS2_PLACEMENT_3D ( 'NONE', #8532, #6039, #2726 ) ;
#7321 = EDGE_CURVE ( 'NONE', #5809, #4660, #5484, .T. ) ;
#7322 = VERTEX_POINT ( 'NONE', #1839 ) ;
#7323 = SHAPE_REPRESENTATION ( 'Base_Gripper', ( #1072, #6789, #2328, #3582 ), #4137 ) ;
#7324 = EDGE_LOOP ( 'NONE', ( #7978, #3795, #698, #1156 ) ) ;
#7325 = CARTESIAN_POINT ( 'NONE',  ( 17.67766952966359995, -13.60000000000000142, 17.67766952966379534 ) ) ;
#7326 = EDGE_CURVE ( 'NONE', #3434, #5918, #6502, .T. ) ;
#7327 = ORIENTED_EDGE ( 'NONE', *, *, #6433, .T. ) ;
#7328 = EDGE_CURVE ( 'NONE', #5611, #2429, #6748, .T. ) ;
#7329 = DIRECTION ( 'NONE',  ( 0.000000000000000000, 0.000000000000000000, 1.000000000000000000 ) ) ;
#7330 =( NAMED_UNIT ( * ) PLANE_ANGLE_UNIT ( ) SI_UNIT ( $, .RADIAN. ) );
#7331 = ADVANCED_FACE ( 'NONE', ( #8061 ), #1924, .F. ) ;
#7332 = CARTESIAN_POINT ( 'NONE',  ( -67.00000000000000000, 14.55000000000000071, 18.26686273152999718 ) ) ;
#7333 = DIRECTION ( 'NONE',  ( 0.000000000000000000, 0.000000000000000000, 1.000000000000000000 ) ) ;
#7334 = ORIENTED_EDGE ( 'NONE', *, *, #1049, .T. ) ;
#7335 = EDGE_LOOP ( 'NONE', ( #3448, #5356 ) ) ;
#7336 = EDGE_CURVE ( 'NONE', #5207, #2655, #3403, .T. ) ;
#7337 = DIRECTION ( 'NONE',  ( 0.000000000000000000, 0.000000000000000000, -1.000000000000000000 ) ) ;
#7338 = FACE_OUTER_BOUND ( 'NONE', #5744, .T. ) ;
#7339 = CIRCLE ( 'NONE', #3577, 0.2000000000010535017 ) ;
#7340 = DIRECTION ( 'NONE',  ( 1.000000000000000000, 0.000000000000000000, 0.000000000000000000 ) ) ;
#7341 = DIRECTION ( 'NONE',  ( 0.000000000000000000, 0.000000000000000000, -1.000000000000000000 ) ) ;
#7342 = FACE_OUTER_BOUND ( 'NONE', #6099, .T. ) ;
#7343 = ORIENTED_EDGE ( 'NONE', *, *, #2071, .F. ) ;
#7344 = AXIS2_PLACEMENT_3D ( 'NONE', #4748, #6141, #2824 ) ;
#7345 = VERTEX_POINT ( 'NONE', #3148 ) ;
#7346 = LINE ( 'NONE', #6823, #6120 ) ;
#7347 = ADVANCED_FACE ( 'NONE', ( #103 ), #3844, .F. ) ;
#7348 = DIRECTION ( 'NONE',  ( 0.000000000000000000, 1.000000000000000000, 0.000000000000000000 ) ) ;
#7349 = CARTESIAN_POINT ( 'NONE',  ( -77.00000000000000000, -33.00000000000000000, -9.750000000000001776 ) ) ;
#7350 = CARTESIAN_POINT ( 'NONE',  ( -67.00000000000000000, -11.44999999999999929, -19.50000000000000000 ) ) ;
#7351 = CYLINDRICAL_SURFACE ( 'NONE', #2030, 5.250000000000000888 ) ;
#7352 = CONICAL_SURFACE ( 'NONE', #6512, 2.500000000000002220, 0.7853981633974659315 ) ;
#7353 = ORIENTED_EDGE ( 'NONE', *, *, #557, .F. ) ;
#7354 = ORIENTED_EDGE ( 'NONE', *, *, #7643, .F. ) ;
#7355 = CARTESIAN_POINT ( 'NONE',  ( -36.99000000000000199, 23.00000000000000000, -20.00000000000000000 ) ) ;
#7356 = CIRCLE ( 'NONE', #3187, 2.458500000000000796 ) ;
#7357 = CARTESIAN_POINT ( 'NONE',  ( 0.000000000000000000, 0.000000000000000000, 0.000000000000000000 ) ) ;
#7358 = VECTOR ( 'NONE', #4301, 1000.000000000000000 ) ;
#7359 = ORIENTED_EDGE ( 'NONE', *, *, #8039, .F. ) ;
#7360 = DIRECTION ( 'NONE',  ( 1.000000000000000000, 0.000000000000000000, 0.000000000000000000 ) ) ;
#7361 = VECTOR ( 'NONE', #2281, 1000.000000000000000 ) ;
#7362 = AXIS2_PLACEMENT_3D ( 'NONE', #1167, #7101, #8451 ) ;
#7363 = VECTOR ( 'NONE', #2921, 1000.000000000000000 ) ;
#7364 = ORIENTED_EDGE ( 'NONE', *, *, #818, .F. ) ;
#7365 = AXIS2_PLACEMENT_3D ( 'NONE', #5062, #8300, #2373 ) ;
#7366 = ORIENTED_EDGE ( 'NONE', *, *, #2555, .F. ) ;
#7367 = DIRECTION ( 'NONE',  ( 0.000000000000000000, 1.000000000000000000, 0.000000000000000000 ) ) ;
#7368 = CIRCLE ( 'NONE', #1385, 5.250000000000000888 ) ;
#7369 = VERTEX_POINT ( 'NONE', #2733 ) ;
#7370 = ADVANCED_FACE ( 'NONE', ( #767 ), #8515, .F. ) ;
#7371 = EDGE_CURVE ( 'NONE', #7175, #5687, #5624, .T. ) ;
#7372 = DIRECTION ( 'NONE',  ( 0.000000000000000000, 0.000000000000000000, -1.000000000000000000 ) ) ;
#7373 = PERSON_AND_ORGANIZATION_ROLE ( 'design_owner' ) ;
#7374 = CARTESIAN_POINT ( 'NONE',  ( -46.00000000000000000, 19.80000000000000071, -2.299999999999999822 ) ) ;
#7375 = DIRECTION ( 'NONE',  ( 0.000000000000000000, -1.000000000000000000, 0.000000000000000000 ) ) ;
#7376 = AXIS2_PLACEMENT_3D ( 'NONE', #8442, #2421, #2949 ) ;
#7377 = VECTOR ( 'NONE', #2460, 1000.000000000000000 ) ;
#7378 = VERTEX_POINT ( 'NONE', #4744 ) ;
#7379 = EDGE_CURVE ( 'NONE', #3524, #426, #1142, .T. ) ;
#7380 = ORIENTED_EDGE ( 'NONE', *, *, #3337, .T. ) ;
#7381 = EDGE_CURVE ( 'NONE', #652, #8371, #4499, .T. ) ;
#7382 = EDGE_CURVE ( 'NONE', #2392, #4636, #5892, .T. ) ;
#7383 = DIRECTION ( 'NONE',  ( 0.000000000000000000, 0.000000000000000000, -1.000000000000000000 ) ) ;
#7384 = LINE ( 'NONE', #1408, #8624 ) ;
#7385 = CYLINDRICAL_SURFACE ( 'NONE', #1624, 2.999999999999999112 ) ;
#7386 = DIRECTION ( 'NONE',  ( 1.000000000000000000, 0.000000000000000000, 0.000000000000000000 ) ) ;
#7387 = CIRCLE ( 'NONE', #5570, 5.250000000000004441 ) ;
#7388 = CIRCLE ( 'NONE', #1100, 2.500000000000002220 ) ;
#7389 = CARTESIAN_POINT ( 'NONE',  ( -37.23954713860204890, 24.19999999999999929, 2.299999999999999822 ) ) ;
#7390 = ORIENTED_EDGE ( 'NONE', *, *, #4962, .T. ) ;
#7391 = ORIENTED_EDGE ( 'NONE', *, *, #1028, .F. ) ;
#7392 = CARTESIAN_POINT ( 'NONE',  ( -28.04842788558745070, -20.00000000000000000, 20.00000000000000000 ) ) ;
#7393 = LINE ( 'NONE', #1420, #5133 ) ;
#7394 = DIRECTION ( 'NONE',  ( 1.000000000000000000, 0.000000000000000000, 0.000000000000000000 ) ) ;
#7395 = LINE ( 'NONE', #3344, #3978 ) ;
#7396 = LINE ( 'NONE', #1381, #5295 ) ;
#7397 = EDGE_CURVE ( 'NONE', #1126, #8385, #4380, .T. ) ;
#7398 = CC_DESIGN_PERSON_AND_ORGANIZATION_ASSIGNMENT ( #8636, #5885, ( #1925 ) ) ;
#7399 = ORIENTED_EDGE ( 'NONE', *, *, #4912, .F. ) ;
#7400 = ORIENTED_EDGE ( 'NONE', *, *, #1616, .T. ) ;
#7401 = LINE ( 'NONE', #100, #1660 ) ;
#7402 = FACE_OUTER_BOUND ( 'NONE', #3954, .T. ) ;
#7403 = CARTESIAN_POINT ( 'NONE',  ( -59.20000000000000284, -20.00000000000000000, 20.00000000000000000 ) ) ;
#7404 = VERTEX_POINT ( 'NONE', #1879 ) ;
#7405 = DIRECTION ( 'NONE',  ( -0.000000000000000000, 1.000000000000000000, 0.000000000000000000 ) ) ;
#7406 = CALENDAR_DATE ( 2026, 24, 3 ) ;
#7407 = ORIENTED_EDGE ( 'NONE', *, *, #7003, .F. ) ;
#7408 = EDGE_CURVE ( 'NONE', #3204, #281, #7766, .T. ) ;
#7409 = CARTESIAN_POINT ( 'NONE',  ( 95.00000000000000000, -15.00000000000000000, 20.00000000000000000 ) ) ;
#7410 = ORIENTED_EDGE ( 'NONE', *, *, #5565, .F. ) ;
#7411 = DIRECTION ( 'NONE',  ( 0.000000000000000000, -1.000000000000000000, 0.000000000000000000 ) ) ;
#7412 = VERTEX_POINT ( 'NONE', #1226 ) ;
#7413 = DIRECTION ( 'NONE',  ( 1.000000000000000000, 0.000000000000000000, 0.000000000000000000 ) ) ;
#7414 = SECURITY_CLASSIFICATION_LEVEL ( 'unclassified' ) ;
#7415 = CIRCLE ( 'NONE', #726, 5.000000000000004441 ) ;
#7416 = CARTESIAN_POINT ( 'NONE',  ( -43.00999999999999801, 23.00000000000000000, -20.00000000000000000 ) ) ;
#7417 = VERTEX_POINT ( 'NONE', #1791 ) ;
#7418 = ORIENTED_EDGE ( 'NONE', *, *, #8012, .F. ) ;
#7419 = ORIENTED_EDGE ( 'NONE', *, *, #4708, .T. ) ;
#7420 = DIRECTION ( 'NONE',  ( 0.000000000000000000, 1.000000000000000000, 0.000000000000000000 ) ) ;
#7422 = DIRECTION ( 'NONE',  ( 0.000000000000000000, 0.000000000000000000, -1.000000000000000000 ) ) ;
#7421 = AXIS2_PLACEMENT_3D ( 'NONE', #1926, #5401, #4010 ) ;
#7423 = CARTESIAN_POINT ( 'NONE',  ( -43.00999999999999801, -23.00000000000000000, -20.00000000000000000 ) ) ;
#7424 = CARTESIAN_POINT ( 'NONE',  ( -67.00000000000000000, -11.25000000000069988, 18.34248115566069970 ) ) ;
#7425 = EDGE_CURVE ( 'NONE', #1280, #3078, #2017, .T. ) ;
#7426 = DIRECTION ( 'NONE',  ( 0.000000000000000000, 0.000000000000000000, 1.000000000000000000 ) ) ;
#7427 = ADVANCED_FACE ( 'NONE', ( #7904 ), #4590, .F. ) ;
#7428 = AXIS2_PLACEMENT_3D ( 'NONE', #6147, #1568, #7582 ) ;
#7429 = ORIENTED_EDGE ( 'NONE', *, *, #2588, .F. ) ;
#7430 = ORIENTED_EDGE ( 'NONE', *, *, #7811, .T. ) ;
#7431 = CARTESIAN_POINT ( 'NONE',  ( 23.51688895040420135, -27.11309130870347772, 20.00000000000000000 ) ) ;
#7432 = DIRECTION ( 'NONE',  ( 0.000000000000000000, -1.000000000000000000, 0.000000000000000000 ) ) ;
#7433 = CARTESIAN_POINT ( 'NONE',  ( -67.00000000000000000, -11.40217391304303973, -18.21270018560294801 ) ) ;
#7434 = DIRECTION ( 'NONE',  ( 0.000000000000000000, -1.000000000000000000, 0.000000000000000000 ) ) ;
#7435 = DIRECTION ( 'NONE',  ( 0.000000000000000000, 1.000000000000000000, 0.000000000000000000 ) ) ;
#7436 = ADVANCED_FACE ( 'NONE', ( #3393 ), #2123, .F. ) ;
#7437 = ORIENTED_EDGE ( 'NONE', *, *, #440, .T. ) ;
#7438 = VERTEX_POINT ( 'NONE', #4780 ) ;
#7439 = DIRECTION ( 'NONE',  ( 0.000000000000000000, 0.000000000000000000, -1.000000000000000000 ) ) ;
#7440 = CARTESIAN_POINT ( 'NONE',  ( -67.00000000000000000, 11.44999999999999929, 18.34248115565999981 ) ) ;
#7441 = CIRCLE ( 'NONE', #1029, 3.100000000000000533 ) ;
#7442 = CARTESIAN_POINT ( 'NONE',  ( -56.50000000000000000, -20.00000000000000000, -20.00000000000000000 ) ) ;
#7443 = EDGE_CURVE ( 'NONE', #4627, #2502, #55, .T. ) ;
#7444 = VERTEX_POINT ( 'NONE', #2953 ) ;
#7445 = PLANE ( 'NONE',  #7945 ) ;
#7446 = DATE_TIME_ROLE ( 'classification_date' ) ;
#7447 = VERTEX_POINT ( 'NONE', #3609 ) ;
#7448 = LINE ( 'NONE', #7409, #3721 ) ;
#7449 = VERTEX_POINT ( 'NONE', #6790 ) ;
#7450 = CARTESIAN_POINT ( 'NONE',  ( 25.75000000000000000, -49.79999999999999716, -13.00000000000000178 ) ) ;
#7452 = ORIENTED_EDGE ( 'NONE', *, *, #534, .F. ) ;
#7451 = EDGE_CURVE ( 'NONE', #7215, #6010, #809, .T. ) ;
#7453 = AXIS2_PLACEMENT_3D ( 'NONE', #1940, #5065, #7915 ) ;
#7454 = AXIS2_PLACEMENT_3D ( 'NONE', #3903, #3248, #2548 ) ;
#7455 = CARTESIAN_POINT ( 'NONE',  ( -2.500000000000000000, 0.000000000000000000, 0.000000000000000000 ) ) ;
#7456 = LINE ( 'NONE', #7416, #543 ) ;
#7457 = VERTEX_POINT ( 'NONE', #287 ) ;
#7458 = AXIS2_PLACEMENT_3D ( 'NONE', #3456, #5371, #708 ) ;
#7459 = ORIENTED_EDGE ( 'NONE', *, *, #7183, .T. ) ;
#7460 = ORIENTED_EDGE ( 'NONE', *, *, #327, .F. ) ;
#7461 = DIRECTION ( 'NONE',  ( 0.000000000000000000, -1.000000000000000000, 0.000000000000000000 ) ) ;
#7462 = DIRECTION ( 'NONE',  ( 0.000000000000000000, 1.000000000000000000, 0.000000000000000000 ) ) ;
#7463 = CARTESIAN_POINT ( 'NONE',  ( 29.57888850641910139, -40.11309130870348127, -20.00000000000000000 ) ) ;
#7464 = FACE_OUTER_BOUND ( 'NONE', #7720, .T. ) ;
#7465 = VERTEX_POINT ( 'NONE', #6267 ) ;
#7466 = ORIENTED_EDGE ( 'NONE', *, *, #4919, .T. ) ;
#7467 = CARTESIAN_POINT ( 'NONE',  ( -67.00000000000000000, -30.00000000000000000, -19.75000000000000000 ) ) ;
#7468 = CARTESIAN_POINT ( 'NONE',  ( -40.00000000000000000, -23.00000000000000000, 20.00000000000000000 ) ) ;
#7469 = CARTESIAN_POINT ( 'NONE',  ( -9.500000000000000000, -25.00000000000000000, -12.00000000000000000 ) ) ;
#7470 = CARTESIAN_POINT ( 'NONE',  ( 0.000000000000000000, -11.25000000000069988, -18.34248115566069970 ) ) ;
#7471 = CARTESIAN_POINT ( 'NONE',  ( -42.45850000000000080, -23.00000000000000000, 19.45850000000000080 ) ) ;
#7472 = EDGE_CURVE ( 'NONE', #4660, #5809, #2578, .T. ) ;
#7473 = LINE ( 'NONE', #1915, #8637 ) ;
#7474 = AXIS2_PLACEMENT_3D ( 'NONE', #6371, #1046, #2363 ) ;
#7475 = ORIENTED_EDGE ( 'NONE', *, *, #1916, .T. ) ;
#7476 = ORIENTED_EDGE ( 'NONE', *, *, #2101, .T. ) ;
#7477 = EDGE_CURVE ( 'NONE', #6343, #6283, #938, .T. ) ;
#7478 = CARTESIAN_POINT ( 'NONE',  ( -67.00000000000000000, -11.44999999999999929, -18.34248115565999981 ) ) ;
#7479 = DIRECTION ( 'NONE',  ( 1.000000000000000000, 0.000000000000000000, 0.000000000000000000 ) ) ;
#7480 = VECTOR ( 'NONE', #4090, 1000.000000000000000 ) ;
#7481 = ADVANCED_FACE ( 'NONE', ( #852 ), #5489, .F. ) ;
#7482 = FACE_BOUND ( 'NONE', #2380, .T. ) ;
#7483 = ORIENTED_EDGE ( 'NONE', *, *, #6527, .T. ) ;
#7484 = DIRECTION ( 'NONE',  ( 0.000000000000000000, 1.000000000000000000, 0.000000000000000000 ) ) ;
#7485 = APPROVAL_PERSON_ORGANIZATION ( #3834, #5743, #6496 ) ;
#7486 = ORIENTED_EDGE ( 'NONE', *, *, #3963, .T. ) ;
#7487 = EDGE_CURVE ( 'NONE', #7543, #7680, #2441, .T. ) ;
#7488 = DIRECTION ( 'NONE',  ( 0.000000000000000000, 0.000000000000000000, 1.000000000000000000 ) ) ;
#7489 = AXIS2_PLACEMENT_3D ( 'NONE', #808, #2819, #5514 ) ;
#7490 = ORIENTED_EDGE ( 'NONE', *, *, #8507, .F. ) ;
#7491 = CARTESIAN_POINT ( 'NONE',  ( -28.91353514847780204, -38.68623642801406248, 8.133085033509441786 ) ) ;
#7492 = AXIS2_PLACEMENT_3D ( 'NONE', #2374, #8221, #179 ) ;
#7493 = ORIENTED_EDGE ( 'NONE', *, *, #421, .T. ) ;
#7495 = CARTESIAN_POINT ( 'NONE',  ( -59.20000000000000284, -20.00000000000000000, -20.00000000000000000 ) ) ;
#7494 = CIRCLE ( 'NONE', #1790, 2.399999999999999467 ) ;
#7496 = SHAPE_DEFINITION_REPRESENTATION ( #1820, #7323 ) ;
#7497 = DIRECTION ( 'NONE',  ( 1.000000000000000000, 0.000000000000000000, 0.000000000000000000 ) ) ;
#7498 = CONICAL_SURFACE ( 'NONE', #1383, 3.000000000000002665, 0.7853981633974476129 ) ;
#7499 = AXIS2_PLACEMENT_3D ( 'NONE', #2272, #8254, #7593 ) ;
#7500 = ORIENTED_EDGE ( 'NONE', *, *, #3190, .F. ) ;
#7501 = ADVANCED_FACE ( 'NONE', ( #7482, #3523, #6177 ), #2910, .T. ) ;
#7502 = ADVANCED_FACE ( 'NONE', ( #4951 ), #8142, .T. ) ;
#7503 = ORIENTED_EDGE ( 'NONE', *, *, #4093, .F. ) ;
#7504 = VECTOR ( 'NONE', #8407, 1000.000000000000000 ) ;
#7505 = ORIENTED_EDGE ( 'NONE', *, *, #6433, .F. ) ;
#7506 = CIRCLE ( 'NONE', #955, 16.50000000000000000 ) ;
#7507 = PLANE ( 'NONE',  #48 ) ;
#7508 = CARTESIAN_POINT ( 'NONE',  ( -31.72134335364470203, -42.39911390494358301, 7.795547283460115828 ) ) ;
#7509 = APPLICATION_CONTEXT ( 'configuration controlled 3d designs of mechanical parts and assemblies' ) ;
#7510 = DIRECTION ( 'NONE',  ( 0.000000000000000000, 1.000000000000000000, 0.000000000000000000 ) ) ;
#7511 = DIRECTION ( 'NONE',  ( 0.000000000000000000, -1.000000000000000000, 0.000000000000000000 ) ) ;
#7512 = LINE ( 'NONE', #265, #3906 ) ;
#7513 = AXIS2_PLACEMENT_3D ( 'NONE', #1290, #1201, #6608 ) ;
#7514 = CIRCLE ( 'NONE', #118, 5.000000000000004441 ) ;
#7515 = CONICAL_SURFACE ( 'NONE', #8638, 2.500000000000002220, 0.7853981633974659315 ) ;
#7516 = ORIENTED_EDGE ( 'NONE', *, *, #7317, .T. ) ;
#7517 = ADVANCED_FACE ( 'NONE', ( #191 ), #6874, .F. ) ;
#7518 = ORIENTED_EDGE ( 'NONE', *, *, #564, .T. ) ;
#7519 = CARTESIAN_POINT ( 'NONE',  ( -67.00000000000000000, -53.00000000000000000, 19.75000000000000000 ) ) ;
#7520 = DIRECTION ( 'NONE',  ( 0.000000000000000000, -1.000000000000000000, 0.000000000000000000 ) ) ;
#7521 = AXIS2_PLACEMENT_3D ( 'NONE', #2318, #7024, #1707 ) ;
#7522 = LINE ( 'NONE', #1673, #8056 ) ;
#7523 = DIRECTION ( 'NONE',  ( -2.368475785867000094E-14, 0.000000000000000000, -1.000000000000000000 ) ) ;
#7524 = DIRECTION ( 'NONE',  ( 1.000000000000000000, 0.000000000000000000, 0.000000000000000000 ) ) ;
#7525 = VECTOR ( 'NONE', #5172, 1000.000000000000000 ) ;
#7526 = DIRECTION ( 'NONE',  ( 0.000000000000000000, 1.000000000000000000, 0.000000000000000000 ) ) ;
#7527 = VERTEX_POINT ( 'NONE', #4216 ) ;
#7528 = VERTEX_POINT ( 'NONE', #6965 ) ;
#7529 = CARTESIAN_POINT ( 'NONE',  ( -37.23954713860204890, -24.19999999999999929, -2.299999999999999822 ) ) ;
#7530 = DIRECTION ( 'NONE',  ( 0.9999999999999898970, -1.418616808662140949E-07, 0.000000000000000000 ) ) ;
#7531 = DIRECTION ( 'NONE',  ( 1.000000000000000000, 0.000000000000000000, 0.000000000000000000 ) ) ;
#7532 = CARTESIAN_POINT ( 'NONE',  ( -67.00000000000000000, -30.00000000000000000, -7.250000000000000000 ) ) ;
#7533 = VERTEX_POINT ( 'NONE', #3648 ) ;
#7534 = CARTESIAN_POINT ( 'NONE',  ( -48.00000042616159845, 30.00000000000000000, -10.00000000000000000 ) ) ;
#7535 = ORIENTED_EDGE ( 'NONE', *, *, #4226, .T. ) ;
#7536 = EDGE_CURVE ( 'NONE', #2956, #5500, #6305, .T. ) ;
#7537 = EDGE_LOOP ( 'NONE', ( #6616, #1404 ) ) ;
#7538 = PERSON ( 'NAUO-PER2', 'UNSPECIFIED', 'UNSPECIFIED', ('UNSPECIFIED'), ('UNSPECIFIED'), ('UNSPECIFIED') ) ;
#7539 = CIRCLE ( 'NONE', #6423, 3.009999999999999343 ) ;
#7540 = EDGE_CURVE ( 'NONE', #5365, #7549, #3127, .T. ) ;
#7541 = ADVANCED_FACE ( 'NONE', ( #5435, #6137 ), #236, .T. ) ;
#7542 = FACE_OUTER_BOUND ( 'NONE', #5762, .T. ) ;
#7543 = VERTEX_POINT ( 'NONE', #5566 ) ;
#7544 = DIRECTION ( 'NONE',  ( 0.000000000000000000, 0.000000000000000000, -1.000000000000000000 ) ) ;
#7545 = ORIENTED_EDGE ( 'NONE', *, *, #32, .T. ) ;
#7546 = DIRECTION ( 'NONE',  ( 0.000000000000000000, 1.000000000000000000, 0.000000000000000000 ) ) ;
#7547 = DATE_TIME_ROLE ( 'creation_date' ) ;
#7548 = PLANE ( 'NONE',  #6944 ) ;
#7549 = VERTEX_POINT ( 'NONE', #1514 ) ;
#7550 = EDGE_CURVE ( 'NONE', #4785, #5155, #8102, .T. ) ;
#7551 = ORIENTED_EDGE ( 'NONE', *, *, #309, .T. ) ;
#7552 = ORIENTED_EDGE ( 'NONE', *, *, #6731, .T. ) ;
#7553 = LINE ( 'NONE', #5759, #474 ) ;
#7554 = DIRECTION ( 'NONE',  ( 1.000000000000000000, 0.000000000000000000, 0.000000000000000000 ) ) ;
#7555 = DIRECTION ( 'NONE',  ( -1.000000000000000000, 2.081668171172166541E-15, 0.000000000000000000 ) ) ;
#7556 = EDGE_CURVE ( 'NONE', #5037, #5297, #1022, .T. ) ;
#7557 = DIRECTION ( 'NONE',  ( -1.420063285502155360E-07, 0.000000000000000000, 0.9999999999999898970 ) ) ;
#7558 = PRODUCT_DEFINITION ( 'UNKNOWN', '', #2622, #2199 ) ;
#7559 = CARTESIAN_POINT ( 'NONE',  ( -37.23954713860204890, -24.19999999999999929, 1.699999999999999956 ) ) ;
#7560 = VERTEX_POINT ( 'NONE', #364 ) ;
#7561 = EDGE_LOOP ( 'NONE', ( #4755, #1702, #7366, #6461 ) ) ;
#7562 = CYLINDRICAL_SURFACE ( 'NONE', #4983, 2.066999999999999282 ) ;
#7563 = DIRECTION ( 'NONE',  ( 1.000000000000000000, 0.000000000000000000, 0.000000000000000000 ) ) ;
#7564 = CARTESIAN_POINT ( 'NONE',  ( -37.23954713860204890, -24.19999999999999929, -1.699999999999999956 ) ) ;
#7565 = DIRECTION ( 'NONE',  ( 0.000000000000000000, 0.000000000000000000, 1.000000000000000000 ) ) ;
#7566 = EDGE_CURVE ( 'NONE', #3028, #6684, #6482, .T. ) ;
#7567 = CARTESIAN_POINT ( 'NONE',  ( -79.00000000000000000, -53.00000000000000000, 19.75000000000000000 ) ) ;
#7568 = CONICAL_SURFACE ( 'NONE', #2968, 2.458500000000000796, 1.047197551196377141 ) ;
#7569 = CARTESIAN_POINT ( 'NONE',  ( -42.45850000000000080, 22.99999965184445117, 10.00000000000000000 ) ) ;
#7570 = ORIENTED_EDGE ( 'NONE', *, *, #6085, .T. ) ;
#7571 = ORIENTED_EDGE ( 'NONE', *, *, #651, .T. ) ;
#7572 = CARTESIAN_POINT ( 'NONE',  ( 28.04842788558745070, -25.00000000000000000, -20.00000000000000000 ) ) ;
#7573 = DIRECTION ( 'NONE',  ( 0.000000000000000000, -1.000000000000000000, 0.000000000000000000 ) ) ;
#7574 = CARTESIAN_POINT ( 'NONE',  ( -67.00000000000000000, -12.99999999999934097, 16.85000000000000142 ) ) ;
#7575 = DIRECTION ( 'NONE',  ( 0.9126217432562998555, 0.000000000000000000, -0.4088050314463270163 ) ) ;
#7576 = CARTESIAN_POINT ( 'NONE',  ( -8.574206292435510447E-16, -20.00000000000000000, 20.00000000000000000 ) ) ;
#7577 = ORIENTED_EDGE ( 'NONE', *, *, #3821, .T. ) ;
#7578 = DIRECTION ( 'NONE',  ( 0.000000000000000000, 0.000000000000000000, 1.000000000000000000 ) ) ;
#7579 = ORIENTED_EDGE ( 'NONE', *, *, #3428, .T. ) ;
#7580 = DIRECTION ( 'NONE',  ( 0.000000000000000000, 1.000000000000000000, 0.000000000000000000 ) ) ;
#7581 = ORIENTED_EDGE ( 'NONE', *, *, #6602, .F. ) ;
#7582 = DIRECTION ( 'NONE',  ( 0.000000000000000000, 0.000000000000000000, -1.000000000000000000 ) ) ;
#7583 = ADVANCED_FACE ( 'NONE', ( #1161 ), #503, .T. ) ;
#7584 = CALENDAR_DATE ( 2026, 24, 3 ) ;
#7585 = AXIS2_PLACEMENT_3D ( 'NONE', #2255, #4910, #4821 ) ;
#7586 = DIRECTION ( 'NONE',  ( 1.000000000000000000, 0.000000000000000000, 0.000000000000000000 ) ) ;
#7587 = ORIENTED_EDGE ( 'NONE', *, *, #7899, .F. ) ;
#7588 = EDGE_LOOP ( 'NONE', ( #5527, #4561 ) ) ;
#7589 = EDGE_CURVE ( 'NONE', #4925, #4840, #8009, .T. ) ;
#7590 = AXIS2_PLACEMENT_3D ( 'NONE', #8174, #5549, #4939 ) ;
#7591 = AXIS2_PLACEMENT_3D ( 'NONE', #18, #8094, #3381 ) ;
#7592 = DIRECTION ( 'NONE',  ( 0.000000000000000000, 1.000000000000000000, 0.000000000000000000 ) ) ;
#7593 = DIRECTION ( 'NONE',  ( 1.000000000000000000, 0.000000000000000000, 0.000000000000000000 ) ) ;
#7594 = EDGE_CURVE ( 'NONE', #1053, #3212, #5218, .T. ) ;
#7595 = CARTESIAN_POINT ( 'NONE',  ( 0.000000000000000000, -11.44999999999999929, 18.34248115565999981 ) ) ;
#7596 = CARTESIAN_POINT ( 'NONE',  ( -54.00000000000000000, 20.00000000000000000, -19.80000000000000071 ) ) ;
#7597 = FACE_OUTER_BOUND ( 'NONE', #4474, .T. ) ;
#7598 = AXIS2_PLACEMENT_3D ( 'NONE', #6129, #3469, #677 ) ;
#7599 = CIRCLE ( 'NONE', #4256, 5.250000000000000888 ) ;
#7600 = ORIENTED_EDGE ( 'NONE', *, *, #3755, .F. ) ;
#7601 = ADVANCED_FACE ( 'NONE', ( #324 ), #4342, .F. ) ;
#7602 = VERTEX_POINT ( 'NONE', #3819 ) ;
#7603 = CYLINDRICAL_SURFACE ( 'NONE', #3198, 2.458500000000047425 ) ;
#7604 = DIRECTION ( 'NONE',  ( 0.000000000000000000, 0.000000000000000000, 1.000000000000000000 ) ) ;
#7605 = DIRECTION ( 'NONE',  ( 1.000000000000000000, 0.000000000000000000, 0.000000000000000000 ) ) ;
#7606 = LINE ( 'NONE', #5024, #2305 ) ;
#7607 = CARTESIAN_POINT ( 'NONE',  ( -33.27195900664849404, -42.93396596443930235, 17.73924303917850054 ) ) ;
#7608 = DIRECTION ( 'NONE',  ( 0.000000000000000000, 1.000000000000000000, 0.000000000000000000 ) ) ;
#7609 = ORIENTED_EDGE ( 'NONE', *, *, #7706, .F. ) ;
#7610 = VERTEX_POINT ( 'NONE', #4480 ) ;
#7611 = EDGE_CURVE ( 'NONE', #7560, #3472, #7703, .T. ) ;
#7612 = LINE ( 'NONE', #5645, #1805 ) ;
#7613 = CYLINDRICAL_SURFACE ( 'NONE', #2901, 2.100000000000109779 ) ;
#7614 = FACE_OUTER_BOUND ( 'NONE', #8275, .T. ) ;
#7615 = CARTESIAN_POINT ( 'NONE',  ( -40.00000000000000000, -23.00000000000000000, -20.00000000000000000 ) ) ;
#7616 = CARTESIAN_POINT ( 'NONE',  ( -22.38609614442015072, -53.00000000000000000, -20.00000000000000000 ) ) ;
#7617 = CIRCLE ( 'NONE', #2740, 0.2999999999998836930 ) ;
#7618 = ORIENTED_EDGE ( 'NONE', *, *, #5343, .T. ) ;
#7619 = APPROVAL_PERSON_ORGANIZATION ( #8075, #7886, #863 ) ;
#7620 = EDGE_CURVE ( 'NONE', #6343, #4310, #5825, .T. ) ;
#7621 = FACE_OUTER_BOUND ( 'NONE', #3316, .T. ) ;
#7622 = DIRECTION ( 'NONE',  ( 1.000000000000000000, 0.000000000000000000, 0.000000000000000000 ) ) ;
#7623 = LINE ( 'NONE', #2788, #8188 ) ;
#7624 = VECTOR ( 'NONE', #1033, 1000.000000000000000 ) ;
#7625 = ORIENTED_EDGE ( 'NONE', *, *, #7992, .T. ) ;
#7626 = CYLINDRICAL_SURFACE ( 'NONE', #6732, 3.249999999999999556 ) ;
#7627 = PERSON_AND_ORGANIZATION ( #2440, #369 ) ;
#7628 = APPROVAL_PERSON_ORGANIZATION ( #2042, #5468, #3483 ) ;
#7629 = DIRECTION ( 'NONE',  ( 0.000000000000000000, -1.000000000000000000, 0.000000000000000000 ) ) ;
#7630 = VERTEX_POINT ( 'NONE', #7001 ) ;
#7631 = CONICAL_SURFACE ( 'NONE', #8191, 2.500000000000000444, 0.7853981633974476129 ) ;
#7632 = CIRCLE ( 'NONE', #5541, 5.250000000000000888 ) ;
#7633 = ORIENTED_EDGE ( 'NONE', *, *, #5317, .F. ) ;
#7634 = EDGE_CURVE ( 'NONE', #8528, #3626, #3970, .T. ) ;
#7635 = AXIS2_PLACEMENT_3D ( 'NONE', #4539, #573, #5186 ) ;
#7636 = ORIENTED_EDGE ( 'NONE', *, *, #6085, .F. ) ;
#7637 = DIRECTION ( 'NONE',  ( 0.000000000000000000, 0.7608695652141351795, -0.6489048502907439619 ) ) ;
#7638 = LINE ( 'NONE', #4968, #220 ) ;
#7639 = CIRCLE ( 'NONE', #6106, 1.592474596216000071 ) ;
#7640 = DIRECTION ( 'NONE',  ( 0.000000000000000000, 0.000000000000000000, -1.000000000000000000 ) ) ;
#7641 = AXIS2_PLACEMENT_3D ( 'NONE', #2060, #5941, #4720 ) ;
#7642 = CARTESIAN_POINT ( 'NONE',  ( -42.45850000000000080, -23.00000034815554883, -10.00000000000000000 ) ) ;
#7643 = EDGE_CURVE ( 'NONE', #3436, #6191, #4519, .T. ) ;
#7644 = CIRCLE ( 'NONE', #4715, 0.2000000000010535017 ) ;
#7645 = CIRCLE ( 'NONE', #8341, 45.00000000000000000 ) ;
#7646 = VERTEX_POINT ( 'NONE', #7042 ) ;
#7647 = ADVANCED_FACE ( 'NONE', ( #7181 ), #1067, .T. ) ;
#7648 = AXIS2_PLACEMENT_3D ( 'NONE', #7827, #6465, #8564 ) ;
#7649 = VERTEX_POINT ( 'NONE', #2992 ) ;
#7650 = EDGE_CURVE ( 'NONE', #5166, #6283, #5648, .T. ) ;
#7651 = PLANE ( 'NONE',  #4020 ) ;
#7652 = DIRECTION ( 'NONE',  ( 0.000000000000000000, 0.000000000000000000, -1.000000000000000000 ) ) ;
#7653 = DIRECTION ( 'NONE',  ( 0.000000000000000000, -1.156482317317871133E-15, 1.000000000000000000 ) ) ;
#7655 = CIRCLE ( 'NONE', #4088, 3.009999999999998899 ) ;
#7654 = DIRECTION ( 'NONE',  ( 1.000000000000000000, 0.000000000000000000, 0.000000000000000000 ) ) ;
#7656 = CIRCLE ( 'NONE', #8215, 5.250000000000000888 ) ;
#7657 = AXIS2_PLACEMENT_3D ( 'NONE', #2853, #2198, #4579 ) ;
#7658 = CARTESIAN_POINT ( 'NONE',  ( 17.67766952966359995, -6.600000000000001421, 17.67766952966379534 ) ) ;
#7659 = FACE_OUTER_BOUND ( 'NONE', #3221, .T. ) ;
#7660 = ORIENTED_EDGE ( 'NONE', *, *, #411, .T. ) ;
#7661 = VERTEX_POINT ( 'NONE', #5740 ) ;
#7662 = CIRCLE ( 'NONE', #4175, 5.250000000000000888 ) ;
#7663 = DIRECTION ( 'NONE',  ( 0.000000000000000000, 1.000000000000000000, 0.000000000000000000 ) ) ;
#7664 = CARTESIAN_POINT ( 'NONE',  ( 2.118407575146590635E-14, -13.60000000000000142, -28.00000000000000000 ) ) ;
#7665 = AXIS2_PLACEMENT_3D ( 'NONE', #2426, #3687, #6918 ) ;
#7666 = LINE ( 'NONE', #4869, #7313 ) ;
#7667 = CARTESIAN_POINT ( 'NONE',  ( -2.500000000000000000, -4.163799117100999770E-15, -17.00000000000000000 ) ) ;
#7668 = DIRECTION ( 'NONE',  ( 0.000000000000000000, 1.000000000000000000, 0.000000000000000000 ) ) ;
#7669 = EDGE_CURVE ( 'NONE', #3824, #4822, #6472, .T. ) ;
#7670 = PRODUCT_RELATED_PRODUCT_CATEGORY ( 'detail', '', ( #8027 ) ) ;
#7671 = ORIENTED_EDGE ( 'NONE', *, *, #7540, .T. ) ;
#7672 = CARTESIAN_POINT ( 'NONE',  ( -34.11042744160234719, -38.00000000000000000, -20.00000000000000000 ) ) ;
#7673 = VERTEX_POINT ( 'NONE', #7667 ) ;
#7674 = DIRECTION ( 'NONE',  ( -1.000000000000000000, 0.000000000000000000, 0.000000000000000000 ) ) ;
#7675 = ORIENTED_EDGE ( 'NONE', *, *, #1338, .T. ) ;
#7676 = LINE ( 'NONE', #1173, #6400 ) ;
#7677 = PERSON_AND_ORGANIZATION ( #2440, #369 ) ;
#7678 = EDGE_CURVE ( 'NONE', #4973, #7229, #7172, .T. ) ;
#7679 = CARTESIAN_POINT ( 'NONE',  ( 12.96924291490704029, -55.20100000000000051, -20.00000000000000000 ) ) ;
#7680 = VERTEX_POINT ( 'NONE', #1766 ) ;
#7681 = ORIENTED_EDGE ( 'NONE', *, *, #1727, .T. ) ;
#7682 = CARTESIAN_POINT ( 'NONE',  ( -67.00000000000000000, 12.99999999999934097, -16.85000000000000142 ) ) ;
#7683 = EDGE_LOOP ( 'NONE', ( #7263, #6248, #2231, #6425, #2528, #1798, #3118, #124, #6850, #3947, #5932, #6802, #8105, #6596, #7475, #290 ) ) ;
#7684 = DIRECTION ( 'NONE',  ( 1.000000000000000000, 0.000000000000000000, 0.000000000000000000 ) ) ;
#7685 = CARTESIAN_POINT ( 'NONE',  ( -67.00000000000000000, 30.00000000000000000, 7.250000000000000000 ) ) ;
#7686 = DIRECTION ( 'NONE',  ( 0.000000000000000000, 0.000000000000000000, 1.000000000000000000 ) ) ;
#7687 = DIRECTION ( 'NONE',  ( 3.304235192336770088E-16, -1.000000000000000000, 0.000000000000000000 ) ) ;
#7688 = VERTEX_POINT ( 'NONE', #7094 ) ;
#7689 = ORIENTED_EDGE ( 'NONE', *, *, #5508, .F. ) ;
#7690 = CARTESIAN_POINT ( 'NONE',  ( -54.00000000000000000, -55.19999999999999574, 0.000000000000000000 ) ) ;
#7691 = DIRECTION ( 'NONE',  ( 1.000000000000000000, 0.000000000000000000, 0.000000000000000000 ) ) ;
#7692 = ADVANCED_FACE ( 'NONE', ( #6439 ), #1121, .F. ) ;
#7693 = DIRECTION ( 'NONE',  ( 0.000000000000000000, 0.000000000000000000, 1.000000000000000000 ) ) ;
#7694 = DIRECTION ( 'NONE',  ( 0.000000000000000000, 1.224646799147352221E-16, 1.000000000000000000 ) ) ;
#7695 = CARTESIAN_POINT ( 'NONE',  ( -95.00000000000000000, -53.00000000000000000, 20.00000000000000000 ) ) ;
#7696 = EDGE_CURVE ( 'NONE', #3996, #6677, #1880, .T. ) ;
#7697 = FACE_OUTER_BOUND ( 'NONE', #8326, .T. ) ;
#7698 = ORIENTED_EDGE ( 'NONE', *, *, #2446, .T. ) ;
#7699 = ORIENTED_EDGE ( 'NONE', *, *, #5704, .F. ) ;
#7700 = DIRECTION ( 'NONE',  ( 0.9999999999999901190, 1.416129997710645295E-07, 0.000000000000000000 ) ) ;
#7701 = LINE ( 'NONE', #1159, #5828 ) ;
#7702 = CARTESIAN_POINT ( 'NONE',  ( 0.000000000000000000, -30.00000000000000000, 20.00000000000000000 ) ) ;
#7703 = LINE ( 'NONE', #7745, #5352 ) ;
#7704 = CARTESIAN_POINT ( 'NONE',  ( -0.5414999999999999813, -23.00000000000000000, 10.54150000000000098 ) ) ;
#7705 = VECTOR ( 'NONE', #8213, 1000.000000000000000 ) ;
#7706 = EDGE_CURVE ( 'NONE', #3997, #7457, #8051, .T. ) ;
#7707 = VERTEX_POINT ( 'NONE', #3301 ) ;
#7708 = VERTEX_POINT ( 'NONE', #6572 ) ;
#7709 = VECTOR ( 'NONE', #1654, 1000.000000000000000 ) ;
#7710 = DIRECTION ( 'NONE',  ( -1.000000000000000000, 0.000000000000000000, 0.000000000000000000 ) ) ;
#7711 = ORIENTED_EDGE ( 'NONE', *, *, #6148, .T. ) ;
#7712 = PLANE ( 'NONE',  #3517 ) ;
#7713 = EDGE_CURVE ( 'NONE', #3789, #3937, #6656, .T. ) ;
#7714 = CARTESIAN_POINT ( 'NONE',  ( -78.64644660940700760, -53.00000000000000000, 8.900000000000000355 ) ) ;
#7715 = ORIENTED_EDGE ( 'NONE', *, *, #7899, .T. ) ;
#7716 = DIRECTION ( 'NONE',  ( 0.000000000000000000, -1.000000000000000000, 0.000000000000000000 ) ) ;
#7717 = SECURITY_CLASSIFICATION_LEVEL ( 'unclassified' ) ;
#7718 = FACE_OUTER_BOUND ( 'NONE', #1836, .T. ) ;
#7719 = ORIENTED_EDGE ( 'NONE', *, *, #2512, .F. ) ;
#7720 = EDGE_LOOP ( 'NONE', ( #6672, #8342, #4505, #3142 ) ) ;
#7721 = ADVANCED_FACE ( 'NONE', ( #5873 ), #4613, .F. ) ;
#7722 = DIRECTION ( 'NONE',  ( 0.000000000000000000, 1.000000000000000000, 0.000000000000000000 ) ) ;
#7723 = FACE_OUTER_BOUND ( 'NONE', #4887, .T. ) ;
#7724 = AXIS2_PLACEMENT_3D ( 'NONE', #2971, #2404, #8422 ) ;
#7725 = CARTESIAN_POINT ( 'NONE',  ( -31.00000000000000000, -30.00000000000000000, 14.50000000000000000 ) ) ;
#7726 = FACE_OUTER_BOUND ( 'NONE', #4945, .T. ) ;
#7727 = DIRECTION ( 'NONE',  ( 0.000000000000000000, 0.000000000000000000, 1.000000000000000000 ) ) ;
#7728 = ORIENTED_EDGE ( 'NONE', *, *, #1424, .F. ) ;
#7729 = AXIS2_PLACEMENT_3D ( 'NONE', #4172, #6834, #1471 ) ;
#7730 = AXIS2_PLACEMENT_3D ( 'NONE', #6571, #2601, #1119 ) ;
#7731 = ORIENTED_EDGE ( 'NONE', *, *, #7381, .F. ) ;
#7732 = DIRECTION ( 'NONE',  ( 0.000000000000000000, 1.000000000000000000, 0.000000000000000000 ) ) ;
#7733 = DIRECTION ( 'NONE',  ( 0.000000000000000000, -1.000000000000000000, 0.000000000000000000 ) ) ;
#7734 = CARTESIAN_POINT ( 'NONE',  ( -78.64644660940700760, -53.00000000000000000, -8.900000000000000355 ) ) ;
#7735 = DIRECTION ( 'NONE',  ( -1.000000000000000000, 0.000000000000000000, 0.000000000000000000 ) ) ;
#7736 = VECTOR ( 'NONE', #8619, 1000.000000000000000 ) ;
#7737 = CARTESIAN_POINT ( 'NONE',  ( -29.78684623777736107, -40.55905810277477030, 18.11247725217548421 ) ) ;
#7738 = DIRECTION ( 'NONE',  ( 0.000000000000000000, 0.000000000000000000, 1.000000000000000000 ) ) ;
#7739 = EDGE_LOOP ( 'NONE', ( #4934, #4987 ) ) ;
#7740 = ORIENTED_EDGE ( 'NONE', *, *, #1354, .T. ) ;
#7741 = AXIS2_PLACEMENT_3D ( 'NONE', #7129, #1152, #5202 ) ;
#7742 = DIRECTION ( 'NONE',  ( 0.000000000000000000, -1.000000000000000000, 0.000000000000000000 ) ) ;
#7743 = DIRECTION ( 'NONE',  ( 1.000000000000000000, 0.000000000000000000, 0.000000000000000000 ) ) ;
#7744 = DIRECTION ( 'NONE',  ( 0.000000000000000000, 1.000000000000000000, 0.000000000000000000 ) ) ;
#7745 = CARTESIAN_POINT ( 'NONE',  ( -67.00000000000000000, -11.44999999999999929, 19.69999999999999929 ) ) ;
#7746 = CARTESIAN_POINT ( 'NONE',  ( -95.00000000000000000, -53.00000000000000000, -20.00000000000000000 ) ) ;
#7747 = VERTEX_POINT ( 'NONE', #5914 ) ;
#7748 = ADVANCED_FACE ( 'NONE', ( #7969 ), #1037, .F. ) ;
#7749 = EDGE_LOOP ( 'NONE', ( #2571, #7309, #8511, #5788 ) ) ;
#7750 = EDGE_CURVE ( 'NONE', #2133, #3087, #2602, .T. ) ;
#7751 = DIRECTION ( 'NONE',  ( 0.000000000000000000, -1.000000000000000000, -5.256212132182038372E-12 ) ) ;
#7752 = VERTEX_POINT ( 'NONE', #4037 ) ;
#7753 = CARTESIAN_POINT ( 'NONE',  ( 77.00000000000000000, -49.79999999999999716, 13.00000000000000178 ) ) ;
#7754 = DIRECTION ( 'NONE',  ( -1.000000000000000000, 0.000000000000000000, 0.000000000000000000 ) ) ;
#7755 = AXIS2_PLACEMENT_3D ( 'NONE', #3062, #305, #5057 ) ;
#7756 = ORIENTED_EDGE ( 'NONE', *, *, #8070, .F. ) ;
#7757 = DIRECTION ( 'NONE',  ( 0.000000000000000000, 0.000000000000000000, -1.000000000000000000 ) ) ;
#7758 = CARTESIAN_POINT ( 'NONE',  ( 34.11042744160234719, -43.00000000000000000, 20.00000000000000000 ) ) ;
#7759 = APPROVAL_ROLE ( '' ) ;
#7760 = DIRECTION ( 'NONE',  ( 0.000000000000000000, 0.000000000000000000, -1.000000000000000000 ) ) ;
#7761 = AXIS2_PLACEMENT_3D ( 'NONE', #6797, #2960, #5613 ) ;
#7762 = VERTEX_POINT ( 'NONE', #53 ) ;
#7763 = ORIENTED_EDGE ( 'NONE', *, *, #3278, .F. ) ;
#7764 = ORIENTED_EDGE ( 'NONE', *, *, #4068, .F. ) ;
#7765 = DIRECTION ( 'NONE',  ( 0.000000000000000000, -1.000000000000000000, 0.000000000000000000 ) ) ;
#7766 = LINE ( 'NONE', #4543, #2851 ) ;
#7767 = LOCAL_TIME ( 0, 52, 31.00000000000000000, #1917 ) ;
#7768 = FACE_OUTER_BOUND ( 'NONE', #3089, .T. ) ;
#7769 = DIRECTION ( 'NONE',  ( 0.000000000000000000, -1.000000000000000000, 0.000000000000000000 ) ) ;
#7770 = CIRCLE ( 'NONE', #3313, 3.009999999999999343 ) ;
#7771 = EDGE_CURVE ( 'NONE', #4262, #281, #3279, .T. ) ;
#7772 = VERTEX_POINT ( 'NONE', #4687 ) ;
#7773 = ORIENTED_EDGE ( 'NONE', *, *, #2367, .T. ) ;
#7774 = AXIS2_PLACEMENT_3D ( 'NONE', #4990, #5777, #8488 ) ;
#7775 = DIRECTION ( 'NONE',  ( 1.000000000000000000, 0.000000000000000000, 0.000000000000000000 ) ) ;
#7776 = CARTESIAN_POINT ( 'NONE',  ( 29.57888850641915113, -40.11309130870348127, 20.00000000000000000 ) ) ;
#7777 = CARTESIAN_POINT ( 'NONE',  ( 33.27195900664849404, -42.93396596443930235, -17.73924303917850409 ) ) ;
#7778 = CARTESIAN_POINT ( 'NONE',  ( 34.11042744160234719, -43.00000000000000000, 20.00000000000000000 ) ) ;
#7779 = DIRECTION ( 'NONE',  ( 0.000000000000000000, 0.000000000000000000, 1.000000000000000000 ) ) ;
#7780 = CIRCLE ( 'NONE', #4016, 4.999999999999997335 ) ;
#7781 = CIRCLE ( 'NONE', #6533, 0.2500000000000002220 ) ;
#7782 = EDGE_CURVE ( 'NONE', #546, #4004, #719, .T. ) ;
#7783 = CARTESIAN_POINT ( 'NONE',  ( 54.00000000000000000, -55.19999999999999574, 0.000000000000000000 ) ) ;
#7784 = VECTOR ( 'NONE', #7520, 1000.000000000000000 ) ;
#7785 = EDGE_LOOP ( 'NONE', ( #3627, #5252, #136, #2250, #839, #1863, #687, #2804, #5556, #2279, #6401, #4089, #3304, #7633, #4312, #3815, #6621, #4608, #5430, #7062 ) ) ;
#7786 = VERTEX_POINT ( 'NONE', #7927 ) ;
#7787 = VERTEX_POINT ( 'NONE', #7883 ) ;
#7788 = CARTESIAN_POINT ( 'NONE',  ( -47.99999957383840155, 30.00000000000000000, 10.00000000000000000 ) ) ;
#7789 = VECTOR ( 'NONE', #6663, 1000.000000000000000 ) ;
#7790 = DIRECTION ( 'NONE',  ( 0.000000000000000000, 0.000000000000000000, 1.000000000000000000 ) ) ;
#7791 = CIRCLE ( 'NONE', #8489, 5.250000000000000888 ) ;
#7792 = DIRECTION ( 'NONE',  ( 1.000000000000000000, 0.000000000000000000, 0.000000000000000000 ) ) ;
#7793 = CARTESIAN_POINT ( 'NONE',  ( -31.00000000000000000, -36.20000000000000284, 13.00000000000000178 ) ) ;
#7794 = DIRECTION ( 'NONE',  ( 1.000000000000000000, 0.000000000000000000, 0.000000000000000000 ) ) ;
#7795 = AXIS2_PLACEMENT_3D ( 'NONE', #6086, #6173, #8059 ) ;
#7796 = AXIS2_PLACEMENT_3D ( 'NONE', #3631, #7687, #1543 ) ;
#7797 = VERTEX_POINT ( 'NONE', #3383 ) ;
#7798 = ORIENTED_EDGE ( 'NONE', *, *, #7669, .F. ) ;
#7799 = AXIS2_PLACEMENT_3D ( 'NONE', #8063, #6017, #3435 ) ;
#7800 = CARTESIAN_POINT ( 'NONE',  ( -48.00000000000000000, 29.45849999999999724, 10.54150000000000098 ) ) ;
#7801 = ORIENTED_EDGE ( 'NONE', *, *, #5901, .F. ) ;
#7802 = LINE ( 'NONE', #4438, #7840 ) ;
#7803 = CARTESIAN_POINT ( 'NONE',  ( -90.00000000000000000, -48.00000000000000000, -20.00000000000000000 ) ) ;
#7804 = VERTEX_POINT ( 'NONE', #4736 ) ;
#7805 = DIRECTION ( 'NONE',  ( -1.000000000000000000, 6.938893903907232322E-16, 0.000000000000000000 ) ) ;
#7806 = VECTOR ( 'NONE', #3366, 1000.000000000000000 ) ;
#7807 = VECTOR ( 'NONE', #3106, 1000.000000000000000 ) ;
#7808 = LINE ( 'NONE', #428, #2081 ) ;
#7809 = CONICAL_SURFACE ( 'NONE', #699, 3.000000000000002665, 0.7853981633974476129 ) ;
#7810 = CALENDAR_DATE ( 2026, 24, 3 ) ;
#7811 = EDGE_CURVE ( 'NONE', #4401, #4692, #4110, .T. ) ;
#7812 = CARTESIAN_POINT ( 'NONE',  ( -56.50000000000000000, -20.00000000000000000, -20.00000000000000000 ) ) ;
#7813 = ADVANCED_FACE ( 'NONE', ( #1954 ), #1904, .T. ) ;
#7814 = ORIENTED_EDGE ( 'NONE', *, *, #7397, .T. ) ;
#7815 = VERTEX_POINT ( 'NONE', #7268 ) ;
#7816 = ORIENTED_EDGE ( 'NONE', *, *, #4912, .T. ) ;
#7817 = DIRECTION ( 'NONE',  ( 0.000000000000000000, 1.000000000000000000, 0.000000000000000000 ) ) ;
#7818 = DIRECTION ( 'NONE',  ( -1.000000000000000000, 0.000000000000000000, 0.000000000000000000 ) ) ;
#7819 = CARTESIAN_POINT ( 'NONE',  ( 90.00000000000000000, -53.00000000000000000, 20.00000000000000000 ) ) ;
#7820 = EDGE_CURVE ( 'NONE', #3977, #5723, #7395, .T. ) ;
#7821 = CYLINDRICAL_SURFACE ( 'NONE', #253, 2.458500000000047425 ) ;
#7822 = ORIENTED_EDGE ( 'NONE', *, *, #7248, .F. ) ;
#7823 = VECTOR ( 'NONE', #7738, 1000.000000000000000 ) ;
#7824 = ORIENTED_EDGE ( 'NONE', *, *, #7977, .T. ) ;
#7825 = EDGE_CURVE ( 'NONE', #5099, #3532, #7033, .T. ) ;
#7826 = PRODUCT_DEFINITION ( 'UNKNOWN', '', #3865, #7874 ) ;
#7827 = CARTESIAN_POINT ( 'NONE',  ( -17.67766952966355376, -55.20100000000000051, 17.67766952966379534 ) ) ;
#7828 = LINE ( 'NONE', #1150, #7076 ) ;
#7829 = CARTESIAN_POINT ( 'NONE',  ( -40.00000000000000000, -23.00000000000000000, 10.00000000000000000 ) ) ;
#7830 = CARTESIAN_POINT ( 'NONE',  ( -67.00000000000000000, -30.00000000000000000, 20.00000000000000000 ) ) ;
#7831 = CARTESIAN_POINT ( 'NONE',  ( -37.54149999999999920, -23.00000034876694954, -10.00000000000000000 ) ) ;
#7832 = ORIENTED_EDGE ( 'NONE', *, *, #7919, .T. ) ;
#7833 = ORIENTED_EDGE ( 'NONE', *, *, #3305, .T. ) ;
#7834 = CARTESIAN_POINT ( 'NONE',  ( -9.500000000000000000, -30.00000000000000000, -12.00000000000000000 ) ) ;
#7835 = EDGE_CURVE ( 'NONE', #5196, #3789, #4533, .T. ) ;
#7836 = CARTESIAN_POINT ( 'NONE',  ( 0.000000000000000000, -19.50000000000000000, 20.00000000000000000 ) ) ;
#7837 = DIRECTION ( 'NONE',  ( 0.000000000000000000, 1.000000000000000000, 0.000000000000000000 ) ) ;
#7838 = DIRECTION ( 'NONE',  ( 0.000000000000000000, 0.5000000000001899592, -0.8660254037843289066 ) ) ;
#7839 = CARTESIAN_POINT ( 'NONE',  ( -67.00000000000000000, 30.00000000000000000, -19.75000000000000000 ) ) ;
#7840 = VECTOR ( 'NONE', #3739, 1000.000000000000000 ) ;
#7841 = ORIENTED_EDGE ( 'NONE', *, *, #6602, .T. ) ;
#7842 = ORIENTED_EDGE ( 'NONE', *, *, #2480, .T. ) ;
#7843 = DIRECTION ( 'NONE',  ( 0.000000000000000000, 0.000000000000000000, -1.000000000000000000 ) ) ;
#7844 = VERTEX_POINT ( 'NONE', #5302 ) ;
#7845 = CARTESIAN_POINT ( 'NONE',  ( -13.00000000000000000, 23.00000000000000000, -13.00000000000000000 ) ) ;
#7846 = DIRECTION ( 'NONE',  ( 0.000000000000000000, 0.000000000000000000, -1.000000000000000000 ) ) ;
#7847 = AXIS2_PLACEMENT_3D ( 'NONE', #6895, #4969, #4150 ) ;
#7848 = VERTEX_POINT ( 'NONE', #6611 ) ;
#7849 = LINE ( 'NONE', #7150, #1669 ) ;
#7850 = LINE ( 'NONE', #7109, #3058 ) ;
#7851 = APPROVAL_DATE_TIME ( #5926, #4197 ) ;
#7852 = FACE_OUTER_BOUND ( 'NONE', #1350, .T. ) ;
#7853 = VECTOR ( 'NONE', #251, 1000.000000000000000 ) ;
#7854 = VERTEX_POINT ( 'NONE', #20 ) ;
#7855 = ORIENTED_EDGE ( 'NONE', *, *, #3222, .F. ) ;
#7856 = CARTESIAN_POINT ( 'NONE',  ( 77.00000000000000000, -49.79999999999999716, 13.00000000000000178 ) ) ;
#7858 = ORIENTED_EDGE ( 'NONE', *, *, #6583, .F. ) ;
#7857 = EDGE_CURVE ( 'NONE', #7345, #152, #636, .T. ) ;
#7859 = CARTESIAN_POINT ( 'NONE',  ( -46.00000000000000000, -30.00000000000000000, -1.699999999999999956 ) ) ;
#7860 = DIRECTION ( 'NONE',  ( 0.000000000000000000, 1.000000000000000000, 0.000000000000000000 ) ) ;
#7861 = DIRECTION ( 'NONE',  ( 0.000000000000000000, 0.000000000000000000, 1.000000000000000000 ) ) ;
#7862 = CARTESIAN_POINT ( 'NONE',  ( -56.50000000000000000, 20.00000000000000000, -19.80000000000000071 ) ) ;
#7863 = ORIENTED_EDGE ( 'NONE', *, *, #4389, .F. ) ;
#7864 = EDGE_CURVE ( 'NONE', #5394, #7322, #4804, .T. ) ;
#7865 = ORIENTED_EDGE ( 'NONE', *, *, #6576, .F. ) ;
#7866 = EDGE_CURVE ( 'NONE', #3672, #6994, #2299, .T. ) ;
#7867 = CIRCLE ( 'NONE', #8002, 5.250000000000000888 ) ;
#7868 = DIRECTION ( 'NONE',  ( 1.000000000000000000, 0.000000000000000000, 0.000000000000000000 ) ) ;
#7869 = LINE ( 'NONE', #3902, #1643 ) ;
#7870 = FACE_OUTER_BOUND ( 'NONE', #6707, .T. ) ;
#7871 = DIRECTION ( 'NONE',  ( 0.000000000000000000, 0.000000000000000000, -1.000000000000000000 ) ) ;
#7872 = DIRECTION ( 'NONE',  ( 0.000000000000000000, -1.000000000000000000, 0.000000000000000000 ) ) ;
#7873 = AXIS2_PLACEMENT_3D ( 'NONE', #7793, #2521, #1818 ) ;
#7874 = DESIGN_CONTEXT ( 'detailed design', #7509, 'design' ) ;
#7875 = EDGE_CURVE ( 'NONE', #5922, #4568, #6480, .T. ) ;
#7876 = ORIENTED_EDGE ( 'NONE', *, *, #7162, .F. ) ;
#7877 = ORIENTED_EDGE ( 'NONE', *, *, #1831, .F. ) ;
#7878 = DIRECTION ( 'NONE',  ( 1.000000000000000000, 0.000000000000000000, 0.000000000000000000 ) ) ;
#7879 = DIRECTION ( 'NONE',  ( 0.000000000000000000, 0.000000000000000000, 1.000000000000000000 ) ) ;
#7880 = AXIS2_PLACEMENT_3D ( 'NONE', #3074, #3904, #5160 ) ;
#7881 = LINE ( 'NONE', #6395, #5077 ) ;
#7882 = AXIS2_PLACEMENT_3D ( 'NONE', #5730, #8389, #1713 ) ;
#7883 = CARTESIAN_POINT ( 'NONE',  ( 22.38609614442020046, -19.50000000000000000, -20.00000000000000000 ) ) ;
#7884 = DIRECTION ( 'NONE',  ( 0.000000000000000000, 1.000000000000000000, 0.000000000000000000 ) ) ;
#7885 = ADVANCED_FACE ( 'NONE', ( #882 ), #3467, .F. ) ;
#7886 = APPROVAL ( #252, 'UNSPECIFIED' ) ;
#7887 = AXIS2_PLACEMENT_3D ( 'NONE', #4800, #6729, #5944 ) ;
#7888 = ORIENTED_EDGE ( 'NONE', *, *, #1312, .F. ) ;
#7889 = EDGE_LOOP ( 'NONE', ( #733, #7236 ) ) ;
#7890 = CARTESIAN_POINT ( 'NONE',  ( -67.00000000000000000, 30.00000000000000000, 20.00000000000000000 ) ) ;
#7891 = ORIENTED_EDGE ( 'NONE', *, *, #224, .F. ) ;
#7892 = CARTESIAN_POINT ( 'NONE',  ( -29.57888850641910139, -40.11309130870348838, 20.00000000000000000 ) ) ;
#7893 = CARTESIAN_POINT ( 'NONE',  ( -46.00000000000000000, -30.00000000000000000, 7.250000000000000000 ) ) ;
#7894 = ORIENTED_EDGE ( 'NONE', *, *, #6981, .F. ) ;
#7895 = CARTESIAN_POINT ( 'NONE',  ( 12.96924291490705805, -55.20100000000000051, 20.00000000000000000 ) ) ;
#7896 = CARTESIAN_POINT ( 'NONE',  ( -9.500000000000000000, -30.00000000000000000, -12.00000000000000000 ) ) ;
#7897 = CALENDAR_DATE ( 2026, 24, 3 ) ;
#7898 = VERTEX_POINT ( 'NONE', #844 ) ;
#7899 = EDGE_CURVE ( 'NONE', #5029, #1527, #3561, .T. ) ;
#7900 = ORIENTED_EDGE ( 'NONE', *, *, #878, .F. ) ;
#7901 = VERTEX_POINT ( 'NONE', #6166 ) ;
#7902 = CARTESIAN_POINT ( 'NONE',  ( -79.00000000000000000, 53.00000000000000000, 9.253553390593300065 ) ) ;
#7903 = ORIENTED_EDGE ( 'NONE', *, *, #2259, .F. ) ;
#7904 = FACE_OUTER_BOUND ( 'NONE', #398, .T. ) ;
#7905 = DIRECTION ( 'NONE',  ( 0.000000000000000000, 0.000000000000000000, -1.000000000000000000 ) ) ;
#7906 = DIRECTION ( 'NONE',  ( 1.219044193948983948E-29, 1.000000000000000000, 3.491481338843133355E-15 ) ) ;
#7907 = CONICAL_SURFACE ( 'NONE', #4407, 2.700000000000001066, 0.7853981633974560506 ) ;
#7908 = DIRECTION ( 'NONE',  ( 0.000000000000000000, -1.000000000000000000, 0.000000000000000000 ) ) ;
#7909 = ORIENTED_EDGE ( 'NONE', *, *, #6075, .F. ) ;
#7910 = ORIENTED_EDGE ( 'NONE', *, *, #4689, .F. ) ;
#7911 = LINE ( 'NONE', #3808, #4718 ) ;
#7912 = CARTESIAN_POINT ( 'NONE',  ( 0.000000000000000000, -14.55000000000000071, -20.00000000000000000 ) ) ;
#7913 = CARTESIAN_POINT ( 'NONE',  ( 0.000000000000000000, 24.19999999999999929, 1.699999999999999956 ) ) ;
#7914 = VECTOR ( 'NONE', #3046, 1000.000000000000000 ) ;
#7915 = DIRECTION ( 'NONE',  ( -1.000000000000000000, 0.000000000000000000, 0.000000000000000000 ) ) ;
#7916 = ADVANCED_FACE ( 'NONE', ( #1550 ), #2154, .F. ) ;
#7917 = FACE_OUTER_BOUND ( 'NONE', #7993, .T. ) ;
#7918 = CC_DESIGN_APPROVAL ( #2118, ( #2622 ) ) ;
#7919 = EDGE_CURVE ( 'NONE', #1373, #2699, #484, .T. ) ;
#7920 = ADVANCED_FACE ( 'NONE', ( #8262, #223 ), #8133, .T. ) ;
#7921 = ORIENTED_EDGE ( 'NONE', *, *, #2640, .F. ) ;
#7922 = ORIENTED_EDGE ( 'NONE', *, *, #226, .F. ) ;
#7923 = VECTOR ( 'NONE', #7691, 1000.000000000000000 ) ;
#7924 = CARTESIAN_POINT ( 'NONE',  ( 0.000000000000000000, -23.00000000000000000, 13.00000000000000000 ) ) ;
#7925 = DIRECTION ( 'NONE',  ( 0.000000000000000000, 0.000000000000000000, -1.000000000000000000 ) ) ;
#7926 = CARTESIAN_POINT ( 'NONE',  ( -71.75000000000000000, -49.79999999999999716, -13.00000000000000178 ) ) ;
#7927 = CARTESIAN_POINT ( 'NONE',  ( -54.00000000000000000, -20.00000000000000000, -19.80000000000000071 ) ) ;
#7928 = VECTOR ( 'NONE', #2704, 1000.000000000000000 ) ;
#7929 = CARTESIAN_POINT ( 'NONE',  ( -9.500000293527079975, -25.00000000000000000, -9.933000000000001606 ) ) ;
#7930 = VECTOR ( 'NONE', #2808, 1000.000000000000000 ) ;
#7931 = AXIS2_PLACEMENT_3D ( 'NONE', #4638, #5329, #7997 ) ;
#7932 = ORIENTED_EDGE ( 'NONE', *, *, #6910, .T. ) ;
#7933 = AXIS2_PLACEMENT_3D ( 'NONE', #2477, #8367, #6969 ) ;
#7934 = ORIENTED_EDGE ( 'NONE', *, *, #766, .T. ) ;
#7935 = VECTOR ( 'NONE', #6421, 1000.000000000000000 ) ;
#7936 = DIRECTION ( 'NONE',  ( 0.000000000000000000, 0.000000000000000000, -1.000000000000000000 ) ) ;
#7937 = CARTESIAN_POINT ( 'NONE',  ( -46.00000000000000000, 24.19999999999999929, 1.699999999999999956 ) ) ;
#7938 = ADVANCED_FACE ( 'NONE', ( #5505 ), #4117, .T. ) ;
#7939 = ORIENTED_EDGE ( 'NONE', *, *, #31, .T. ) ;
#7940 = CARTESIAN_POINT ( 'NONE',  ( 85.00000000000000000, -20.00000000000000000, -20.00000000000000000 ) ) ;
#7941 = CARTESIAN_POINT ( 'NONE',  ( -40.31128874149275276, 0.000000000000000000, 20.00000000000000000 ) ) ;
#7942 = VECTOR ( 'NONE', #8139, 1000.000000000000000 ) ;
#7943 = PERSON_AND_ORGANIZATION_ROLE ( 'classification_officer' ) ;
#7944 = VECTOR ( 'NONE', #5465, 1000.000000000000114 ) ;
#7945 = AXIS2_PLACEMENT_3D ( 'NONE', #4049, #7405, #2864 ) ;
#7946 = ORIENTED_EDGE ( 'NONE', *, *, #7550, .F. ) ;
#7947 = ORIENTED_EDGE ( 'NONE', *, *, #3492, .T. ) ;
#7948 = LINE ( 'NONE', #775, #1666 ) ;
#7949 = EDGE_LOOP ( 'NONE', ( #643, #2150, #4284, #6799, #3868, #2181, #1534 ) ) ;
#7950 = EDGE_CURVE ( 'NONE', #7747, #4681, #4812, .T. ) ;
#7951 = CARTESIAN_POINT ( 'NONE',  ( 31.00000000000000000, -49.79999999999999716, -13.00000000000000178 ) ) ;
#7952 =( NAMED_UNIT ( * ) SI_UNIT ( $, .STERADIAN. ) SOLID_ANGLE_UNIT ( ) );
#7953 = LINE ( 'NONE', #7374, #2639 ) ;
#7954 = DIRECTION ( 'NONE',  ( 1.000000000000000000, 0.000000000000000000, 0.000000000000000000 ) ) ;
#7955 = ORIENTED_EDGE ( 'NONE', *, *, #3969, .T. ) ;
#7956 = ORIENTED_EDGE ( 'NONE', *, *, #3568, .T. ) ;
#7957 = CARTESIAN_POINT ( 'NONE',  ( -78.64644660940700760, 53.00000000000000000, 8.900000000000000355 ) ) ;
#7958 = CYLINDRICAL_SURFACE ( 'NONE', #3463, 3.009999999999998899 ) ;
#7959 = DIRECTION ( 'NONE',  ( 0.000000000000000000, -0.7380952380954969305, 0.6746965388237529115 ) ) ;
#7960 = DIRECTION ( 'NONE',  ( 1.000000000000000000, 0.000000000000000000, 0.000000000000000000 ) ) ;
#7961 = CARTESIAN_POINT ( 'NONE',  ( 17.67766952966359995, -13.60000000000000142, -17.67766952966378469 ) ) ;
#7962 = VERTEX_POINT ( 'NONE', #2195 ) ;
#7963 =( REPRESENTATION_RELATIONSHIP ('NONE','NONE', #7323, #5205 ) REPRESENTATION_RELATIONSHIP_WITH_TRANSFORMATION ( #7319 )SHAPE_REPRESENTATION_RELATIONSHIP( ) );
#7964 = ORIENTED_EDGE ( 'NONE', *, *, #3539, .F. ) ;
#7965 = EDGE_CURVE ( 'NONE', #7630, #3588, #5427, .T. ) ;
#7966 = DIRECTION ( 'NONE',  ( -1.000000000000000000, 0.000000000000000000, 0.000000000000000000 ) ) ;
#7967 = DIRECTION ( 'NONE',  ( -1.000000000000000000, -1.739694030349234775E-16, 0.000000000000000000 ) ) ;
#7968 = FACE_OUTER_BOUND ( 'NONE', #828, .T. ) ;
#7969 = FACE_OUTER_BOUND ( 'NONE', #6840, .T. ) ;
#7970 = DIRECTION ( 'NONE',  ( 0.000000000000000000, -1.000000000000000000, 0.000000000000000000 ) ) ;
#7971 = EDGE_CURVE ( 'NONE', #6684, #6022, #4075, .T. ) ;
#7972 = ORIENTED_EDGE ( 'NONE', *, *, #1026, .T. ) ;
#7973 = ORIENTED_EDGE ( 'NONE', *, *, #8354, .F. ) ;
#7974 = EDGE_CURVE ( 'NONE', #3588, #1913, #762, .T. ) ;
#7975 = DIRECTION ( 'NONE',  ( 0.000000000000000000, 1.000000000000000000, 0.000000000000000000 ) ) ;
#7976 = LINE ( 'NONE', #5921, #795 ) ;
#7977 = EDGE_CURVE ( 'NONE', #4385, #4955, #5084, .T. ) ;
#7978 = ORIENTED_EDGE ( 'NONE', *, *, #862, .F. ) ;
#7979 = CYLINDRICAL_SURFACE ( 'NONE', #970, 5.000000000000004441 ) ;
#7980 = DIRECTION ( 'NONE',  ( 0.000000000000000000, -1.000000000000000000, 0.000000000000000000 ) ) ;
#7981 = DATE_TIME_ROLE ( 'classification_date' ) ;
#7982 = ORIENTED_EDGE ( 'NONE', *, *, #3382, .T. ) ;
#7983 = EDGE_CURVE ( 'NONE', #7322, #8288, #6906, .T. ) ;
#7984 = ORIENTED_EDGE ( 'NONE', *, *, #3305, .F. ) ;
#7985 = DIRECTION ( 'NONE',  ( 0.000000000000000000, 0.000000000000000000, -1.000000000000000000 ) ) ;
#7986 = ORIENTED_EDGE ( 'NONE', *, *, #5742, .F. ) ;
#7987 = DIRECTION ( 'NONE',  ( 1.000000000000000000, -2.926572255078290114E-17, 0.000000000000000000 ) ) ;
#7988 = CARTESIAN_POINT ( 'NONE',  ( 85.00000000000000000, -43.00000000000000000, -20.00000000000000000 ) ) ;
#7989 = CIRCLE ( 'NONE', #1300, 2.100000000000111111 ) ;
#7990 = PLANE ( 'NONE',  #6112 ) ;
#7991 = CARTESIAN_POINT ( 'NONE',  ( -37.54149999999999920, 23.00000034815554883, -20.00000000000000000 ) ) ;
#7992 = EDGE_CURVE ( 'NONE', #6001, #8010, #905, .T. ) ;
#7993 = EDGE_LOOP ( 'NONE', ( #3271, #350, #1235, #4767 ) ) ;
#7994 = ORIENTED_EDGE ( 'NONE', *, *, #2914, .F. ) ;
#7995 = ORIENTED_EDGE ( 'NONE', *, *, #6471, .F. ) ;
#7996 = DIRECTION ( 'NONE',  ( 0.000000000000000000, 0.000000000000000000, -1.000000000000000000 ) ) ;
#7997 = DIRECTION ( 'NONE',  ( -1.000000000000000000, 0.000000000000000000, 0.000000000000000000 ) ) ;
#7998 = DIRECTION ( 'NONE',  ( 0.000000000000000000, 0.000000000000000000, 1.000000000000000000 ) ) ;
#7999 = CARTESIAN_POINT ( 'NONE',  ( -31.00000000000000000, -33.00000000000000000, 13.00000000000000178 ) ) ;
#8000 = CARTESIAN_POINT ( 'NONE',  ( -47.99999957383840155, 30.00000000000000000, -16.00000000000000000 ) ) ;
#8001 = VERTEX_POINT ( 'NONE', #274 ) ;
#8002 = AXIS2_PLACEMENT_3D ( 'NONE', #6114, #833, #1446 ) ;
#8003 = ORIENTED_EDGE ( 'NONE', *, *, #1338, .F. ) ;
#8004 = CARTESIAN_POINT ( 'NONE',  ( -40.00000000000000000, 23.00000000000000000, -20.00000000000000000 ) ) ;
#8005 = DIRECTION ( 'NONE',  ( 0.000000000000000000, 0.000000000000000000, -1.000000000000000000 ) ) ;
#8006 = CARTESIAN_POINT ( 'NONE',  ( 28.29741968705734223, -37.36497255716493981, -17.55370799676287064 ) ) ;
#8007 = CARTESIAN_POINT ( 'NONE',  ( -40.00000000000000000, 23.00000000000000000, 20.00000000000000000 ) ) ;
#8008 = DIRECTION ( 'NONE',  ( 1.000000000000000000, 0.000000000000000000, -1.370837314136739893E-16 ) ) ;
#8009 = CIRCLE ( 'NONE', #7873, 5.249999999999997335 ) ;
#8010 = VERTEX_POINT ( 'NONE', #754 ) ;
#8011 = ORIENTED_EDGE ( 'NONE', *, *, #4924, .F. ) ;
#8012 = EDGE_CURVE ( 'NONE', #8252, #7543, #6080, .T. ) ;
#8013 = AXIS2_PLACEMENT_3D ( 'NONE', #1460, #3424, #2849 ) ;
#8014 = DIRECTION ( 'NONE',  ( 0.000000000000000000, 0.000000000000000000, -1.000000000000000000 ) ) ;
#8015 = VECTOR ( 'NONE', #6079, 1000.000000000000000 ) ;
#8016 = PLANE ( 'NONE',  #1077 ) ;
#8017 = ORIENTED_EDGE ( 'NONE', *, *, #1148, .F. ) ;
#8018 = CARTESIAN_POINT ( 'NONE',  ( -46.00000000000000000, 30.00000000000000000, 7.250000000000000000 ) ) ;
#8019 = VECTOR ( 'NONE', #1757, 1000.000000000000000 ) ;
#8020 = EDGE_CURVE ( 'NONE', #4463, #4536, #1600, .T. ) ;
#8021 = AXIS2_PLACEMENT_3D ( 'NONE', #5201, #5905, #4639 ) ;
#8022 = ORIENTED_EDGE ( 'NONE', *, *, #8411, .F. ) ;
#8023 = ADVANCED_FACE ( 'NONE', ( #5634 ), #5680, .F. ) ;
#8024 = ADVANCED_FACE ( 'NONE', ( #6989 ), #1887, .F. ) ;
#8025 = EDGE_LOOP ( 'NONE', ( #439, #2741, #7841, #4589, #5396 ) ) ;
#8026 = CARTESIAN_POINT ( 'NONE',  ( -77.00000000000000000, -33.00000000000000000, -13.00000000000000178 ) ) ;
#8027 = PRODUCT ( 'jawWOsmallPart.step', 'jawWOsmallPart.step', '', ( #4186 ) ) ;
#8028 = ORIENTED_EDGE ( 'NONE', *, *, #4659, .F. ) ;
#8029 = CARTESIAN_POINT ( 'NONE',  ( 77.00000000000000000, -49.79999999999999716, 13.00000000000000178 ) ) ;
#8030 = CARTESIAN_POINT ( 'NONE',  ( -77.35106857177699169, -53.00000000000000000, -8.900000000000000355 ) ) ;
#8031 = DIRECTION ( 'NONE',  ( 0.000000000000000000, -1.000000000000000000, 0.000000000000000000 ) ) ;
#8032 = DIRECTION ( 'NONE',  ( 1.000000000000000000, 0.000000000000000000, 2.056255971205114647E-16 ) ) ;
#8033 = ORIENTED_EDGE ( 'NONE', *, *, #621, .F. ) ;
#8034 = ORIENTED_EDGE ( 'NONE', *, *, #8128, .T. ) ;
#8035 = CARTESIAN_POINT ( 'NONE',  ( -78.64644660940700760, -53.00000000000000000, -8.900000000000000355 ) ) ;
#8036 = DIRECTION ( 'NONE',  ( 0.000000000000000000, 0.000000000000000000, -1.000000000000000000 ) ) ;
#8037 = AXIS2_PLACEMENT_3D ( 'NONE', #4064, #4148, #787 ) ;
#8038 = CARTESIAN_POINT ( 'NONE',  ( -90.00000000000000000, -25.00000000000000000, -20.00000000000000000 ) ) ;
#8039 = EDGE_CURVE ( 'NONE', #1147, #4918, #3717, .T. ) ;
#8040 = DIRECTION ( 'NONE',  ( 0.000000000000000000, 1.000000000000000000, 0.000000000000000000 ) ) ;
#8041 = EDGE_CURVE ( 'NONE', #4282, #1016, #2506, .T. ) ;
#8042 = ORIENTED_EDGE ( 'NONE', *, *, #2320, .T. ) ;
#8043 = DIRECTION ( 'NONE',  ( 1.000000000000000000, 0.000000000000000000, 0.000000000000000000 ) ) ;
#8044 = VERTEX_POINT ( 'NONE', #1756 ) ;
#8045 = APPROVAL_PERSON_ORGANIZATION ( #3657, #4466, #3095 ) ;
#8046 = ORIENTED_EDGE ( 'NONE', *, *, #4465, .F. ) ;
#8047 = DIRECTION ( 'NONE',  ( -1.000000000000000000, 0.000000000000000000, 0.000000000000000000 ) ) ;
#8048 = AXIS2_PLACEMENT_3D ( 'NONE', #332, #6490, #2435 ) ;
#8049 = CARTESIAN_POINT ( 'NONE',  ( -85.00000000000000000, -43.00000000000000000, -20.00000000000000000 ) ) ;
#8050 = LINE ( 'NONE', #635, #6381 ) ;
#8051 = LINE ( 'NONE', #2074, #2991 ) ;
#8052 = FACE_OUTER_BOUND ( 'NONE', #1274, .T. ) ;
#8053 = CC_DESIGN_APPROVAL ( #5743, ( #6658 ) ) ;
#8054 = EDGE_CURVE ( 'NONE', #849, #2005, #6761, .T. ) ;
#8055 = CIRCLE ( 'NONE', #1642, 2.458500000000002572 ) ;
#8056 = VECTOR ( 'NONE', #7604, 1000.000000000000000 ) ;
#8057 = EDGE_LOOP ( 'NONE', ( #3429, #5801, #5421, #8087 ) ) ;
#8058 = ORIENTED_EDGE ( 'NONE', *, *, #3008, .F. ) ;
#8059 = DIRECTION ( 'NONE',  ( 0.000000000000000000, 0.000000000000000000, -1.000000000000000000 ) ) ;
#8060 = CARTESIAN_POINT ( 'NONE',  ( -17.67766952966359995, -13.60000000000000142, -17.67766952966377403 ) ) ;
#8061 = FACE_OUTER_BOUND ( 'NONE', #4751, .T. ) ;
#8062 = AXIS2_PLACEMENT_3D ( 'NONE', #2280, #4368, #1104 ) ;
#8063 = CARTESIAN_POINT ( 'NONE',  ( -54.10000000000000142, -22.39999999999999858, -19.90000000000000213 ) ) ;
#8064 = AXIS2_PLACEMENT_3D ( 'NONE', #80, #6771, #6643 ) ;
#8065 = ADVANCED_FACE ( 'NONE', ( #3636 ), #6383, .F. ) ;
#8066 = AXIS2_PLACEMENT_3D ( 'NONE', #298, #3534, #6187 ) ;
#8067 = ORIENTED_EDGE ( 'NONE', *, *, #6887, .T. ) ;
#8068 = EDGE_LOOP ( 'NONE', ( #865, #3968, #2627, #7699 ) ) ;
#8069 = CARTESIAN_POINT ( 'NONE',  ( -40.00000000000000000, -23.00000000000000000, -20.00000000000000000 ) ) ;
#8070 = EDGE_CURVE ( 'NONE', #7090, #6454, #7020, .T. ) ;
#8071 = ORIENTED_EDGE ( 'NONE', *, *, #2994, .F. ) ;
#8072 = AXIS2_PLACEMENT_3D ( 'NONE', #2377, #2897, #3597 ) ;
#8073 = CARTESIAN_POINT ( 'NONE',  ( -30.99999872883709884, -30.00000000000000000, 12.24999999999675993 ) ) ;
#8074 = EDGE_CURVE ( 'NONE', #2420, #7292, #3138, .T. ) ;
#8075 = PERSON_AND_ORGANIZATION ( #2440, #369 ) ;
#8076 = CARTESIAN_POINT ( 'NONE',  ( -37.54149999999999920, 23.00000000052499871, -19.45850000000000080 ) ) ;
#8077 = EDGE_LOOP ( 'NONE', ( #2212, #5869, #280, #4776 ) ) ;
#8078 = AXIS2_PLACEMENT_3D ( 'NONE', #6777, #50, #8130 ) ;
#8079 = CONICAL_SURFACE ( 'NONE', #2654, 3.000000000000031086, 0.7853981633974503884 ) ;
#8080 = ORIENTED_EDGE ( 'NONE', *, *, #3133, .F. ) ;
#8081 = VERTEX_POINT ( 'NONE', #4469 ) ;
#8082 = CARTESIAN_POINT ( 'NONE',  ( 27.75418406211094791, -36.20000000000000284, -17.12640023475005080 ) ) ;
#8083 = CARTESIAN_POINT ( 'NONE',  ( -31.00000000000000000, -29.56700000000000017, 14.06700000000000017 ) ) ;
#8084 = EDGE_CURVE ( 'NONE', #6368, #7465, #976, .T. ) ;
#8085 = CARTESIAN_POINT ( 'NONE',  ( -72.29999999999999716, -53.00000000000000000, -8.599999999999999645 ) ) ;
#8086 = CARTESIAN_POINT ( 'NONE',  ( -77.35106857177699169, -53.00000000000000000, -8.900000000000000355 ) ) ;
#8087 = ORIENTED_EDGE ( 'NONE', *, *, #3019, .F. ) ;
#8088 = DIRECTION ( 'NONE',  ( 0.000000000000000000, -1.000000000000000000, 0.000000000000000000 ) ) ;
#8089 = ORIENTED_EDGE ( 'NONE', *, *, #8287, .T. ) ;
#8090 = EDGE_CURVE ( 'NONE', #5013, #5524, #4978, .T. ) ;
#8091 = ORIENTED_EDGE ( 'NONE', *, *, #4830, .F. ) ;
#8092 = FACE_BOUND ( 'NONE', #7245, .T. ) ;
#8093 = CARTESIAN_POINT ( 'NONE',  ( -31.00000000000000000, -30.00000000000000000, 12.00000000000000000 ) ) ;
#8094 = DIRECTION ( 'NONE',  ( 0.000000000000000000, 0.000000000000000000, -1.000000000000000000 ) ) ;
#8095 = CARTESIAN_POINT ( 'NONE',  ( -77.00000000000000000, -49.79999999999999716, -13.00000000000000178 ) ) ;
#8096 = CYLINDRICAL_SURFACE ( 'NONE', #4462, 0.1999999999992979616 ) ;
#8097 = ORIENTED_EDGE ( 'NONE', *, *, #7174, .F. ) ;
#8098 = EDGE_LOOP ( 'NONE', ( #5878, #7995, #4070, #4184 ) ) ;
#8099 = EDGE_CURVE ( 'NONE', #6407, #420, #5064, .T. ) ;
#8100 = DIRECTION ( 'NONE',  ( 0.000000000000000000, 0.000000000000000000, 1.000000000000000000 ) ) ;
#8101 = FACE_OUTER_BOUND ( 'NONE', #704, .T. ) ;
#8102 = LINE ( 'NONE', #6349, #4933 ) ;
#8103 = ORIENTED_EDGE ( 'NONE', *, *, #6302, .T. ) ;
#8104 = DIRECTION ( 'NONE',  ( 0.000000000000000000, -1.000000000000000000, 0.000000000000000000 ) ) ;
#8105 = ORIENTED_EDGE ( 'NONE', *, *, #3008, .T. ) ;
#8106 = DIRECTION ( 'NONE',  ( 0.000000000000000000, 0.000000000000000000, 1.000000000000000000 ) ) ;
#8107 = ORIENTED_EDGE ( 'NONE', *, *, #8250, .F. ) ;
#8108 = ORIENTED_EDGE ( 'NONE', *, *, #616, .T. ) ;
#8109 = DIRECTION ( 'NONE',  ( 1.000000000000000000, 0.000000000000000000, 0.000000000000000000 ) ) ;
#8110 = VERTEX_POINT ( 'NONE', #1106 ) ;
#8111 = DIRECTION ( 'NONE',  ( 0.000000000000000000, -1.000000000000000000, 0.000000000000000000 ) ) ;
#8112 = PERSON_AND_ORGANIZATION_ROLE ( 'creator' ) ;
#8113 = DIRECTION ( 'NONE',  ( 1.000000000000000000, 0.000000000000000000, 0.000000000000000000 ) ) ;
#8114 = ORIENTED_EDGE ( 'NONE', *, *, #941, .T. ) ;
#8115 = VERTEX_POINT ( 'NONE', #3810 ) ;
#8116 = EDGE_LOOP ( 'NONE', ( #5689, #2257, #1536, #1494 ) ) ;
#8117 = EDGE_CURVE ( 'NONE', #4536, #4463, #2032, .T. ) ;
#8118 = CARTESIAN_POINT ( 'NONE',  ( -46.00000000000000000, -30.00000000000000000, -1.699999999999999956 ) ) ;
#8120 = CARTESIAN_POINT ( 'NONE',  ( -59.00000000000000000, 20.00000000000000000, 19.80000000000000071 ) ) ;
#8119 = AXIS2_PLACEMENT_3D ( 'NONE', #6372, #7860, #5102 ) ;
#8121 = DIRECTION ( 'NONE',  ( 0.000000000000000000, 0.000000000000000000, -1.000000000000000000 ) ) ;
#8122 = DIRECTION ( 'NONE',  ( 0.000000000000000000, 1.000000000000000000, 0.000000000000000000 ) ) ;
#8123 = ORIENTED_EDGE ( 'NONE', *, *, #2792, .T. ) ;
#8124 = CARTESIAN_POINT ( 'NONE',  ( -36.99000000000000199, -23.00000000000000000, -2.299999999999999822 ) ) ;
#8125 = ADVANCED_FACE ( 'NONE', ( #8477 ), #6429, .F. ) ;
#8126 = AXIS2_PLACEMENT_3D ( 'NONE', #4593, #1276, #6762 ) ;
#8127 = ORIENTED_EDGE ( 'NONE', *, *, #6096, .F. ) ;
#8128 = EDGE_CURVE ( 'NONE', #4702, #3173, #8604, .T. ) ;
#8129 = ORIENTED_EDGE ( 'NONE', *, *, #3233, .F. ) ;
#8130 = DIRECTION ( 'NONE',  ( 1.000000000000000000, 0.000000000000000000, 0.000000000000000000 ) ) ;
#8131 = LINE ( 'NONE', #2152, #4295 ) ;
#8132 = LINE ( 'NONE', #3466, #383 ) ;
#8133 = PLANE ( 'NONE',  #202 ) ;
#8134 = DIRECTION ( 'NONE',  ( 1.000000000000000000, 0.000000000000000000, 0.000000000000000000 ) ) ;
#8135 = LINE ( 'NONE', #7238, #6255 ) ;
#8136 = ADVANCED_FACE ( 'NONE', ( #7870 ), #2586, .F. ) ;
#8137 = EDGE_LOOP ( 'NONE', ( #8297, #6899 ) ) ;
#8138 = VERTEX_POINT ( 'NONE', #4553 ) ;
#8139 = DIRECTION ( 'NONE',  ( 0.000000000000000000, 1.000000000000000000, 0.000000000000000000 ) ) ;
#8140 = DIRECTION ( 'NONE',  ( 1.000000000000000000, 0.000000000000000000, 0.000000000000000000 ) ) ;
#8141 = VECTOR ( 'NONE', #6154, 1000.000000000000000 ) ;
#8142 = PLANE ( 'NONE',  #2156 ) ;
#8143 = ORIENTED_EDGE ( 'NONE', *, *, #6230, .F. ) ;
#8144 = DIRECTION ( 'NONE',  ( 0.000000000000000000, 0.000000000000000000, -1.000000000000000000 ) ) ;
#8145 = EDGE_CURVE ( 'NONE', #194, #1206, #3207, .T. ) ;
#8146 = EDGE_CURVE ( 'NONE', #5524, #4052, #492, .T. ) ;
#8147 = VERTEX_POINT ( 'NONE', #5330 ) ;
#8148 = AXIS2_PLACEMENT_3D ( 'NONE', #3686, #5034, #8491 ) ;
#8149 = CYLINDRICAL_SURFACE ( 'NONE', #6088, 3.099999999999998757 ) ;
#8150 = EDGE_LOOP ( 'NONE', ( #7581, #888, #6696, #6018, #4727, #6848, #2436, #2619, #84, #7824, #5447, #219 ) ) ;
#8151 = CARTESIAN_POINT ( 'NONE',  ( -29.57888850641909428, -40.11309130870348127, 7.945997415630641214 ) ) ;
#8152 = ORIENTED_EDGE ( 'NONE', *, *, #8558, .T. ) ;
#8153 = VECTOR ( 'NONE', #2115, 1000.000000000000000 ) ;
#8154 = CARTESIAN_POINT ( 'NONE',  ( -31.00000000000000000, -33.00000000000000000, 13.00000000000000178 ) ) ;
#8155 = DATE_AND_TIME ( #5483, #4413 ) ;
#8156 = EDGE_CURVE ( 'NONE', #2289, #7190, #3843, .T. ) ;
#8157 = CARTESIAN_POINT ( 'NONE',  ( -56.50000000000000000, 20.00000000000000000, 20.00000000000000000 ) ) ;
#8158 = ORIENTED_EDGE ( 'NONE', *, *, #5301, .F. ) ;
#8159 = CIRCLE ( 'NONE', #7887, 3.000000000000002665 ) ;
#8160 = ORIENTED_EDGE ( 'NONE', *, *, #7162, .T. ) ;
#8161 = ORIENTED_EDGE ( 'NONE', *, *, #2896, .F. ) ;
#8162 = CARTESIAN_POINT ( 'NONE',  ( -42.76045286139795110, -24.19999999999999929, -2.299999999999999822 ) ) ;
#8163 = CARTESIAN_POINT ( 'NONE',  ( -30.72574871806648744, -41.68840946071081532, 7.753760230082565208 ) ) ;
#8164 = DIRECTION ( 'NONE',  ( 0.000000000000000000, 0.000000000000000000, -1.000000000000000000 ) ) ;
#8165 = CARTESIAN_POINT ( 'NONE',  ( 0.000000000000000000, 12.99999999999934097, -16.85000000000000142 ) ) ;
#8166 = DIRECTION ( 'NONE',  ( 0.000000000000000000, 1.000000000000000000, 0.000000000000000000 ) ) ;
#8167 = ORIENTED_EDGE ( 'NONE', *, *, #7536, .T. ) ;
#8168 = EDGE_LOOP ( 'NONE', ( #4240, #7773, #1919, #5642, #6759, #2140 ) ) ;
#8169 = VECTOR ( 'NONE', #7169, 1000.000000000000000 ) ;
#8170 = LINE ( 'NONE', #716, #5273 ) ;
#8171 = CARTESIAN_POINT ( 'NONE',  ( -67.00000000000000000, 11.44999999999999929, -19.49999999999930012 ) ) ;
#8172 = CARTESIAN_POINT ( 'NONE',  ( -79.00000000000000000, -53.00000000000000000, -9.253553390593300065 ) ) ;
#8173 = EDGE_CURVE ( 'NONE', #1181, #368, #7599, .T. ) ;
#8174 = CARTESIAN_POINT ( 'NONE',  ( -13.00000000000000000, -24.59247459621600029, 14.59247459621600029 ) ) ;
#8175 = DIRECTION ( 'NONE',  ( 0.000000000000000000, 1.000000000000000000, 0.000000000000000000 ) ) ;
#8176 = EDGE_CURVE ( 'NONE', #162, #5786, #1607, .T. ) ;
#8177 = DIRECTION ( 'NONE',  ( 0.000000000000000000, 1.000000000000000000, 0.000000000000000000 ) ) ;
#8178 = ADVANCED_FACE ( 'NONE', ( #3290 ), #1939, .F. ) ;
#8179 = VERTEX_POINT ( 'NONE', #2591 ) ;
#8180 = VERTEX_POINT ( 'NONE', #3371 ) ;
#8181 = DIRECTION ( 'NONE',  ( 0.000000000000000000, 1.420538663550911401E-07, 0.9999999999999898970 ) ) ;
#8182 = DIRECTION ( 'NONE',  ( 0.000000000000000000, 0.000000000000000000, -1.000000000000000000 ) ) ;
#8183 = CYLINDRICAL_SURFACE ( 'NONE', #1601, 2.100000000000110667 ) ;
#8184 = DIRECTION ( 'NONE',  ( 0.000000000000000000, 0.000000000000000000, -1.000000000000000000 ) ) ;
#8185 = VERTEX_POINT ( 'NONE', #3330 ) ;
#8186 = CARTESIAN_POINT ( 'NONE',  ( 85.00000000000000000, -20.00000000000000000, 20.00000000000000000 ) ) ;
#8187 = ADVANCED_FACE ( 'NONE', ( #3853 ), #6564, .T. ) ;
#8188 = VECTOR ( 'NONE', #8109, 1000.000000000000000 ) ;
#8189 = ORIENTED_EDGE ( 'NONE', *, *, #2023, .F. ) ;
#8190 = CARTESIAN_POINT ( 'NONE',  ( -67.00000000000000000, -11.44999999999999929, 19.69999999999999929 ) ) ;
#8191 = AXIS2_PLACEMENT_3D ( 'NONE', #1557, #284, #2951 ) ;
#8192 = EDGE_LOOP ( 'NONE', ( #467, #507, #3042, #3047 ) ) ;
#8193 = EDGE_CURVE ( 'NONE', #4463, #4017, #5993, .T. ) ;
#8194 = CC_DESIGN_DATE_AND_TIME_ASSIGNMENT ( #3358, #7194, ( #5957 ) ) ;
#8195 = CARTESIAN_POINT ( 'NONE',  ( -56.50000000000000000, -20.00000000000000000, -19.90000000000000213 ) ) ;
#8196 = AXIS2_PLACEMENT_3D ( 'NONE', #1334, #3992, #4855 ) ;
#8197 = ORIENTED_EDGE ( 'NONE', *, *, #4377, .T. ) ;
#8199 = DIRECTION ( 'NONE',  ( 0.000000000000000000, 0.000000000000000000, -1.000000000000000000 ) ) ;
#8198 = AXIS2_PLACEMENT_3D ( 'NONE', #4183, #949, #6971 ) ;
#8200 = AXIS2_PLACEMENT_3D ( 'NONE', #2966, #254, #827 ) ;
#8201 = LINE ( 'NONE', #1570, #2908 ) ;
#8202 = VECTOR ( 'NONE', #5677, 1000.000000000000000 ) ;
#8203 = VERTEX_POINT ( 'NONE', #4602 ) ;
#8204 = ORIENTED_EDGE ( 'NONE', *, *, #5403, .T. ) ;
#8205 = AXIS2_PLACEMENT_3D ( 'NONE', #3096, #472, #7113 ) ;
#8206 = ORIENTED_EDGE ( 'NONE', *, *, #709, .T. ) ;
#8207 = EDGE_CURVE ( 'NONE', #1138, #571, #6646, .T. ) ;
#8208 = VECTOR ( 'NONE', #953, 1000.000000000000000 ) ;
#8209 = EDGE_CURVE ( 'NONE', #7854, #6711, #5103, .T. ) ;
#8210 = DIRECTION ( 'NONE',  ( 0.000000000000000000, 0.000000000000000000, 1.000000000000000000 ) ) ;
#8211 = CARTESIAN_POINT ( 'NONE',  ( 54.00000000000000000, -55.19999999999999574, 0.000000000000000000 ) ) ;
#8212 = DIRECTION ( 'NONE',  ( 0.000000000000000000, 0.000000000000000000, 1.000000000000000000 ) ) ;
#8213 = DIRECTION ( 'NONE',  ( -1.000000000000000000, 8.809440770586719424E-17, 0.000000000000000000 ) ) ;
#8214 = CARTESIAN_POINT ( 'NONE',  ( -17.67766952966359995, -13.60000000000000142, -14.57766952966377438 ) ) ;
#8215 = AXIS2_PLACEMENT_3D ( 'NONE', #1250, #1901, #5298 ) ;
#8216 = CIRCLE ( 'NONE', #7242, 5.000000000000004441 ) ;
#8217 = AXIS2_PLACEMENT_3D ( 'NONE', #7191, #2529, #5268 ) ;
#8218 = ORIENTED_EDGE ( 'NONE', *, *, #3035, .T. ) ;
#8219 = ORIENTED_EDGE ( 'NONE', *, *, #869, .F. ) ;
#8220 = LINE ( 'NONE', #4854, #6807 ) ;
#8221 = DIRECTION ( 'NONE',  ( 0.000000000000000000, 0.000000000000000000, -1.000000000000000000 ) ) ;
#8222 = CARTESIAN_POINT ( 'NONE',  ( -37.23954713860204890, 24.19999999999999929, 2.299999999999999822 ) ) ;
#8223 = DIRECTION ( 'NONE',  ( 0.000000000000000000, 0.7608695652172483559, -0.6489048502870938817 ) ) ;
#8224 = VECTOR ( 'NONE', #6306, 1000.000000000000000 ) ;
#8225 = CYLINDRICAL_SURFACE ( 'NONE', #691, 0.2500000000000001110 ) ;
#8226 = DIRECTION ( 'NONE',  ( 1.000000000000000000, 0.000000000000000000, 0.000000000000000000 ) ) ;
#8227 = VERTEX_POINT ( 'NONE', #5246 ) ;
#8228 = EDGE_CURVE ( 'NONE', #7345, #6649, #2322, .T. ) ;
#8229 = ORIENTED_EDGE ( 'NONE', *, *, #6309, .T. ) ;
#8230 = FACE_OUTER_BOUND ( 'NONE', #1562, .T. ) ;
#8231 = EDGE_CURVE ( 'NONE', #6016, #299, #4024, .T. ) ;
#8232 = DIRECTION ( 'NONE',  ( 0.9170939738863552737, -0.3986710963455125656, 0.000000000000000000 ) ) ;
#8233 = CARTESIAN_POINT ( 'NONE',  ( 90.00000000000000000, -43.00000000000000000, -20.00000000000000000 ) ) ;
#8234 = DIRECTION ( 'NONE',  ( 0.000000000000000000, 0.000000000000000000, -1.000000000000000000 ) ) ;
#8235 = ORIENTED_EDGE ( 'NONE', *, *, #7820, .T. ) ;
#8236 = CARTESIAN_POINT ( 'NONE',  ( -72.29999999999999716, 53.00000000000000000, 8.599999999999999645 ) ) ;
#8237 = EDGE_CURVE ( 'NONE', #6171, #7848, #81, .T. ) ;
#8238 = EDGE_LOOP ( 'NONE', ( #951, #8123, #5085, #4650 ) ) ;
#8239 = CIRCLE ( 'NONE', #6011, 2.999999999999999112 ) ;
#8240 = EDGE_CURVE ( 'NONE', #7412, #1680, #4510, .T. ) ;
#8241 = EDGE_CURVE ( 'NONE', #1700, #1341, #1192, .T. ) ;
#8242 = CARTESIAN_POINT ( 'NONE',  ( -17.67766952966355376, -6.600000000000001421, 17.67766952966379534 ) ) ;
#8243 = ORIENTED_EDGE ( 'NONE', *, *, #4974, .T. ) ;
#8244 = LINE ( 'NONE', #948, #6024 ) ;
#8245 = CARTESIAN_POINT ( 'NONE',  ( -9.500000000000000000, -29.56700000000000017, -9.933000000000001606 ) ) ;
#8246 = ORIENTED_EDGE ( 'NONE', *, *, #524, .F. ) ;
#8247 = DIRECTION ( 'NONE',  ( 1.000000000000000000, 0.000000000000000000, 0.000000000000000000 ) ) ;
#8248 = CALENDAR_DATE ( 2026, 24, 3 ) ;
#8249 = CARTESIAN_POINT ( 'NONE',  ( 2.081668171172170091E-14, 0.000000000000000000, 0.000000000000000000 ) ) ;
#8250 = EDGE_CURVE ( 'NONE', #1008, #7447, #513, .T. ) ;
#8251 = ORIENTED_EDGE ( 'NONE', *, *, #6117, .T. ) ;
#8252 = VERTEX_POINT ( 'NONE', #8038 ) ;
#8253 = DIRECTION ( 'NONE',  ( -1.000000000000000000, 0.000000000000000000, 0.000000000000000000 ) ) ;
#8254 = DIRECTION ( 'NONE',  ( -0.000000000000000000, 1.000000000000000000, 0.000000000000000000 ) ) ;
#8255 = DIRECTION ( 'NONE',  ( -1.000000000000000000, 0.000000000000000000, 0.000000000000000000 ) ) ;
#8256 = FACE_OUTER_BOUND ( 'NONE', #1671, .T. ) ;
#8257 = DIRECTION ( 'NONE',  ( 0.000000000000000000, -1.000000000000000000, 0.000000000000000000 ) ) ;
#8258 = ORIENTED_EDGE ( 'NONE', *, *, #2691, .F. ) ;
#8259 = ORIENTED_EDGE ( 'NONE', *, *, #1227, .F. ) ;
#8260 = CARTESIAN_POINT ( 'NONE',  ( -67.00000000000000000, -11.44999999999999929, 19.69999999999999929 ) ) ;
#8261 = LINE ( 'NONE', #3674, #950 ) ;
#8262 = FACE_BOUND ( 'NONE', #1329, .T. ) ;
#8263 = DIRECTION ( 'NONE',  ( 0.000000000000000000, 0.000000000000000000, 1.000000000000000000 ) ) ;
#8264 = DIRECTION ( 'NONE',  ( 0.000000000000000000, 0.000000000000000000, 1.000000000000000000 ) ) ;
#8265 = CIRCLE ( 'NONE', #871, 2.999999999999999112 ) ;
#8266 = CARTESIAN_POINT ( 'NONE',  ( -2.500000000000000000, 0.000000000000000000, 0.000000000000000000 ) ) ;
#8267 = ORIENTED_EDGE ( 'NONE', *, *, #386, .T. ) ;
#8268 = ORIENTED_EDGE ( 'NONE', *, *, #1249, .F. ) ;
#8269 = DIRECTION ( 'NONE',  ( -0.7071067811865600072, -8.659560562355089398E-17, -0.7071067811865350272 ) ) ;
#8270 = CARTESIAN_POINT ( 'NONE',  ( 31.00000000000000000, -33.00000000000000000, -9.750000000000001776 ) ) ;
#8271 = FACE_BOUND ( 'NONE', #3129, .T. ) ;
#8272 = DIRECTION ( 'NONE',  ( 0.000000000000000000, 0.000000000000000000, 1.000000000000000000 ) ) ;
#8273 = DIRECTION ( 'NONE',  ( 0.000000000000000000, 0.000000000000000000, -1.000000000000000000 ) ) ;
#8274 = EDGE_CURVE ( 'NONE', #5809, #6519, #2753, .T. ) ;
#8275 = EDGE_LOOP ( 'NONE', ( #8570, #994, #6282, #6743, #5859, #5852, #2350 ) ) ;
#8276 = AXIS2_PLACEMENT_3D ( 'NONE', #4455, #526, #3196 ) ;
#8277 = DIRECTION ( 'NONE',  ( 0.000000000000000000, 0.000000000000000000, 1.000000000000000000 ) ) ;
#8278 = VERTEX_POINT ( 'NONE', #8085 ) ;
#8279 = DIRECTION ( 'NONE',  ( 1.000000000000000000, 5.766704943023925441E-10, 0.000000000000000000 ) ) ;
#8280 = VERTEX_POINT ( 'NONE', #2801 ) ;
#8281 = EDGE_CURVE ( 'NONE', #281, #4262, #1912, .T. ) ;
#8282 = CARTESIAN_POINT ( 'NONE',  ( -40.00000000000000000, -23.00000000000000000, 20.00000000000000000 ) ) ;
#8283 = COORDINATED_UNIVERSAL_TIME_OFFSET ( 6, 0, .BEHIND. ) ;
#8284 = ADVANCED_FACE ( 'NONE', ( #1576 ), #7385, .F. ) ;
#8285 = AXIS2_PLACEMENT_3D ( 'NONE', #3730, #1204, #6397 ) ;
#8286 = FACE_BOUND ( 'NONE', #4665, .T. ) ;
#8287 = EDGE_CURVE ( 'NONE', #5207, #7787, #835, .T. ) ;
#8288 = VERTEX_POINT ( 'NONE', #3503 ) ;
#8289 = VERTEX_POINT ( 'NONE', #6816 ) ;
#8290 = AXIS2_PLACEMENT_3D ( 'NONE', #355, #977, #2326 ) ;
#8291 = ORIENTED_EDGE ( 'NONE', *, *, #6808, .T. ) ;
#8292 = CARTESIAN_POINT ( 'NONE',  ( 2.081668171172170091E-14, -19.50000000000000000, 0.000000000000000000 ) ) ;
#8293 = CARTESIAN_POINT ( 'NONE',  ( 0.000000000000000000, 24.19999999999999929, -2.299999999999999822 ) ) ;
#8294 = CARTESIAN_POINT ( 'NONE',  ( -90.00000000000000000, -48.00000000000000000, 20.00000000000000000 ) ) ;
#8295 = DIRECTION ( 'NONE',  ( 0.000000000000000000, 0.000000000000000000, 1.000000000000000000 ) ) ;
#8296 = CONICAL_SURFACE ( 'NONE', #4540, 3.000000000000031086, 0.7853981633974503884 ) ;
#8297 = ORIENTED_EDGE ( 'NONE', *, *, #5450, .T. ) ;
#8298 = ORIENTED_EDGE ( 'NONE', *, *, #873, .F. ) ;
#8299 = ADVANCED_FACE ( 'NONE', ( #3412 ), #5414, .F. ) ;
#8300 = DIRECTION ( 'NONE',  ( 1.000000000000000000, 0.000000000000000000, 0.000000000000000000 ) ) ;
#8301 = VECTOR ( 'NONE', #1976, 1000.000000000000000 ) ;
#8302 = FACE_OUTER_BOUND ( 'NONE', #337, .T. ) ;
#8303 = DIRECTION ( 'NONE',  ( 1.000000000000000000, 0.000000000000000000, 0.000000000000000000 ) ) ;
#8304 = CARTESIAN_POINT ( 'NONE',  ( -67.00000000000000000, -30.00000000000000000, 20.00000000000000000 ) ) ;
#8305 = DIRECTION ( 'NONE',  ( 1.000000000000000000, 0.000000000000000000, 0.000000000000000000 ) ) ;
#8306 = DIRECTION ( 'NONE',  ( 0.000000000000000000, 1.000000000000000000, 0.000000000000000000 ) ) ;
#8307 = ORIENTED_EDGE ( 'NONE', *, *, #5304, .T. ) ;
#8308 = EDGE_LOOP ( 'NONE', ( #396, #703, #5474, #8114, #7865, #1718 ) ) ;
#8309 = CARTESIAN_POINT ( 'NONE',  ( 2.081668171172170091E-14, 0.000000000000000000, 0.000000000000000000 ) ) ;
#8310 = CARTESIAN_POINT ( 'NONE',  ( -37.00000000000000000, -23.00000000000000000, 20.00000000000000000 ) ) ;
#8311 = CARTESIAN_POINT ( 'NONE',  ( -48.00000042616159845, 30.00000000000000000, 16.00000000000000000 ) ) ;
#8312 = EDGE_CURVE ( 'NONE', #4840, #1566, #6919, .T. ) ;
#8313 = DIRECTION ( 'NONE',  ( 0.000000000000000000, 1.000000000000000000, 0.000000000000000000 ) ) ;
#8314 = DIRECTION ( 'NONE',  ( 1.000000000000000000, 7.455831558639569157E-17, 0.000000000000000000 ) ) ;
#8315 = VECTOR ( 'NONE', #5370, 1000.000000000000000 ) ;
#8316 = ORIENTED_EDGE ( 'NONE', *, *, #6131, .T. ) ;
#8317 = AXIS2_PLACEMENT_3D ( 'NONE', #1434, #4915, #4130 ) ;
#8318 = CARTESIAN_POINT ( 'NONE',  ( 0.000000000000000000, -30.00000000000000000, 20.00000000000000000 ) ) ;
#8319 = CARTESIAN_POINT ( 'NONE',  ( -67.00000000000000000, -11.24999999999910116, -19.69999999999999929 ) ) ;
#8320 = DIRECTION ( 'NONE',  ( 0.000000000000000000, 0.000000000000000000, 1.000000000000000000 ) ) ;
#8321 = CIRCLE ( 'NONE', #2331, 5.000000000000004441 ) ;
#8322 = VERTEX_POINT ( 'NONE', #1491 ) ;
#8323 = LINE ( 'NONE', #5006, #6952 ) ;
#8324 = CALENDAR_DATE ( 2026, 24, 3 ) ;
#8325 = CARTESIAN_POINT ( 'NONE',  ( -9.500000000000000000, -25.00000000000000000, -14.06700000000000017 ) ) ;
#8326 = EDGE_LOOP ( 'NONE', ( #1248, #7205, #5126, #4451 ) ) ;
#8327 = CONICAL_SURFACE ( 'NONE', #2200, 2.500000000000000444, 0.7853981633974490562 ) ;
#8328 = AXIS2_PLACEMENT_3D ( 'NONE', #5413, #3940, #6069 ) ;
#8329 = EDGE_CURVE ( 'NONE', #5687, #3274, #4237, .T. ) ;
#8330 = ORIENTED_EDGE ( 'NONE', *, *, #2474, .T. ) ;
#8331 = CARTESIAN_POINT ( 'NONE',  ( -67.00000000000000000, -14.55000000000000071, 20.00000000000000000 ) ) ;
#8332 = VECTOR ( 'NONE', #4628, 1000.000000000000000 ) ;
#8334 = EDGE_LOOP ( 'NONE', ( #6627, #3536, #5185, #6530 ) ) ;
#8333 = EDGE_CURVE ( 'NONE', #3697, #2420, #1448, .T. ) ;
#8335 = CARTESIAN_POINT ( 'NONE',  ( -40.00000000000000000, -23.00000000000000000, -20.00000000000000000 ) ) ;
#8336 = CARTESIAN_POINT ( 'NONE',  ( -79.00000000000000000, -53.00000000000000000, -9.253553390593289407 ) ) ;
#8337 = VECTOR ( 'NONE', #7337, 1000.000000000000000 ) ;
#8338 = CARTESIAN_POINT ( 'NONE',  ( -40.00000000000000000, -23.00000000000000000, 2.299999999999999822 ) ) ;
#8339 = DIRECTION ( 'NONE',  ( -0.7071067811865470176, -8.659560562354929160E-17, -0.7071067811865480168 ) ) ;
#8340 = AXIS2_PLACEMENT_3D ( 'NONE', #7008, #5039, #1731 ) ;
#8341 = AXIS2_PLACEMENT_3D ( 'NONE', #8249, #2226, #864 ) ;
#8342 = ORIENTED_EDGE ( 'NONE', *, *, #4886, .F. ) ;
#8343 = EDGE_LOOP ( 'NONE', ( #1822, #4538, #1799, #5875 ) ) ;
#8344 = EDGE_CURVE ( 'NONE', #7073, #4282, #6157, .T. ) ;
#8345 = CARTESIAN_POINT ( 'NONE',  ( -40.00000000000000000, 23.00000000000000000, -19.45850000000000080 ) ) ;
#8346 = CARTESIAN_POINT ( 'NONE',  ( 0.000000000000000000, 24.19999999999999929, -2.299999999999999822 ) ) ;
#8347 = CARTESIAN_POINT ( 'NONE',  ( 33.04694034193806118, -42.89106632825983922, -17.84039040107598240 ) ) ;
#8348 = CARTESIAN_POINT ( 'NONE',  ( -95.00000000000000000, -15.00000000000000000, 20.00000000000000000 ) ) ;
#8349 = AXIS2_PLACEMENT_3D ( 'NONE', #1682, #413, #1721 ) ;
#8350 = VECTOR ( 'NONE', #8415, 1000.000000000000000 ) ;
#8351 = CARTESIAN_POINT ( 'NONE',  ( -37.23954713860204890, 24.19999999999999929, 1.699999999999999956 ) ) ;
#8352 = AXIS2_PLACEMENT_3D ( 'NONE', #8403, #3611, #4383 ) ;
#8353 = CARTESIAN_POINT ( 'NONE',  ( -31.00000000000000000, -33.00000000000000000, 9.750000000000001776 ) ) ;
#8354 = EDGE_CURVE ( 'NONE', #2656, #1223, #6894, .T. ) ;
#8355 = VERTEX_POINT ( 'NONE', #6239 ) ;
#8356 = ORIENTED_EDGE ( 'NONE', *, *, #8333, .T. ) ;
#8357 = VECTOR ( 'NONE', #541, 1000.000000000000000 ) ;
#8358 = LINE ( 'NONE', #934, #4034 ) ;
#8359 = CARTESIAN_POINT ( 'NONE',  ( -79.00000000000000000, -53.00000000000000000, 9.253553390593300065 ) ) ;
#8360 = AXIS2_PLACEMENT_3D ( 'NONE', #5568, #4911, #6350 ) ;
#8361 = DIRECTION ( 'NONE',  ( 0.000000000000000000, 1.000000000000000000, 0.000000000000000000 ) ) ;
#8362 = DIRECTION ( 'NONE',  ( 0.000000000000000000, 0.000000000000000000, -1.000000000000000000 ) ) ;
#8363 = CARTESIAN_POINT ( 'NONE',  ( 2.632759230788478889E-14, 0.000000000000000000, 45.00000000000000000 ) ) ;
#8364 = ADVANCED_FACE ( 'NONE', ( #6772 ), #7907, .F. ) ;
#8365 = VERTEX_POINT ( 'NONE', #5454 ) ;
#8366 = VERTEX_POINT ( 'NONE', #2143 ) ;
#8367 = DIRECTION ( 'NONE',  ( 0.000000000000000000, 1.000000000000000000, 0.000000000000000000 ) ) ;
#8368 = ORIENTED_EDGE ( 'NONE', *, *, #8547, .F. ) ;
#8369 = ORIENTED_EDGE ( 'NONE', *, *, #3085, .F. ) ;
#8370 = CARTESIAN_POINT ( 'NONE',  ( 28.04842788558745070, -20.00000000000000000, -20.00000000000000000 ) ) ;
#8371 = VERTEX_POINT ( 'NONE', #2838 ) ;
#8372 = DIRECTION ( 'NONE',  ( 1.000000000000000000, 0.000000000000000000, 0.000000000000000000 ) ) ;
#8373 = CALENDAR_DATE ( 2026, 24, 3 ) ;
#8374 = DIRECTION ( 'NONE',  ( 1.000000000000000000, 0.000000000000000000, -7.751382833098988868E-17 ) ) ;
#8375 = EDGE_LOOP ( 'NONE', ( #2464, #6775 ) ) ;
#8376 = VERTEX_POINT ( 'NONE', #7463 ) ;
#8377 = CARTESIAN_POINT ( 'NONE',  ( -9.500000000000000000, -30.00000000000000000, -14.50000000000000000 ) ) ;
#8378 = VERTEX_POINT ( 'NONE', #5493 ) ;
#8379 = DIRECTION ( 'NONE',  ( 1.000000000000000000, 0.000000000000000000, 0.000000000000000000 ) ) ;
#8380 = DIRECTION ( 'NONE',  ( 0.000000000000000000, 0.000000000000000000, -1.000000000000000000 ) ) ;
#8381 = DIRECTION ( 'NONE',  ( 0.000000000000000000, 0.000000000000000000, 1.000000000000000000 ) ) ;
#8382 = LINE ( 'NONE', #2453, #2929 ) ;
#8383 = EDGE_CURVE ( 'NONE', #367, #3336, #7617, .T. ) ;
#8384 = VERTEX_POINT ( 'NONE', #4194 ) ;
#8385 = VERTEX_POINT ( 'NONE', #6854 ) ;
#8386 = AXIS2_PLACEMENT_3D ( 'NONE', #5134, #5041, #5879 ) ;
#8387 = DIRECTION ( 'NONE',  ( 0.9999999999999901190, 1.416129997710645295E-07, 0.000000000000000000 ) ) ;
#8388 = CARTESIAN_POINT ( 'NONE',  ( 31.72134335364470203, -42.39911390494358301, -7.795547283460115828 ) ) ;
#8389 = DIRECTION ( 'NONE',  ( -1.000000000000000000, 0.000000000000000000, 0.000000000000000000 ) ) ;
#8390 = FACE_OUTER_BOUND ( 'NONE', #4829, .T. ) ;
#8391 = ADVANCED_FACE ( 'NONE', ( #3543 ), #6196, .T. ) ;
#8392 = LINE ( 'NONE', #4334, #3762 ) ;
#8393 = EDGE_CURVE ( 'NONE', #5723, #5230, #6082, .T. ) ;
#8394 = CARTESIAN_POINT ( 'NONE',  ( -37.00000000000000000, 23.00000000000000000, 20.00000000000000000 ) ) ;
#8395 = DESIGN_CONTEXT ( 'detailed design', #5165, 'design' ) ;
#8396 = VERTEX_POINT ( 'NONE', #7022 ) ;
#8397 = VERTEX_POINT ( 'NONE', #7067 ) ;
#8398 = CARTESIAN_POINT ( 'NONE',  ( -46.00000000000000000, -19.80000000000000071, 2.299999999999999822 ) ) ;
#8399 = CARTESIAN_POINT ( 'NONE',  ( -42.45850000000000080, 22.99999965184445117, -20.00000000000000000 ) ) ;
#8400 = CARTESIAN_POINT ( 'NONE',  ( -95.00000000000000000, -10.00000000000000178, 20.00000000000000000 ) ) ;
#8401 = CARTESIAN_POINT ( 'NONE',  ( -75.89999999999999147, -53.00000000000000000, 8.250000000000571987 ) ) ;
#8402 = EDGE_CURVE ( 'NONE', #1138, #3028, #6326, .T. ) ;
#8403 = CARTESIAN_POINT ( 'NONE',  ( -17.67766952966355376, -13.60000000000000142, 17.67766952966379534 ) ) ;
#8404 = CONICAL_SURFACE ( 'NONE', #1710, 2.500000000000002220, 0.7853981633974659315 ) ;
#8405 = ORIENTED_EDGE ( 'NONE', *, *, #5423, .F. ) ;
#8406 = ORIENTED_EDGE ( 'NONE', *, *, #8507, .T. ) ;
#8407 = DIRECTION ( 'NONE',  ( 0.000000000000000000, 0.000000000000000000, 1.000000000000000000 ) ) ;
#8408 = VERTEX_POINT ( 'NONE', #7725 ) ;
#8409 = DIRECTION ( 'NONE',  ( 1.000000000000000000, -2.926572255078290114E-17, 0.000000000000000000 ) ) ;
#8410 = CARTESIAN_POINT ( 'NONE',  ( -56.50000000000000000, 20.00000000000000000, -19.80000000000000071 ) ) ;
#8411 = EDGE_CURVE ( 'NONE', #3472, #8591, #1619, .T. ) ;
#8413 = ORIENTED_EDGE ( 'NONE', *, *, #4129, .T. ) ;
#8412 = ADVANCED_FACE ( 'NONE', ( #1095 ), #5520, .F. ) ;
#8414 = DIRECTION ( 'NONE',  ( 0.9126217432562998555, 0.000000000000000000, 0.4088050314463270163 ) ) ;
#8415 = DIRECTION ( 'NONE',  ( 0.000000000000000000, 0.000000000000000000, -1.000000000000000000 ) ) ;
#8416 = APPROVAL_STATUS ( 'not_yet_approved' ) ;
#8417 = FACE_OUTER_BOUND ( 'NONE', #8068, .T. ) ;
#8418 = VERTEX_POINT ( 'NONE', #4405 ) ;
#8419 = VECTOR ( 'NONE', #5804, 1000.000000000000000 ) ;
#8420 = ORIENTED_EDGE ( 'NONE', *, *, #4133, .F. ) ;
#8421 = CARTESIAN_POINT ( 'NONE',  ( 17.67766952966359995, -13.60000000000000142, -22.92766952966378469 ) ) ;
#8422 = DIRECTION ( 'NONE',  ( 0.000000000000000000, 1.224646799147354193E-16, 1.000000000000000000 ) ) ;
#8423 = EDGE_CURVE ( 'NONE', #848, #8001, #6937, .T. ) ;
#8424 = CIRCLE ( 'NONE', #1874, 0.2500000000000002220 ) ;
#8425 = DIRECTION ( 'NONE',  ( 0.000000000000000000, 0.000000000000000000, -1.000000000000000000 ) ) ;
#8426 = DIRECTION ( 'NONE',  ( 0.000000000000000000, 0.000000000000000000, -1.000000000000000000 ) ) ;
#8427 = EDGE_LOOP ( 'NONE', ( #6170, #4542, #6357, #4825 ) ) ;
#8428 = AXIS2_PLACEMENT_3D ( 'NONE', #7615, #8184, #1639 ) ;
#8429 = CIRCLE ( 'NONE', #2025, 3.249999999999999556 ) ;
#8430 = VERTEX_POINT ( 'NONE', #1004 ) ;
#8431 = CARTESIAN_POINT ( 'NONE',  ( 20.19999999999999929, -20.00000000000000000, -20.00000000000000000 ) ) ;
#8432 = CARTESIAN_POINT ( 'NONE',  ( -67.00000000000000000, 30.00000000000000000, 20.00000000000000000 ) ) ;
#8433 = CARTESIAN_POINT ( 'NONE',  ( 31.29731734192458248, -42.14080702431722614, -18.24577364097287102 ) ) ;
#8434 = CARTESIAN_POINT ( 'NONE',  ( -48.00000000000000000, 30.00000000000000000, 13.00000000000000000 ) ) ;
#8435 = AXIS2_PLACEMENT_3D ( 'NONE', #2414, #7170, #5906 ) ;
#8436 = VECTOR ( 'NONE', #3593, 1000.000000000000000 ) ;
#8437 = DIRECTION ( 'NONE',  ( 0.000000000000000000, -1.000000000000000000, 0.000000000000000000 ) ) ;
#8438 = CARTESIAN_POINT ( 'NONE',  ( -46.00000000000000000, -24.19999999999999929, -1.699999999999999956 ) ) ;
#8439 = VERTEX_POINT ( 'NONE', #2273 ) ;
#8440 = EDGE_LOOP ( 'NONE', ( #6714, #4337, #4224, #1123 ) ) ;
#8441 = EDGE_CURVE ( 'NONE', #4598, #367, #1663, .T. ) ;
#8442 = CARTESIAN_POINT ( 'NONE',  ( -79.00000000000000000, -53.00000000000000000, 19.75000000000000000 ) ) ;
#8443 = DIRECTION ( 'NONE',  ( 0.000000000000000000, 1.000000000000000000, 0.000000000000000000 ) ) ;
#8444 = DIRECTION ( 'NONE',  ( 0.000000000000000000, 0.000000000000000000, 1.000000000000000000 ) ) ;
#8445 = EDGE_CURVE ( 'NONE', #1455, #5277, #5806, .T. ) ;
#8446 = CARTESIAN_POINT ( 'NONE',  ( -48.00000000000000000, 19.50000000000000000, 10.54150000000000098 ) ) ;
#8447 = CARTESIAN_POINT ( 'NONE',  ( -67.00000000000000000, -11.44999999999999929, 18.34248115565999981 ) ) ;
#8448 = ADVANCED_FACE ( 'NONE', ( #4277 ), #1747, .F. ) ;
#8449 = ORIENTED_EDGE ( 'NONE', *, *, #4179, .T. ) ;
#8450 = VERTEX_POINT ( 'NONE', #345 ) ;
#8451 = DIRECTION ( 'NONE',  ( 1.000000000000000000, 0.000000000000000000, 0.000000000000000000 ) ) ;
#8452 = CYLINDRICAL_SURFACE ( 'NONE', #8386, 5.250000000000000888 ) ;
#8453 = PLANE ( 'NONE',  #1222 ) ;
#8454 = AXIS2_PLACEMENT_3D ( 'NONE', #5719, #3667, #8255 ) ;
#8455 = EDGE_CURVE ( 'NONE', #4822, #1053, #7638, .T. ) ;
#8456 = ORIENTED_EDGE ( 'NONE', *, *, #6686, .F. ) ;
#8457 = DIRECTION ( 'NONE',  ( 0.000000000000000000, 0.000000000000000000, 1.000000000000000000 ) ) ;
#8458 = LINE ( 'NONE', #1216, #8350 ) ;
#8459 = COORDINATED_UNIVERSAL_TIME_OFFSET ( 6, 0, .BEHIND. ) ;
#8460 = LINE ( 'NONE', #5143, #6531 ) ;
#8461 =( GEOMETRIC_REPRESENTATION_CONTEXT ( 3 ) GLOBAL_UNCERTAINTY_ASSIGNED_CONTEXT ( ( #2288 ) ) GLOBAL_UNIT_ASSIGNED_CONTEXT ( ( #3846, #7330, #6593 ) ) REPRESENTATION_CONTEXT ( 'NONE', 'WORKASPACE' ) );
#8462 = EDGE_LOOP ( 'NONE', ( #2587, #3232 ) ) ;
#8463 = EDGE_CURVE ( 'NONE', #2956, #6755, #6364, .T. ) ;
#8464 = ORIENTED_EDGE ( 'NONE', *, *, #560, .F. ) ;
#8465 = DIRECTION ( 'NONE',  ( 0.000000000000000000, -1.000000000000000000, 0.000000000000000000 ) ) ;
#8466 = DIRECTION ( 'NONE',  ( 0.000000000000000000, 0.000000000000000000, -1.000000000000000000 ) ) ;
#8467 = DIRECTION ( 'NONE',  ( 0.000000000000000000, 0.000000000000000000, 1.000000000000000000 ) ) ;
#8468 = DIRECTION ( 'NONE',  ( 0.000000000000000000, -1.000000000000000000, 0.000000000000000000 ) ) ;
#8469 = CONICAL_SURFACE ( 'NONE', #4567, 3.000000000000031086, 0.7853981633974503884 ) ;
#8470 = EDGE_CURVE ( 'NONE', #1615, #1007, #4363, .T. ) ;
#8471 = ORIENTED_EDGE ( 'NONE', *, *, #7820, .F. ) ;
#8472 = ORIENTED_EDGE ( 'NONE', *, *, #6363, .T. ) ;
#8473 = VECTOR ( 'NONE', #2335, 1000.000000000000000 ) ;
#8474 = DIRECTION ( 'NONE',  ( 1.000000000000000000, -5.853533328037435721E-10, 0.000000000000000000 ) ) ;
#8475 = AXIS2_PLACEMENT_3D ( 'NONE', #2892, #7563, #3592 ) ;
#8476 = CARTESIAN_POINT ( 'NONE',  ( 32.38217329877389261, -42.69791543215421825, -7.930170525664416381 ) ) ;
#8477 = FACE_OUTER_BOUND ( 'NONE', #722, .T. ) ;
#8478 = LINE ( 'NONE', #2507, #5364 ) ;
#8479 = LINE ( 'NONE', #6470, #5559 ) ;
#8480 = VECTOR ( 'NONE', #7936, 1000.000000000000000 ) ;
#8481 = AXIS2_PLACEMENT_3D ( 'NONE', #5059, #7070, #7908 ) ;
#8482 = DIRECTION ( 'NONE',  ( 0.000000000000000000, 0.000000000000000000, -1.000000000000000000 ) ) ;
#8483 = CIRCLE ( 'NONE', #255, 31.50000000000000000 ) ;
#8484 = ORIENTED_EDGE ( 'NONE', *, *, #6515, .F. ) ;
#8485 = VERTEX_POINT ( 'NONE', #5625 ) ;
#8486 = LINE ( 'NONE', #4610, #4454 ) ;
#8487 = VECTOR ( 'NONE', #5561, 1000.000000000000000 ) ;
#8488 = DIRECTION ( 'NONE',  ( -1.000000000000000000, 0.000000000000000000, 0.000000000000000000 ) ) ;
#8489 = AXIS2_PLACEMENT_3D ( 'NONE', #5751, #1035, #8372 ) ;
#8490 = DIRECTION ( 'NONE',  ( 0.000000000000000000, 0.000000000000000000, -1.000000000000000000 ) ) ;
#8491 = DIRECTION ( 'NONE',  ( 0.000000000000000000, -1.000000000000000000, 0.000000000000000000 ) ) ;
#8492 = CARTESIAN_POINT ( 'NONE',  ( -42.76045286139795110, 24.19999999999999929, 1.699999999999999956 ) ) ;
#8493 = AXIS2_PLACEMENT_3D ( 'NONE', #2252, #4907, #4257 ) ;
#8494 = VECTOR ( 'NONE', #11, 1000.000000000000000 ) ;
#8495 = ORIENTED_EDGE ( 'NONE', *, *, #5593, .T. ) ;
#8496 = ORIENTED_EDGE ( 'NONE', *, *, #7983, .F. ) ;
#8497 = ADVANCED_FACE ( 'NONE', ( #5015 ), #6982, .T. ) ;
#8498 = VECTOR ( 'NONE', #7278, 1000.000000000000000 ) ;
#8499 = CARTESIAN_POINT ( 'NONE',  ( 34.11042744160234719, -38.00000000000000000, -20.00000000000000000 ) ) ;
#8500 = LINE ( 'NONE', #1127, #5600 ) ;
#8501 = PLANE ( 'NONE',  #2618 ) ;
#8502 = ORIENTED_EDGE ( 'NONE', *, *, #4410, .F. ) ;
#8503 = DIRECTION ( 'NONE',  ( 1.000000000000000000, 0.000000000000000000, 0.000000000000000000 ) ) ;
#8504 = ADVANCED_FACE ( 'NONE', ( #6286 ), #8590, .F. ) ;
#8505 = CARTESIAN_POINT ( 'NONE',  ( -43.00000000000000000, -23.00000000000000000, 20.00000000000000000 ) ) ;
#8506 = ITEM_DEFINED_TRANSFORMATION ( 'NONE', 'NONE', #2328,  #5949 ) ;
#8507 = EDGE_CURVE ( 'NONE', #5889, #3805, #3710, .T. ) ;
#8508 = DIRECTION ( 'NONE',  ( 1.000000000000000000, 0.000000000000000000, 0.000000000000000000 ) ) ;
#8509 = ORIENTED_EDGE ( 'NONE', *, *, #3070, .F. ) ;
#8510 = EDGE_CURVE ( 'NONE', #6054, #5230, #6878, .T. ) ;
#8511 = ORIENTED_EDGE ( 'NONE', *, *, #7634, .T. ) ;
#8512 = VERTEX_POINT ( 'NONE', #6181 ) ;
#8513 = FACE_BOUND ( 'NONE', #1090, .T. ) ;
#8514 = ORIENTED_EDGE ( 'NONE', *, *, #1308, .F. ) ;
#8515 = CYLINDRICAL_SURFACE ( 'NONE', #6747, 5.250000000000004441 ) ;
#8516 = EDGE_CURVE ( 'NONE', #7752, #8185, #648, .T. ) ;
#8517 = CARTESIAN_POINT ( 'NONE',  ( -67.00000000000000000, 11.44999999999999929, -19.50000000000000000 ) ) ;
#8518 = CARTESIAN_POINT ( 'NONE',  ( -46.00000000000000000, 30.00000000000000000, -1.699999999999999956 ) ) ;
#8519 = EDGE_LOOP ( 'NONE', ( #5118, #1945, #7301, #1288, #2389, #6035, #1878, #7196 ) ) ;
#8520 = ORIENTED_EDGE ( 'NONE', *, *, #713, .T. ) ;
#8521 = CARTESIAN_POINT ( 'NONE',  ( -5.551115123125779744E-16, -23.00000000000000000, 13.00000000000000000 ) ) ;
#8522 = CARTESIAN_POINT ( 'NONE',  ( 31.30304224643506217, -42.14469712933961887, -7.754541992406919881 ) ) ;
#8523 = DIRECTION ( 'NONE',  ( 0.000000000000000000, 5.108760636724786058E-12, -1.000000000000000000 ) ) ;
#8524 = FACE_OUTER_BOUND ( 'NONE', #1691, .T. ) ;
#8525 = ADVANCED_FACE ( 'NONE', ( #3570 ), #2786, .T. ) ;
#8526 = PLANE ( 'NONE',  #829 ) ;
#8527 = VERTEX_POINT ( 'NONE', #1563 ) ;
#8528 = VERTEX_POINT ( 'NONE', #4786 ) ;
#8529 = CARTESIAN_POINT ( 'NONE',  ( 0.000000000000000000, 30.00000000000000000, 1.699999999999999956 ) ) ;
#8530 = LINE ( 'NONE', #1377, #6932 ) ;
#8531 = LINE ( 'NONE', #1160, #5229 ) ;
#8532 = CARTESIAN_POINT ( 'NONE',  ( -48.00000000000000000, 29.45849999999999724, 13.00000000000000000 ) ) ;
#8533 = CARTESIAN_POINT ( 'NONE',  ( -36.99000000000000199, 22.99999957256090255, 10.00000000000000000 ) ) ;
#8534 = AXIS2_PLACEMENT_3D ( 'NONE', #7753, #465, #3130 ) ;
#8535 = EDGE_CURVE ( 'NONE', #4004, #7688, #7339, .T. ) ;
#8536 = EDGE_LOOP ( 'NONE', ( #582, #1787, #5391, #249, #238, #3350 ) ) ;
#8537 = ORIENTED_EDGE ( 'NONE', *, *, #3276, .F. ) ;
#8538 = CARTESIAN_POINT ( 'NONE',  ( -77.00000000000000000, -49.79999999999999716, -13.00000000000000178 ) ) ;
#8539 = EDGE_LOOP ( 'NONE', ( #331, #1821, #5988, #6434 ) ) ;
#8540 = CARTESIAN_POINT ( 'NONE',  ( -0.5414999999999999813, 23.00000000000000000, -13.00000000000000000 ) ) ;
#8541 = CARTESIAN_POINT ( 'NONE',  ( -42.45850000000000080, 23.00000000000000000, 19.45850000000000080 ) ) ;
#8542 = AXIS2_PLACEMENT_3D ( 'NONE', #965, #5669, #347 ) ;
#8543 = ORIENTED_EDGE ( 'NONE', *, *, #6972, .T. ) ;
#8544 = CARTESIAN_POINT ( 'NONE',  ( 17.67766952966359995, -53.00000000000000000, 17.67766952966379534 ) ) ;
#8545 = CARTESIAN_POINT ( 'NONE',  ( -48.00000000000000000, 19.50000000000000000, 13.00000000000000000 ) ) ;
#8546 = DATE_AND_TIME ( #2614, #5673 ) ;
#8547 = EDGE_CURVE ( 'NONE', #7017, #8550, #2045, .T. ) ;
#8548 = VECTOR ( 'NONE', #6279, 1000.000000000000000 ) ;
#8549 = EDGE_LOOP ( 'NONE', ( #3376, #7334, #7900, #1091 ) ) ;
#8550 = VERTEX_POINT ( 'NONE', #3488 ) ;
#8551 = ORIENTED_EDGE ( 'NONE', *, *, #4704, .T. ) ;
#8552 = DIRECTION ( 'NONE',  ( -0.000000000000000000, 1.000000000000000000, 0.000000000000000000 ) ) ;
#8553 = ADVANCED_FACE ( 'NONE', ( #7542 ), #113, .F. ) ;
#8554 = EDGE_LOOP ( 'NONE', ( #1623, #6476, #1265, #1301 ) ) ;
#8555 = DIRECTION ( 'NONE',  ( -0.7071067811865531239, 0.000000000000000000, 0.7071067811865420216 ) ) ;
#8556 = EDGE_CURVE ( 'NONE', #8179, #8227, #1523, .T. ) ;
#8557 = CARTESIAN_POINT ( 'NONE',  ( -30.92507613756490059, -43.00000000000000000, -20.00000000000000000 ) ) ;
#8558 = EDGE_CURVE ( 'NONE', #1862, #1008, #7448, .T. ) ;
#8559 = DIRECTION ( 'NONE',  ( 0.000000000000000000, -1.000000000000000000, 0.000000000000000000 ) ) ;
#8560 = ORIENTED_EDGE ( 'NONE', *, *, #6996, .T. ) ;
#8561 = ORIENTED_EDGE ( 'NONE', *, *, #8274, .F. ) ;
#8562 = VECTOR ( 'NONE', #344, 1000.000000000000000 ) ;
#8563 = VERTEX_POINT ( 'NONE', #4263 ) ;
#8564 = DIRECTION ( 'NONE',  ( 0.000000000000000000, 0.000000000000000000, 1.000000000000000000 ) ) ;
#8565 = LINE ( 'NONE', #538, #7923 ) ;
#8566 = CARTESIAN_POINT ( 'NONE',  ( -67.00000000000000000, -11.25000000000069988, -18.34248115566069970 ) ) ;
#8567 = DIRECTION ( 'NONE',  ( 1.000000000000000000, 0.000000000000000000, 0.000000000000000000 ) ) ;
#8568 = DIRECTION ( 'NONE',  ( 0.000000000000000000, 1.000000000000000000, 0.000000000000000000 ) ) ;
#8569 = VECTOR ( 'NONE', #1859, 1000.000000000000000 ) ;
#8570 = ORIENTED_EDGE ( 'NONE', *, *, #2386, .T. ) ;
#8571 = ADVANCED_FACE ( 'NONE', ( #6273 ), #773, .T. ) ;
#8572 = VERTEX_POINT ( 'NONE', #292 ) ;
#8573 = DIRECTION ( 'NONE',  ( 0.000000000000000000, 0.000000000000000000, -1.000000000000000000 ) ) ;
#8574 = CARTESIAN_POINT ( 'NONE',  ( 90.00000000000000000, -43.00000000000000000, -20.00000000000000000 ) ) ;
#8575 = VECTOR ( 'NONE', #6430, 1000.000000000000000 ) ;
#8576 = PLANE ( 'NONE',  #3417 ) ;
#8577 = VECTOR ( 'NONE', #1151, 1000.000000000000000 ) ;
#8578 = DIRECTION ( 'NONE',  ( 0.000000000000000000, 0.000000000000000000, -1.000000000000000000 ) ) ;
#8579 = DIRECTION ( 'NONE',  ( 0.000000000000000000, 1.000000000000000000, 0.000000000000000000 ) ) ;
#8580 = AXIS2_PLACEMENT_3D ( 'NONE', #133, #8122, #7298 ) ;
#8581 = ORIENTED_EDGE ( 'NONE', *, *, #4922, .F. ) ;
#8582 = ORIENTED_EDGE ( 'NONE', *, *, #8173, .T. ) ;
#8583 = EDGE_CURVE ( 'NONE', #2749, #8179, #1219, .T. ) ;
#8584 = DIRECTION ( 'NONE',  ( 0.000000000000000000, -1.000000000000000000, 0.000000000000000000 ) ) ;
#8585 = CARTESIAN_POINT ( 'NONE',  ( -36.25000000000000000, -43.00000000000000000, 13.00000000000000178 ) ) ;
#8586 = ORIENTED_EDGE ( 'NONE', *, *, #6920, .F. ) ;
#8587 = LINE ( 'NONE', #3959, #3757 ) ;
#8588 = CARTESIAN_POINT ( 'NONE',  ( -74.44893142822299126, 53.00000000000000000, 8.900000000000000355 ) ) ;
#8589 = ORIENTED_EDGE ( 'NONE', *, *, #2071, .T. ) ;
#8590 = CONICAL_SURFACE ( 'NONE', #4824, 2.700000000000001066, 0.7853981633974560506 ) ;
#8591 = VERTEX_POINT ( 'NONE', #1476 ) ;
#8592 = DIRECTION ( 'NONE',  ( 0.000000000000000000, 0.000000000000000000, 1.000000000000000000 ) ) ;
#8593 = EDGE_LOOP ( 'NONE', ( #7500, #2743, #2016, #3566 ) ) ;
#8594 = FACE_OUTER_BOUND ( 'NONE', #6783, .T. ) ;
#8595 = VECTOR ( 'NONE', #665, 1000.000000000000000 ) ;
#8596 = DIRECTION ( 'NONE',  ( 1.000000000000000000, 0.000000000000000000, 0.000000000000000000 ) ) ;
#8597 = ADVANCED_FACE ( 'NONE', ( #1602 ), #5439, .F. ) ;
#8598 = VERTEX_POINT ( 'NONE', #819 ) ;
#8599 = ORIENTED_EDGE ( 'NONE', *, *, #57, .T. ) ;
#8600 = ADVANCED_FACE ( 'NONE', ( #2091 ), #5108, .T. ) ;
#8601 = VECTOR ( 'NONE', #3364, 1000.000000000000000 ) ;
#8602 = DIRECTION ( 'NONE',  ( 0.000000000000000000, 0.000000000000000000, 1.000000000000000000 ) ) ;
#8603 = CARTESIAN_POINT ( 'NONE',  ( -46.00000000000000000, 30.00000000000000000, 7.250000000000000000 ) ) ;
#8604 = LINE ( 'NONE', #6511, #6890 ) ;
#8605 = CIRCLE ( 'NONE', #4838, 3.100000000000000533 ) ;
#8606 = FACE_OUTER_BOUND ( 'NONE', #4521, .T. ) ;
#8607 = EDGE_LOOP ( 'NONE', ( #5616, #7972, #3930, #4747 ) ) ;
#8608 = DIRECTION ( 'NONE',  ( 1.000000000000000000, 0.000000000000000000, 0.000000000000000000 ) ) ;
#8609 = APPROVAL_PERSON_ORGANIZATION ( #3270, #580, #4491 ) ;
#8610 = ADVANCED_FACE ( 'NONE', ( #5478 ), #8149, .F. ) ;
#8611 = VERTEX_POINT ( 'NONE', #7988 ) ;
#8612 = ADVANCED_FACE ( 'NONE', ( #5360 ), #3282, .T. ) ;
#8613 = VECTOR ( 'NONE', #3991, 1000.000000000000000 ) ;
#8614 = EDGE_LOOP ( 'NONE', ( #1296, #6083, #2710, #3011 ) ) ;
#8615 = CIRCLE ( 'NONE', #8475, 1.592474596216000071 ) ;
#8616 = CARTESIAN_POINT ( 'NONE',  ( -31.00000000000000000, -49.79999999999999716, 13.00000000000000178 ) ) ;
#8617 = CARTESIAN_POINT ( 'NONE',  ( -2.500000000000000000, 1.775737858763660240E-15, 14.50000000000000000 ) ) ;
#8618 = CARTESIAN_POINT ( 'NONE',  ( -40.00000000000000000, -23.00000000000000000, -2.299999999999999822 ) ) ;
#8619 = DIRECTION ( 'NONE',  ( 1.000000000000000000, -7.582657553260771229E-15, 0.000000000000000000 ) ) ;
#8620 = AXIS2_PLACEMENT_3D ( 'NONE', #5803, #8465, #7985 ) ;
#8621 = LINE ( 'NONE', #7746, #5572 ) ;
#8622 = CIRCLE ( 'NONE', #2761, 5.249999999999997335 ) ;
#8623 = EDGE_CURVE ( 'NONE', #2502, #420, #2009, .T. ) ;
#8624 = VECTOR ( 'NONE', #3411, 1000.000000000000000 ) ;
#8625 = VERTEX_POINT ( 'NONE', #5321 ) ;
#8626 = AXIS2_PLACEMENT_3D ( 'NONE', #6497, #6413, #518 ) ;
#8627 = ORIENTED_EDGE ( 'NONE', *, *, #3522, .F. ) ;
#8628 = AXIS2_PLACEMENT_3D ( 'NONE', #1483, #123, #8113 ) ;
#8629 = CARTESIAN_POINT ( 'NONE',  ( -74.44893142822299126, -53.00000000000000000, 8.900000000000000355 ) ) ;
#8630 = DIRECTION ( 'NONE',  ( 0.000000000000000000, 1.000000000000000000, 0.000000000000000000 ) ) ;
#8631 = ORIENTED_EDGE ( 'NONE', *, *, #1884, .T. ) ;
#8632 = DIRECTION ( 'NONE',  ( 0.000000000000000000, -1.000000000000000000, 0.000000000000000000 ) ) ;
#8633 = CYLINDRICAL_SURFACE ( 'NONE', #3754, 1.589999999999434532 ) ;
#8634 = ADVANCED_FACE ( 'NONE', ( #1927 ), #654, .T. ) ;
#8635 = VECTOR ( 'NONE', #1419, 1000.000000000000000 ) ;
#8636 = PERSON_AND_ORGANIZATION ( #7538, #6794 ) ;
#8637 = VECTOR ( 'NONE', #1267, 1000.000000000000000 ) ;
#8638 = AXIS2_PLACEMENT_3D ( 'NONE', #3924, #5137, #5224 ) ;
#8639 = EDGE_LOOP ( 'NONE', ( #3680, #3642, #2302, #5231, #7516, #1554 ) ) ;
#8640 = VERTEX_POINT ( 'NONE', #5934 ) ;
#8641 = VECTOR ( 'NONE', #3771, 1000.000000000000000 ) ;
#8642 = CIRCLE ( 'NONE', #2724, 5.000000000000004441 ) ;
#8643 = NEXT_ASSEMBLY_USAGE_OCCURRENCE ( 'NAUO1', ' ', ' ', #4680, #7558, $ ) ;
#8644 = NEXT_ASSEMBLY_USAGE_OCCURRENCE ( 'NAUO2', ' ', ' ', #4680, #7826, $ ) ;
#8645 = NEXT_ASSEMBLY_USAGE_OCCURRENCE ( 'NAUO3', ' ', ' ', #4680, #7826, $ ) ;
ENDSEC;
END-ISO-10303-21;
