ISO-10303-21;
HEADER;
FILE_DESCRIPTION (( 'STEP AP203' ),
    '1' );
FILE_NAME ('left_finger_1.STEP',
    '2026-03-24T05:43:15',
    ( '' ),
    ( '' ),
    'SwSTEP 2.0',
    'SolidWorks 2025',
    '' );
FILE_SCHEMA (( 'CONFIG_CONTROL_DESIGN' ));
ENDSEC;

DATA;
#1 = EDGE_CURVE ( 'NONE', #2088, #1461, #1092, .T. ) ;
#2 = ORIENTED_EDGE ( 'NONE', *, *, #1223, .T. ) ;
#3 = VECTOR ( 'NONE', #129, 1000.000000000000000 ) ;
#4 = ORIENTED_EDGE ( 'NONE', *, *, #1893, .T. ) ;
#5 = DIRECTION ( 'NONE',  ( -1.000000000000000000, 0.000000000000000000, 0.000000000000000000 ) ) ;
#6 = CARTESIAN_POINT ( 'NONE',  ( -5.000000000000000000, -6.341463414634150197, -7.926829268292689967 ) ) ;
#7 = VECTOR ( 'NONE', #59, 1000.000000000000000 ) ;
#8 = EDGE_CURVE ( 'NONE', #2517, #1472, #1336, .T. ) ;
#9 = ORIENTED_EDGE ( 'NONE', *, *, #1138, .F. ) ;
#10 = PLANE ( 'NONE',  #1444 ) ;
#11 = DIRECTION ( 'NONE',  ( 0.000000000000000000, 1.000000000000000000, 0.000000000000000000 ) ) ;
#12 = LINE ( 'NONE', #1493, #388 ) ;
#13 = EDGE_CURVE ( 'NONE', #708, #441, #2631, .T. ) ;
#14 = PERSON_AND_ORGANIZATION ( #1001, #603 ) ;
#15 = DIRECTION ( 'NONE',  ( 0.000000000000000000, 0.000000000000000000, 1.000000000000000000 ) ) ;
#16 = EDGE_LOOP ( 'NONE', ( #161, #1686, #842, #322 ) ) ;
#17 = VERTEX_POINT ( 'NONE', #303 ) ;
#18 = CARTESIAN_POINT ( 'NONE',  ( 0.000000000000000000, 1.000000000000000000, 9.000000000000000000 ) ) ;
#19 = CARTESIAN_POINT ( 'NONE',  ( -5.589999999999998082, 18.80000000000000071, -7.500000000000000000 ) ) ;
#20 = ORIENTED_EDGE ( 'NONE', *, *, #149, .T. ) ;
#21 = CARTESIAN_POINT ( 'NONE',  ( 13.70000000000000107, 0.000000000000000000, 10.00000000000000000 ) ) ;
#22 = CARTESIAN_POINT ( 'NONE',  ( -5.589999999999998082, 18.80000000000000071, -7.500000000000000000 ) ) ;
#23 = DIRECTION ( 'NONE',  ( -0.9158123600576256740, 0.000000000000000000, -0.4016064257026793483 ) ) ;
#24 = APPROVAL_DATE_TIME ( #1077, #568 ) ;
#25 = CYLINDRICAL_SURFACE ( 'NONE', #84, 3.299999999999999822 ) ;
#26 = VERTEX_POINT ( 'NONE', #1134 ) ;
#27 = EDGE_LOOP ( 'NONE', ( #2333, #1053, #832, #1417, #2550 ) ) ;
#28 = CARTESIAN_POINT ( 'NONE',  ( 0.000000000000000000, 0.000000000000000000, 10.00000000000000000 ) ) ;
#29 = ORIENTED_EDGE ( 'NONE', *, *, #1807, .F. ) ;
#30 = FACE_OUTER_BOUND ( 'NONE', #1528, .T. ) ;
#31 = DIRECTION ( 'NONE',  ( 0.000000000000000000, 1.000000000000000000, 0.000000000000000000 ) ) ;
#32 = LINE ( 'NONE', #1648, #2262 ) ;
#33 = AXIS2_PLACEMENT_3D ( 'NONE', #1443, #2274, #634 ) ;
#34 = PERSON_AND_ORGANIZATION ( #1001, #603 ) ;
#35 = AXIS2_PLACEMENT_3D ( 'NONE', #1784, #1581, #2415 ) ;
#36 = LOCAL_TIME ( 0, 43, 15.00000000000000000, #567 ) ;
#37 = LOCAL_TIME ( 0, 43, 15.00000000000000000, #724 ) ;
#38 = EDGE_LOOP ( 'NONE', ( #1488, #192, #1894, #1104 ) ) ;
#39 = VECTOR ( 'NONE', #23, 1000.000000000000114 ) ;
#40 = ORIENTED_EDGE ( 'NONE', *, *, #1988, .T. ) ;
#41 = DIRECTION ( 'NONE',  ( 0.000000000000000000, 0.000000000000000000, -1.000000000000000000 ) ) ;
#42 = AXIS2_PLACEMENT_3D ( 'NONE', #1369, #104, #1769 ) ;
#43 = EDGE_CURVE ( 'NONE', #675, #2238, #2504, .T. ) ;
#44 = CIRCLE ( 'NONE', #177, 3.299999999999999822 ) ;
#45 = VERTEX_POINT ( 'NONE', #931 ) ;
#46 = DIRECTION ( 'NONE',  ( 0.000000000000000000, 0.000000000000000000, 1.000000000000000000 ) ) ;
#47 = DIRECTION ( 'NONE',  ( 1.000000000000000000, 0.000000000000000000, 0.000000000000000000 ) ) ;
#48 = AXIS2_PLACEMENT_3D ( 'NONE', #28, #858, #2532 ) ;
#49 = DIRECTION ( 'NONE',  ( 0.000000000000000000, 1.000000000000000000, 2.362176648138629724E-17 ) ) ;
#50 = CIRCLE ( 'NONE', #1434, 7.349999999999999645 ) ;
#51 = EDGE_CURVE ( 'NONE', #1429, #908, #2213, .T. ) ;
#52 = APPLICATION_PROTOCOL_DEFINITION ( 'international standard', 'config_control_design', 1994, #1006 ) ;
#53 = ORIENTED_EDGE ( 'NONE', *, *, #1711, .F. ) ;
#54 = ORIENTED_EDGE ( 'NONE', *, *, #2425, .F. ) ;
#55 = DIRECTION ( 'NONE',  ( 0.000000000000000000, 0.000000000000000000, 1.000000000000000000 ) ) ;
#56 = EDGE_CURVE ( 'NONE', #1567, #1608, #1557, .T. ) ;
#57 = EDGE_CURVE ( 'NONE', #1429, #450, #316, .T. ) ;
#58 = EDGE_LOOP ( 'NONE', ( #1973, #266, #89, #1513 ) ) ;
#59 = DIRECTION ( 'NONE',  ( 0.000000000000000000, 1.000000000000000000, 0.000000000000000000 ) ) ;
#60 = DIRECTION ( 'NONE',  ( 1.000000000000000000, 0.000000000000000000, 0.000000000000000000 ) ) ;
#61 = ADVANCED_FACE ( 'NONE', ( #819 ), #2452, .F. ) ;
#62 = DIRECTION ( 'NONE',  ( 1.000000000000000000, 0.000000000000000000, 0.000000000000000000 ) ) ;
#63 =( REPRESENTATION_RELATIONSHIP ('NONE','NONE', #1068, #1737 ) REPRESENTATION_RELATIONSHIP_WITH_TRANSFORMATION ( #1665 )SHAPE_REPRESENTATION_RELATIONSHIP( ) );
#64 = COORDINATED_UNIVERSAL_TIME_OFFSET ( 6, 0, .BEHIND. ) ;
#65 = CARTESIAN_POINT ( 'NONE',  ( -19.19999999999999574, 5.809999999999999609, 2.458500000000000352 ) ) ;
#66 = VERTEX_POINT ( 'NONE', #1419 ) ;
#67 = ORIENTED_EDGE ( 'NONE', *, *, #587, .T. ) ;
#68 = VERTEX_POINT ( 'NONE', #2253 ) ;
#69 = PLANE ( 'NONE',  #524 ) ;
#70 = ADVANCED_FACE ( 'NONE', ( #1632 ), #2243, .F. ) ;
#71 = FACE_OUTER_BOUND ( 'NONE', #223, .T. ) ;
#72 = LINE ( 'NONE', #1768, #1908 ) ;
#73 = CARTESIAN_POINT ( 'NONE',  ( 13.70000000000000107, 1.000000000000000000, 10.00000000000000000 ) ) ;
#74 = PERSON_AND_ORGANIZATION_ROLE ( 'classification_officer' ) ;
#75 = CARTESIAN_POINT ( 'NONE',  ( -19.19999999999999574, -6.200000000000003730, 0.000000000000000000 ) ) ;
#76 = ORIENTED_EDGE ( 'NONE', *, *, #1931, .T. ) ;
#77 = VECTOR ( 'NONE', #148, 1000.000000000000000 ) ;
#78 = EDGE_CURVE ( 'NONE', #856, #1991, #999, .T. ) ;
#79 = ORIENTED_EDGE ( 'NONE', *, *, #1592, .T. ) ;
#80 = APPROVAL_PERSON_ORGANIZATION ( #2160, #2510, #1770 ) ;
#81 = CC_DESIGN_PERSON_AND_ORGANIZATION_ASSIGNMENT ( #446, #227, ( #489 ) ) ;
#82 = ORIENTED_EDGE ( 'NONE', *, *, #839, .F. ) ;
#83 = CARTESIAN_POINT ( 'NONE',  ( -19.19999999999999574, 5.268499999999998629, 0.000000000000000000 ) ) ;
#84 = AXIS2_PLACEMENT_3D ( 'NONE', #1266, #15, #391 ) ;
#85 = EDGE_LOOP ( 'NONE', ( #2629, #1948 ) ) ;
#86 = DIRECTION ( 'NONE',  ( 0.000000000000000000, 1.000000000000000000, 0.000000000000000000 ) ) ;
#87 = EDGE_CURVE ( 'NONE', #1431, #1142, #2697, .T. ) ;
#88 = AXIS2_PLACEMENT_3D ( 'NONE', #1613, #1012, #2451 ) ;
#89 = ORIENTED_EDGE ( 'NONE', *, *, #406, .T. ) ;
#90 = DIRECTION ( 'NONE',  ( 0.000000000000000000, 0.000000000000000000, -1.000000000000000000 ) ) ;
#91 = VECTOR ( 'NONE', #2475, 1000.000000000000000 ) ;
#92 = CARTESIAN_POINT ( 'NONE',  ( 0.000000000000000000, 0.000000000000000000, 0.000000000000000000 ) ) ;
#93 = DATE_TIME_ROLE ( 'creation_date' ) ;
#94 = CIRCLE ( 'NONE', #1707, 2.458500000000000352 ) ;
#95 = DIRECTION ( 'NONE',  ( 1.000000000000000000, 0.000000000000000000, 0.000000000000000000 ) ) ;
#96 = ORIENTED_EDGE ( 'NONE', *, *, #8, .F. ) ;
#97 = ORIENTED_EDGE ( 'NONE', *, *, #118, .T. ) ;
#98 = ORIENTED_EDGE ( 'NONE', *, *, #2177, .T. ) ;
#99 = DIRECTION ( 'NONE',  ( 0.000000000000000000, 0.000000000000000000, -1.000000000000000000 ) ) ;
#100 = ORIENTED_EDGE ( 'NONE', *, *, #2071, .F. ) ;
#101 = CARTESIAN_POINT ( 'NONE',  ( -4.653382110102993963, -18.80000000000000071, -7.910730166370600891 ) ) ;
#102 = CARTESIAN_POINT ( 'NONE',  ( 7.349999999999999645, 21.50000000000000000, 0.000000000000000000 ) ) ;
#103 = DIRECTION ( 'NONE',  ( 0.000000000000000000, 1.000000000000000000, 0.000000000000000000 ) ) ;
#104 = DIRECTION ( 'NONE',  ( 0.000000000000000000, 0.000000000000000000, 1.000000000000000000 ) ) ;
#105 = DATE_TIME_ROLE ( 'classification_date' ) ;
#106 = VECTOR ( 'NONE', #534, 1000.000000000000000 ) ;
#107 = ADVANCED_FACE ( 'NONE', ( #2493 ), #2058, .F. ) ;
#108 = CARTESIAN_POINT ( 'NONE',  ( 0.000000000000000000, 0.000000000000000000, 10.00000000000000000 ) ) ;
#109 = ORIENTED_EDGE ( 'NONE', *, *, #2425, .T. ) ;
#110 = ORIENTED_EDGE ( 'NONE', *, *, #870, .T. ) ;
#111 = CARTESIAN_POINT ( 'NONE',  ( 7.349999999999999645, 7.500000000000000000, 3.500000000000000000 ) ) ;
#112 = EDGE_LOOP ( 'NONE', ( #813, #509, #4 ) ) ;
#113 = CARTESIAN_POINT ( 'NONE',  ( 0.000000000000000000, 1.000000000000000000, 10.00000000000000000 ) ) ;
#114 = EDGE_LOOP ( 'NONE', ( #2446, #1070, #487, #2209 ) ) ;
#115 = DIRECTION ( 'NONE',  ( 0.9769698805680879783, 0.000000000000000000, 0.2133772538551751141 ) ) ;
#116 = PLANE ( 'NONE',  #251 ) ;
#117 = COORDINATED_UNIVERSAL_TIME_OFFSET ( 6, 0, .BEHIND. ) ;
#118 = EDGE_CURVE ( 'NONE', #2093, #1225, #1643, .T. ) ;
#119 = LINE ( 'NONE', #2015, #644 ) ;
#120 = VERTEX_POINT ( 'NONE', #618 ) ;
#121 = VECTOR ( 'NONE', #2340, 1000.000000000000000 ) ;
#122 = ORIENTED_EDGE ( 'NONE', *, *, #459, .F. ) ;
#123 = LINE ( 'NONE', #2611, #1133 ) ;
#124 = ORIENTED_EDGE ( 'NONE', *, *, #406, .F. ) ;
#125 = LINE ( 'NONE', #1754, #1744 ) ;
#126 = LOCAL_TIME ( 0, 43, 15.00000000000000000, #64 ) ;
#127 = VECTOR ( 'NONE', #1670, 1000.000000000000000 ) ;
#128 = ORIENTED_EDGE ( 'NONE', *, *, #1129, .T. ) ;
#129 = DIRECTION ( 'NONE',  ( 0.000000000000000000, 1.000000000000000000, 0.000000000000000000 ) ) ;
#130 = DIRECTION ( 'NONE',  ( 0.000000000000000000, 0.000000000000000000, 1.000000000000000000 ) ) ;
#131 = AXIS2_PLACEMENT_3D ( 'NONE', #995, #1418, #2643 ) ;
#132 = PERSON_AND_ORGANIZATION ( #1001, #603 ) ;
#133 = FACE_OUTER_BOUND ( 'NONE', #705, .T. ) ;
#134 = AXIS2_PLACEMENT_3D ( 'NONE', #1189, #963, #1796 ) ;
#135 = VECTOR ( 'NONE', #2127, 1000.000000000000000 ) ;
#136 = DIRECTION ( 'NONE',  ( 0.000000000000000000, 1.000000000000000000, 0.000000000000000000 ) ) ;
#137 = ORIENTED_EDGE ( 'NONE', *, *, #87, .F. ) ;
#138 = CARTESIAN_POINT ( 'NONE',  ( 7.349999999999999645, 14.50000000000000000, 10.00000000000000000 ) ) ;
#139 = ORIENTED_EDGE ( 'NONE', *, *, #2634, .T. ) ;
#140 = CARTESIAN_POINT ( 'NONE',  ( 13.70000000000000107, 28.00000000000000000, 10.00000000000000000 ) ) ;
#141 = EDGE_CURVE ( 'NONE', #1305, #1346, #2270, .T. ) ;
#142 = EDGE_LOOP ( 'NONE', ( #2044, #2296, #1406, #124 ) ) ;
#143 = DIRECTION ( 'NONE',  ( 0.000000000000000000, 0.000000000000000000, 1.000000000000000000 ) ) ;
#144 = LINE ( 'NONE', #2380, #1658 ) ;
#145 = EDGE_CURVE ( 'NONE', #164, #1072, #381, .T. ) ;
#146 = APPROVAL_DATE_TIME ( #2027, #1215 ) ;
#147 = CARTESIAN_POINT ( 'NONE',  ( 1.850000000000000089, 21.50000000000000000, 3.500000000000000000 ) ) ;
#148 = DIRECTION ( 'NONE',  ( 0.000000000000000000, -1.000000000000000000, 0.000000000000000000 ) ) ;
#149 = EDGE_CURVE ( 'NONE', #310, #956, #1836, .T. ) ;
#150 = ORIENTED_EDGE ( 'NONE', *, *, #2264, .F. ) ;
#151 = ORIENTED_EDGE ( 'NONE', *, *, #930, .T. ) ;
#152 = PLANE ( 'NONE',  #1575 ) ;
#153 = ORIENTED_EDGE ( 'NONE', *, *, #2277, .F. ) ;
#154 = CARTESIAN_POINT ( 'NONE',  ( 7.349999999999999645, 21.50000000000000000, 3.500000000000000000 ) ) ;
#155 = DIRECTION ( 'NONE',  ( 1.000000000000000000, 0.000000000000000000, 0.000000000000000000 ) ) ;
#156 = DIRECTION ( 'NONE',  ( 0.000000000000000000, 0.000000000000000000, 1.000000000000000000 ) ) ;
#157 = PLANE ( 'NONE',  #386 ) ;
#158 = CALENDAR_DATE ( 2026, 24, 3 ) ;
#159 = CARTESIAN_POINT ( 'NONE',  ( 12.84999999999999964, 21.50000000000000000, 12.00000000000000000 ) ) ;
#160 = ADVANCED_FACE ( 'NONE', ( #1397 ), #562, .F. ) ;
#161 = ORIENTED_EDGE ( 'NONE', *, *, #1703, .F. ) ;
#162 = ADVANCED_FACE ( 'NONE', ( #1600 ), #2434, .T. ) ;
#163 = DIRECTION ( 'NONE',  ( 0.000000000000000000, 1.000000000000000000, 0.000000000000000000 ) ) ;
#164 = VERTEX_POINT ( 'NONE', #1196 ) ;
#165 = CARTESIAN_POINT ( 'NONE',  ( -40.05857864375998645, -6.200000000000003730, 7.500000000000000000 ) ) ;
#166 = CARTESIAN_POINT ( 'NONE',  ( 0.000000000000000000, 1.000000000000000000, 10.00000000000000000 ) ) ;
#167 = LINE ( 'NONE', #2645, #2225 ) ;
#168 = CC_DESIGN_PERSON_AND_ORGANIZATION_ASSIGNMENT ( #743, #2369, ( #2703 ) ) ;
#169 = PLANE ( 'NONE',  #2092 ) ;
#170 =( GEOMETRIC_REPRESENTATION_CONTEXT ( 3 ) GLOBAL_UNCERTAINTY_ASSIGNED_CONTEXT ( ( #1901 ) ) GLOBAL_UNIT_ASSIGNED_CONTEXT ( ( #2258, #1637, #789 ) ) REPRESENTATION_CONTEXT ( 'NONE', 'WORKASPACE' ) );
#171 = LINE ( 'NONE', #1800, #2530 ) ;
#172 = AXIS2_PLACEMENT_3D ( 'NONE', #1481, #2329, #1456 ) ;
#173 = AXIS2_PLACEMENT_3D ( 'NONE', #2075, #1188, #765 ) ;
#174 = DIRECTION ( 'NONE',  ( 2.444036937190193349E-14, -1.000000000000000000, -3.491481338843133355E-15 ) ) ;
#175 = ADVANCED_FACE ( 'NONE', ( #2685 ), #356, .T. ) ;
#176 = EDGE_CURVE ( 'NONE', #1121, #1238, #1293, .T. ) ;
#177 = AXIS2_PLACEMENT_3D ( 'NONE', #2118, #1914, #47 ) ;
#178 = AXIS2_PLACEMENT_3D ( 'NONE', #2115, #410, #2089 ) ;
#179 = ORIENTED_EDGE ( 'NONE', *, *, #938, .F. ) ;
#180 = CIRCLE ( 'NONE', #1749, 1.589999999999735847 ) ;
#181 = EDGE_LOOP ( 'NONE', ( #1950, #1978, #461, #1183 ) ) ;
#182 = ORIENTED_EDGE ( 'NONE', *, *, #1877, .T. ) ;
#183 = DIRECTION ( 'NONE',  ( 0.000000000000000000, 0.000000000000000000, 1.000000000000000000 ) ) ;
#184 = DIRECTION ( 'NONE',  ( -1.000000000000000000, 0.000000000000000000, 0.000000000000000000 ) ) ;
#185 = DIRECTION ( 'NONE',  ( 0.000000000000000000, -1.000000000000000000, 0.000000000000000000 ) ) ;
#186 = DIRECTION ( 'NONE',  ( 1.000000000000000000, 0.000000000000000000, 0.000000000000000000 ) ) ;
#187 = PERSON_AND_ORGANIZATION ( #1001, #603 ) ;
#188 = CARTESIAN_POINT ( 'NONE',  ( 14.69999999999999929, 0.000000000000000000, 9.000000000000000000 ) ) ;
#189 = EDGE_CURVE ( 'NONE', #1682, #422, #797, .T. ) ;
#190 = CARTESIAN_POINT ( 'NONE',  ( -10.99999999999999645, 5.809999999999999609, 7.500000000000000000 ) ) ;
#191 = ORIENTED_EDGE ( 'NONE', *, *, #2527, .F. ) ;
#192 = ORIENTED_EDGE ( 'NONE', *, *, #725, .F. ) ;
#193 = DIRECTION ( 'NONE',  ( 0.000000000000000000, 0.000000000000000000, 1.000000000000000000 ) ) ;
#194 = LINE ( 'NONE', #484, #247 ) ;
#195 = CARTESIAN_POINT ( 'NONE',  ( 7.349999999999999645, 7.500000000000000000, 12.00000000000000000 ) ) ;
#196 = LINE ( 'NONE', #632, #218 ) ;
#197 = CARTESIAN_POINT ( 'NONE',  ( 14.69999999999999929, 7.500000000000000888, 10.00000000000000000 ) ) ;
#198 = CARTESIAN_POINT ( 'NONE',  ( 14.69999999999999929, 1.000000000000000000, 9.000000000000000000 ) ) ;
#199 = DIRECTION ( 'NONE',  ( -0.9158123600576256740, 0.000000000000000000, 0.4016064257026793483 ) ) ;
#200 = LINE ( 'NONE', #611, #2483 ) ;
#201 = ADVANCED_FACE ( 'NONE', ( #1848 ), #2474, .F. ) ;
#202 = ORIENTED_EDGE ( 'NONE', *, *, #467, .F. ) ;
#203 = ORIENTED_EDGE ( 'NONE', *, *, #1022, .T. ) ;
#204 = DIRECTION ( 'NONE',  ( 0.000000000000000000, 1.000000000000000000, 0.000000000000000000 ) ) ;
#205 = CARTESIAN_POINT ( 'NONE',  ( -33.19999999999999574, -6.200000000000003730, 0.000000000000000000 ) ) ;
#206 = ADVANCED_FACE ( 'NONE', ( #1740 ), #1277, .T. ) ;
#207 = CARTESIAN_POINT ( 'NONE',  ( -33.19999999999999574, 5.809999999999999609, 0.000000000000000000 ) ) ;
#208 = DIRECTION ( 'NONE',  ( -0.4016064257026794038, 0.000000000000000000, 0.9158123600576257850 ) ) ;
#209 = CARTESIAN_POINT ( 'NONE',  ( 1.000000000000000000, 28.00000000000000000, 10.00000000000000000 ) ) ;
#210 = AXIS2_PLACEMENT_3D ( 'NONE', #75, #471, #1372 ) ;
#211 = LINE ( 'NONE', #188, #1212 ) ;
#212 = CC_DESIGN_APPROVAL ( #1215, ( #2705 ) ) ;
#213 = LOCAL_TIME ( 0, 43, 15.00000000000000000, #289 ) ;
#214 = FACE_OUTER_BOUND ( 'NONE', #1773, .T. ) ;
#215 = DIRECTION ( 'NONE',  ( -1.000000000000000000, 0.000000000000000000, 0.000000000000000000 ) ) ;
#216 = VECTOR ( 'NONE', #2188, 1000.000000000000000 ) ;
#217 = ORIENTED_EDGE ( 'NONE', *, *, #43, .F. ) ;
#218 = VECTOR ( 'NONE', #848, 1000.000000000000114 ) ;
#219 = ORIENTED_EDGE ( 'NONE', *, *, #1940, .F. ) ;
#220 = DIRECTION ( 'NONE',  ( 1.000000000000000000, 0.000000000000000000, 0.000000000000000000 ) ) ;
#221 = DIRECTION ( 'NONE',  ( 0.000000000000000000, 0.000000000000000000, -1.000000000000000000 ) ) ;
#222 = VECTOR ( 'NONE', #1554, 1000.000000000000000 ) ;
#223 = EDGE_LOOP ( 'NONE', ( #122, #1291, #2607, #2361 ) ) ;
#224 = CARTESIAN_POINT ( 'NONE',  ( 9.591093483101499118, 14.50000000000000000, 10.00000000000000000 ) ) ;
#225 = CARTESIAN_POINT ( 'NONE',  ( -19.19999999999999574, 5.268499999999998629, -2.458500000000000352 ) ) ;
#226 = FACE_OUTER_BOUND ( 'NONE', #2113, .T. ) ;
#227 = PERSON_AND_ORGANIZATION_ROLE ( 'design_owner' ) ;
#228 = LINE ( 'NONE', #404, #780 ) ;
#229 = ORIENTED_EDGE ( 'NONE', *, *, #445, .F. ) ;
#230 = VERTEX_POINT ( 'NONE', #190 ) ;
#231 = PLANE ( 'NONE',  #2133 ) ;
#232 = AXIS2_PLACEMENT_3D ( 'NONE', #2644, #1013, #1615 ) ;
#233 = ORIENTED_EDGE ( 'NONE', *, *, #13, .T. ) ;
#234 = FACE_OUTER_BOUND ( 'NONE', #1351, .T. ) ;
#235 = LINE ( 'NONE', #1055, #2313 ) ;
#236 = DIRECTION ( 'NONE',  ( 0.000000000000000000, -1.000000000000000000, 0.000000000000000000 ) ) ;
#237 = PERSON_AND_ORGANIZATION ( #1001, #603 ) ;
#238 = ADVANCED_FACE ( 'NONE', ( #1045 ), #1018, .F. ) ;
#239 = ORIENTED_EDGE ( 'NONE', *, *, #1441, .T. ) ;
#240 = ORIENTED_EDGE ( 'NONE', *, *, #2151, .F. ) ;
#241 = LINE ( 'NONE', #833, #1220 ) ;
#242 = EDGE_CURVE ( 'NONE', #1461, #2420, #2499, .T. ) ;
#243 = EDGE_LOOP ( 'NONE', ( #2196, #1394, #1551, #488 ) ) ;
#244 = CARTESIAN_POINT ( 'NONE',  ( -5.000000000000000000, 0.000000000000000000, 0.000000000000000000 ) ) ;
#245 = DIRECTION ( 'NONE',  ( 0.000000000000000000, 1.000000000000000000, 0.000000000000000000 ) ) ;
#246 = DIRECTION ( 'NONE',  ( 0.000000000000000000, -1.000000000000000000, 0.000000000000000000 ) ) ;
#247 = VECTOR ( 'NONE', #818, 1000.000000000000000 ) ;
#248 = LOCAL_TIME ( 0, 43, 15.00000000000000000, #1590 ) ;
#249 = EDGE_CURVE ( 'NONE', #120, #627, #2128, .T. ) ;
#250 = ADVANCED_FACE ( 'NONE', ( #418 ), #25, .F. ) ;
#251 = AXIS2_PLACEMENT_3D ( 'NONE', #581, #1453, #808 ) ;
#252 = ORIENTED_EDGE ( 'NONE', *, *, #2693, .T. ) ;
#253 = VECTOR ( 'NONE', #744, 1000.000000000000000 ) ;
#254 = ORIENTED_EDGE ( 'NONE', *, *, #1207, .F. ) ;
#255 = CARTESIAN_POINT ( 'NONE',  ( 7.349999999999999645, 21.50000000000000000, 10.00000000000000000 ) ) ;
#256 = VECTOR ( 'NONE', #1352, 999.9999999999998863 ) ;
#257 = AXIS2_PLACEMENT_3D ( 'NONE', #1177, #1197, #2011 ) ;
#258 = VERTEX_POINT ( 'NONE', #2484 ) ;
#259 = DIRECTION ( 'NONE',  ( 0.000000000000000000, 0.000000000000000000, -1.000000000000000000 ) ) ;
#260 = DIRECTION ( 'NONE',  ( 0.000000000000000000, 1.000000000000000000, 0.000000000000000000 ) ) ;
#261 = AXIS2_PLACEMENT_3D ( 'NONE', #2064, #1899, #2254 ) ;
#262 = LINE ( 'NONE', #1558, #1604 ) ;
#263 = PERSON_AND_ORGANIZATION ( #1001, #603 ) ;
#264 = FACE_OUTER_BOUND ( 'NONE', #1331, .T. ) ;
#265 = EDGE_CURVE ( 'NONE', #1755, #68, #2134, .T. ) ;
#266 = ORIENTED_EDGE ( 'NONE', *, *, #1273, .T. ) ;
#267 = ORIENTED_EDGE ( 'NONE', *, *, #1936, .F. ) ;
#268 = ORIENTED_EDGE ( 'NONE', *, *, #573, .T. ) ;
#269 = DIRECTION ( 'NONE',  ( -0.7071067811865431318, 0.000000000000000000, -0.7071067811865520136 ) ) ;
#270 = CARTESIAN_POINT ( 'NONE',  ( -10.99999999999999645, 18.80000000000000071, -7.500000000000000000 ) ) ;
#271 = LINE ( 'NONE', #521, #949 ) ;
#272 = FACE_OUTER_BOUND ( 'NONE', #1856, .T. ) ;
#273 = PERSON_AND_ORGANIZATION_ROLE ( 'creator' ) ;
#274 = ADVANCED_FACE ( 'NONE', ( #272 ), #2100, .F. ) ;
#275 = EDGE_CURVE ( 'NONE', #666, #956, #228, .T. ) ;
#276 = DIRECTION ( 'NONE',  ( 0.000000000000000000, 0.000000000000000000, -1.000000000000000000 ) ) ;
#277 = ORIENTED_EDGE ( 'NONE', *, *, #1172, .F. ) ;
#278 = MANIFOLD_SOLID_BREP ( 'NONE', #801 ) ;
#279 = EDGE_LOOP ( 'NONE', ( #962, #831, #1831, #203 ) ) ;
#280 = EDGE_CURVE ( 'NONE', #1238, #1315, #1100, .T. ) ;
#281 = ORIENTED_EDGE ( 'NONE', *, *, #1494, .F. ) ;
#282 = FACE_OUTER_BOUND ( 'NONE', #520, .T. ) ;
#283 = ORIENTED_EDGE ( 'NONE', *, *, #1748, .F. ) ;
#284 = DIRECTION ( 'NONE',  ( 0.000000000000000000, 0.000000000000000000, 1.000000000000000000 ) ) ;
#285 = ADVANCED_FACE ( 'NONE', ( #829, #1058, #1891 ), #651, .T. ) ;
#286 = EDGE_LOOP ( 'NONE', ( #1692, #229, #240, #2323, #409, #1174 ) ) ;
#287 = CARTESIAN_POINT ( 'NONE',  ( 4.049999999999999822, 21.50000000000000000, 0.000000000000000000 ) ) ;
#288 = FACE_OUTER_BOUND ( 'NONE', #2046, .T. ) ;
#289 = COORDINATED_UNIVERSAL_TIME_OFFSET ( 6, 0, .BEHIND. ) ;
#290 = LINE ( 'NONE', #1565, #77 ) ;
#291 = VERTEX_POINT ( 'NONE', #2321 ) ;
#292 = CIRCLE ( 'NONE', #1164, 3.000000000000000000 ) ;
#293 = EDGE_LOOP ( 'NONE', ( #1937, #268, #2581, #2166 ) ) ;
#294 = AXIS2_PLACEMENT_3D ( 'NONE', #1853, #771, #802 ) ;
#295 = ORIENTED_EDGE ( 'NONE', *, *, #242, .F. ) ;
#296 = PLANE ( 'NONE',  #1007 ) ;
#297 = VECTOR ( 'NONE', #163, 1000.000000000000000 ) ;
#298 = CIRCLE ( 'NONE', #341, 2.458500000000000352 ) ;
#299 = ORIENTED_EDGE ( 'NONE', *, *, #2496, .F. ) ;
#300 = DIRECTION ( 'NONE',  ( 0.000000000000000000, 1.000000000000000000, 0.000000000000000000 ) ) ;
#301 = VECTOR ( 'NONE', #31, 1000.000000000000000 ) ;
#302 = EDGE_CURVE ( 'NONE', #450, #835, #1458, .T. ) ;
#303 = CARTESIAN_POINT ( 'NONE',  ( 1.850000000000000089, 21.50000000000000000, 12.00000000000000000 ) ) ;
#304 = CYLINDRICAL_SURFACE ( 'NONE', #2122, 3.299999999999999822 ) ;
#305 = AXIS2_PLACEMENT_3D ( 'NONE', #1258, #2494, #1214 ) ;
#306 = CARTESIAN_POINT ( 'NONE',  ( -33.19999999999999574, 5.268499999999998629, 0.000000000000000000 ) ) ;
#307 = PERSON_AND_ORGANIZATION ( #1001, #603 ) ;
#308 = AXIS2_PLACEMENT_3D ( 'NONE', #1371, #1163, #2468 ) ;
#309 = CARTESIAN_POINT ( 'NONE',  ( -3.099999999999991651, 18.79999999999999716, -8.250000000000271783 ) ) ;
#310 = VERTEX_POINT ( 'NONE', #434 ) ;
#311 = ORIENTED_EDGE ( 'NONE', *, *, #1094, .F. ) ;
#312 = DIRECTION ( 'NONE',  ( 1.000000000000000000, 0.000000000000000000, 0.000000000000000000 ) ) ;
#313 = ORIENTED_EDGE ( 'NONE', *, *, #1047, .F. ) ;
#314 = PLANE ( 'NONE',  #390 ) ;
#315 = CC_DESIGN_PERSON_AND_ORGANIZATION_ASSIGNMENT ( #469, #273, ( #764 ) ) ;
#316 = LINE ( 'NONE', #1981, #106 ) ;
#317 = DIRECTION ( 'NONE',  ( 1.000000000000000000, 0.000000000000000000, 0.000000000000000000 ) ) ;
#318 = FACE_OUTER_BOUND ( 'NONE', #286, .T. ) ;
#319 = DATE_AND_TIME ( #1579, #2348 ) ;
#320 = CARTESIAN_POINT ( 'NONE',  ( 19.69999999999999929, -1.592040838891559884E-15, -13.00000000000000000 ) ) ;
#321 = ORIENTED_EDGE ( 'NONE', *, *, #898, .F. ) ;
#322 = ORIENTED_EDGE ( 'NONE', *, *, #302, .T. ) ;
#323 = DIRECTION ( 'NONE',  ( 0.000000000000000000, 0.000000000000000000, 1.000000000000000000 ) ) ;
#324 = ORIENTED_EDGE ( 'NONE', *, *, #1640, .F. ) ;
#325 = CARTESIAN_POINT ( 'NONE',  ( 4.049999999999999822, 7.500000000000000000, 0.000000000000000000 ) ) ;
#326 = VERTEX_POINT ( 'NONE', #2083 ) ;
#327 = DIRECTION ( 'NONE',  ( 0.000000000000000000, -1.000000000000000000, 0.000000000000000000 ) ) ;
#328 = CARTESIAN_POINT ( 'NONE',  ( -10.99999999999999645, -6.200000000000003730, 7.500000000000000000 ) ) ;
#329 = APPROVAL_STATUS ( 'not_yet_approved' ) ;
#330 = LINE ( 'NONE', #2236, #1221 ) ;
#331 = DIRECTION ( 'NONE',  ( 0.9158123600576256740, 0.000000000000000000, -0.4016064257026793483 ) ) ;
#332 =( REPRESENTATION_RELATIONSHIP ('NONE','NONE', #1068, #2457 ) REPRESENTATION_RELATIONSHIP_WITH_TRANSFORMATION ( #785 )SHAPE_REPRESENTATION_RELATIONSHIP( ) );
#333 = EDGE_CURVE ( 'NONE', #1730, #1498, #1651, .T. ) ;
#334 = ORIENTED_EDGE ( 'NONE', *, *, #1506, .F. ) ;
#335 = FACE_OUTER_BOUND ( 'NONE', #424, .T. ) ;
#336 = EDGE_CURVE ( 'NONE', #2543, #2553, #200, .T. ) ;
#337 = VERTEX_POINT ( 'NONE', #2068 ) ;
#338 = LINE ( 'NONE', #816, #1873 ) ;
#339 = AXIS2_PLACEMENT_3D ( 'NONE', #2275, #1445, #1624 ) ;
#340 = CC_DESIGN_APPROVAL ( #2106, ( #1116 ) ) ;
#341 = AXIS2_PLACEMENT_3D ( 'NONE', #1955, #977, #1536 ) ;
#342 = VERTEX_POINT ( 'NONE', #2514 ) ;
#343 = FACE_OUTER_BOUND ( 'NONE', #1317, .T. ) ;
#344 = DIRECTION ( 'NONE',  ( 0.000000000000000000, 0.000000000000000000, -1.000000000000000000 ) ) ;
#345 = VECTOR ( 'NONE', #2655, 1000.000000000000000 ) ;
#346 = CALENDAR_DATE ( 2026, 24, 3 ) ;
#347 = FACE_OUTER_BOUND ( 'NONE', #577, .T. ) ;
#348 = CIRCLE ( 'NONE', #2003, 3.000000000000000000 ) ;
#349 = CIRCLE ( 'NONE', #2226, 3.000000000000000000 ) ;
#350 = DIRECTION ( 'NONE',  ( 0.000000000000000000, 1.000000000000000000, 0.000000000000000000 ) ) ;
#351 = EDGE_CURVE ( 'NONE', #2692, #2103, #2290, .T. ) ;
#352 = ORIENTED_EDGE ( 'NONE', *, *, #2120, .F. ) ;
#353 = CARTESIAN_POINT ( 'NONE',  ( 7.349999999999999645, 21.50000000000000000, 12.00000000000000000 ) ) ;
#354 = ORIENTED_EDGE ( 'NONE', *, *, #540, .F. ) ;
#355 = DIRECTION ( 'NONE',  ( 0.000000000000000000, 0.000000000000000000, 1.000000000000000000 ) ) ;
#356 = PLANE ( 'NONE',  #1916 ) ;
#357 = LINE ( 'NONE', #1837, #3 ) ;
#358 = CARTESIAN_POINT ( 'NONE',  ( 7.349999999999999645, 21.50000000000000000, 3.500000000000000000 ) ) ;
#359 = DATE_TIME_ROLE ( 'classification_date' ) ;
#360 = CARTESIAN_POINT ( 'NONE',  ( 13.70000000000000107, 17.79864889533564920, 10.00000000000000000 ) ) ;
#361 = EDGE_CURVE ( 'NONE', #1142, #291, #1881, .T. ) ;
#362 = APPROVAL ( #647, 'UNSPECIFIED' ) ;
#363 = EDGE_CURVE ( 'NONE', #2432, #626, #1521, .T. ) ;
#364 = ORIENTED_EDGE ( 'NONE', *, *, #2541, .F. ) ;
#365 = DIRECTION ( 'NONE',  ( 0.7071067811865475727, 0.000000000000000000, -0.7071067811865475727 ) ) ;
#366 = ORIENTED_EDGE ( 'NONE', *, *, #1610, .F. ) ;
#367 = CARTESIAN_POINT ( 'NONE',  ( 7.349999999999999645, 21.50000000000000000, 12.00000000000000000 ) ) ;
#368 = DIRECTION ( 'NONE',  ( 0.000000000000000000, -0.7071067811865475727, -0.7071067811865475727 ) ) ;
#369 = DIRECTION ( 'NONE',  ( 0.000000000000000000, 1.000000000000000000, 0.000000000000000000 ) ) ;
#370 = DIRECTION ( 'NONE',  ( 0.000000000000000000, 0.000000000000000000, 1.000000000000000000 ) ) ;
#371 = EDGE_CURVE ( 'NONE', #597, #1911, #298, .T. ) ;
#372 = DESIGN_CONTEXT ( 'detailed design', #1033, 'design' ) ;
#373 = DIRECTION ( 'NONE',  ( 0.000000000000000000, -1.000000000000000000, 0.000000000000000000 ) ) ;
#374 = PRODUCT_DEFINITION_SHAPE ( 'NONE', 'NONE',  #1653 ) ;
#375 = CARTESIAN_POINT ( 'NONE',  ( 0.000000000000000000, 0.000000000000000000, 0.000000000000000000 ) ) ;
#376 = EDGE_LOOP ( 'NONE', ( #463, #637 ) ) ;
#377 = ORIENTED_EDGE ( 'NONE', *, *, #1125, .T. ) ;
#378 = VERTEX_POINT ( 'NONE', #328 ) ;
#379 = FACE_OUTER_BOUND ( 'NONE', #2343, .T. ) ;
#380 = AXIS2_PLACEMENT_3D ( 'NONE', #494, #505, #932 ) ;
#381 = LINE ( 'NONE', #1243, #2332 ) ;
#382 = CARTESIAN_POINT ( 'NONE',  ( 7.349999999999999645, 7.500000000000000000, 12.00000000000000000 ) ) ;
#383 = AXIS2_PLACEMENT_3D ( 'NONE', #1669, #174, #622 ) ;
#384 = CARTESIAN_POINT ( 'NONE',  ( 0.000000000000000000, 21.50000000000000000, 10.00000000000000000 ) ) ;
#385 = EDGE_CURVE ( 'NONE', #2140, #291, #495, .T. ) ;
#386 = AXIS2_PLACEMENT_3D ( 'NONE', #2053, #821, #186 ) ;
#387 = CARTESIAN_POINT ( 'NONE',  ( 0.000000000000000000, 29.00000000000000000, 10.00000000000000000 ) ) ;
#388 = VECTOR ( 'NONE', #2299, 1000.000000000000000 ) ;
#389 = AXIS2_PLACEMENT_3D ( 'NONE', #2674, #1216, #2245 ) ;
#390 = AXIS2_PLACEMENT_3D ( 'NONE', #2200, #1132, #1776 ) ;
#391 = DIRECTION ( 'NONE',  ( 1.000000000000000000, 0.000000000000000000, 0.000000000000000000 ) ) ;
#392 = CIRCLE ( 'NONE', #1082, 7.349999999999999645 ) ;
#393 = AXIS2_PLACEMENT_3D ( 'NONE', #1452, #185, #1041 ) ;
#394 = ORIENTED_EDGE ( 'NONE', *, *, #2557, .F. ) ;
#395 = ORIENTED_EDGE ( 'NONE', *, *, #2409, .T. ) ;
#396 = DIRECTION ( 'NONE',  ( 0.000000000000000000, 0.000000000000000000, 1.000000000000000000 ) ) ;
#397 = DIRECTION ( 'NONE',  ( 0.000000000000000000, 1.000000000000000000, 0.000000000000000000 ) ) ;
#398 = DIRECTION ( 'NONE',  ( 0.000000000000000000, 0.000000000000000000, -1.000000000000000000 ) ) ;
#399 = FACE_OUTER_BOUND ( 'NONE', #2667, .T. ) ;
#400 = CC_DESIGN_PERSON_AND_ORGANIZATION_ASSIGNMENT ( #2426, #2593, ( #1653 ) ) ;
#401 = FACE_OUTER_BOUND ( 'NONE', #142, .T. ) ;
#402 = CALENDAR_DATE ( 2026, 24, 3 ) ;
#403 = CARTESIAN_POINT ( 'NONE',  ( 7.349999999999999645, 14.50000000000000000, 10.00000000000000000 ) ) ;
#404 = CARTESIAN_POINT ( 'NONE',  ( -40.05857864375998645, -6.200000000000003730, -7.500000000000000000 ) ) ;
#405 = CLOSED_SHELL ( 'NONE', ( #2037, #2508, #162, #2591, #2356, #623, #1328, #625, #238, #1250, #2651, #1905, #2276, #2111, #1413, #206, #1824, #274, #70, #822, #907, #1628, #1016, #1139, #902, #2017, #1236, #658, #285, #201, #2183, #250, #426, #646, #1520, #1552, #2194, #2327, #160, #1897, #542, #2560, #2393, #554 ) ) ;
#406 = EDGE_CURVE ( 'NONE', #557, #2642, #1970, .T. ) ;
#407 = ORIENTED_EDGE ( 'NONE', *, *, #2365, .T. ) ;
#408 = ORIENTED_EDGE ( 'NONE', *, *, #1187, .F. ) ;
#409 = ORIENTED_EDGE ( 'NONE', *, *, #1496, .F. ) ;
#410 = DIRECTION ( 'NONE',  ( 1.000000000000000000, 0.000000000000000000, 0.000000000000000000 ) ) ;
#411 = CARTESIAN_POINT ( 'NONE',  ( 7.349999999999999645, 21.50000000000000000, 10.00000000000000000 ) ) ;
#412 = DIRECTION ( 'NONE',  ( -1.000000000000000000, 0.000000000000000000, 0.000000000000000000 ) ) ;
#413 = FACE_OUTER_BOUND ( 'NONE', #1534, .T. ) ;
#414 = DIRECTION ( 'NONE',  ( 0.000000000000000000, 0.000000000000000000, 1.000000000000000000 ) ) ;
#415 =( BOUNDED_CURVE ( )  B_SPLINE_CURVE ( 3, ( #2039, #770, #1840, #553 ),
 .UNSPECIFIED., .F., .F. ) 
 B_SPLINE_CURVE_WITH_KNOTS ( ( 4, 4 ),
 ( 3.141592653589795336, 3.926990816987240063 ),
 .UNSPECIFIED. ) 
 CURVE ( )  GEOMETRIC_REPRESENTATION_ITEM ( )  RATIONAL_B_SPLINE_CURVE ( ( 1.000000000000000000, 0.9492530216741910110, 0.9492530216741910110, 1.000000000000000000 ) ) 
 REPRESENTATION_ITEM ( '' )  );
#416 = DIRECTION ( 'NONE',  ( 0.000000000000000000, 1.000000000000000000, 0.000000000000000000 ) ) ;
#417 =( NAMED_UNIT ( * ) PLANE_ANGLE_UNIT ( ) SI_UNIT ( $, .RADIAN. ) );
#418 = FACE_OUTER_BOUND ( 'NONE', #58, .T. ) ;
#419 = ORIENTED_EDGE ( 'NONE', *, *, #539, .T. ) ;
#420 = ORIENTED_EDGE ( 'NONE', *, *, #1115, .T. ) ;
#421 = EDGE_CURVE ( 'NONE', #835, #749, #1578, .T. ) ;
#422 = VERTEX_POINT ( 'NONE', #2159 ) ;
#423 = CARTESIAN_POINT ( 'NONE',  ( -19.19999999999999574, -6.200000000000003730, 3.000000000000000000 ) ) ;
#424 = EDGE_LOOP ( 'NONE', ( #859, #1751, #2407 ) ) ;
#425 = FACE_OUTER_BOUND ( 'NONE', #1907, .T. ) ;
#426 = ADVANCED_FACE ( 'NONE', ( #1996 ), #2216, .F. ) ;
#427 = LINE ( 'NONE', #2109, #1392 ) ;
#428 = CIRCLE ( 'NONE', #773, 7.349999999999999645 ) ;
#429 = CARTESIAN_POINT ( 'NONE',  ( -4.653382110102993963, 18.80000000000000071, -7.910730166370600891 ) ) ;
#430 = ADVANCED_FACE ( 'NONE', ( #1548 ), #965, .T. ) ;
#431 = CC_DESIGN_APPROVAL ( #2510, ( #1517 ) ) ;
#432 = MECHANICAL_CONTEXT ( 'NONE', #1844, 'mechanical' ) ;
#433 = CONICAL_SURFACE ( 'NONE', #690, 3.000000000000000000, 0.7853981633974503884 ) ;
#434 = CARTESIAN_POINT ( 'NONE',  ( -40.20000000000000284, 5.809999999999999609, -7.358578643762700544 ) ) ;
#435 = VECTOR ( 'NONE', #599, 1000.000000000000000 ) ;
#436 = ORIENTED_EDGE ( 'NONE', *, *, #458, .T. ) ;
#437 = AXIS2_PLACEMENT_3D ( 'NONE', #2656, #782, #1356 ) ;
#438 = EDGE_LOOP ( 'NONE', ( #984, #2627, #1531, #2266, #1777, #1362, #1708, #283, #1144, #2030, #1656, #1761, #1595, #324, #2138, #219 ) ) ;
#439 = DIRECTION ( 'NONE',  ( 0.000000000000000000, 1.000000000000000000, 0.000000000000000000 ) ) ;
#440 = VECTOR ( 'NONE', #269, 999.9999999999998863 ) ;
#441 = VERTEX_POINT ( 'NONE', #712 ) ;
#442 = DIRECTION ( 'NONE',  ( 0.000000000000000000, 0.000000000000000000, 1.000000000000000000 ) ) ;
#443 = DIRECTION ( 'NONE',  ( 0.7071067811865475727, -0.7071067811865475727, 1.386669559958809541E-32 ) ) ;
#444 = CARTESIAN_POINT ( 'NONE',  ( -10.99999999999999645, 5.809999999999999609, 7.500000000000000000 ) ) ;
#445 = EDGE_CURVE ( 'NONE', #1498, #666, #144, .T. ) ;
#446 = PERSON_AND_ORGANIZATION ( #1001, #603 ) ;
#447 = DIRECTION ( 'NONE',  ( 0.000000000000000000, 1.000000000000000000, 0.000000000000000000 ) ) ;
#448 = APPLICATION_CONTEXT ( 'configuration controlled 3d designs of mechanical parts and assemblies' ) ;
#449 = EDGE_CURVE ( 'NONE', #2652, #2385, #2042, .T. ) ;
#450 = VERTEX_POINT ( 'NONE', #1797 ) ;
#451 = ORIENTED_EDGE ( 'NONE', *, *, #249, .T. ) ;
#452 = CARTESIAN_POINT ( 'NONE',  ( -10.99999999999999645, 18.80000000000000071, -7.500000000000000000 ) ) ;
#453 = CC_DESIGN_PERSON_AND_ORGANIZATION_ASSIGNMENT ( #702, #74, ( #1517 ) ) ;
#454 = ORIENTED_EDGE ( 'NONE', *, *, #1373, .T. ) ;
#455 = LINE ( 'NONE', #2546, #2404 ) ;
#456 = CARTESIAN_POINT ( 'NONE',  ( -19.19999999999999574, -6.200000000000003730, 3.000000000000000000 ) ) ;
#457 = DIRECTION ( 'NONE',  ( 1.000000000000000000, 0.000000000000000000, 0.000000000000000000 ) ) ;
#458 = EDGE_CURVE ( 'NONE', #2595, #2692, #1338, .T. ) ;
#459 = EDGE_CURVE ( 'NONE', #164, #597, #2368, .T. ) ;
#460 = ORIENTED_EDGE ( 'NONE', *, *, #483, .F. ) ;
#461 = ORIENTED_EDGE ( 'NONE', *, *, #855, .T. ) ;
#462 = DIRECTION ( 'NONE',  ( -8.659560562354929160E-17, -0.7071067811865480168, -0.7071067811865470176 ) ) ;
#463 = ORIENTED_EDGE ( 'NONE', *, *, #1393, .F. ) ;
#464 = DIRECTION ( 'NONE',  ( 0.000000000000000000, -1.000000000000000000, 0.000000000000000000 ) ) ;
#465 = DIRECTION ( 'NONE',  ( 0.7071067811865489050, 0.7071067811865460184, 0.000000000000000000 ) ) ;
#466 = CARTESIAN_POINT ( 'NONE',  ( 7.349999999999999645, 7.500000000000000000, 3.500000000000000000 ) ) ;
#467 = EDGE_CURVE ( 'NONE', #1911, #597, #2442, .T. ) ;
#468 = VECTOR ( 'NONE', #1872, 1000.000000000000000 ) ;
#469 = PERSON_AND_ORGANIZATION ( #1001, #603 ) ;
#470 = LOCAL_TIME ( 0, 43, 15.00000000000000000, #2302 ) ;
#471 = DIRECTION ( 'NONE',  ( 0.000000000000000000, 1.000000000000000000, 0.000000000000000000 ) ) ;
#472 = VECTOR ( 'NONE', #1382, 1000.000000000000000 ) ;
#473 = EDGE_LOOP ( 'NONE', ( #1585, #29 ) ) ;
#474 = ORIENTED_EDGE ( 'NONE', *, *, #2016, .T. ) ;
#475 = CARTESIAN_POINT ( 'NONE',  ( -4.653382110102993963, -18.80000000000000071, -7.910730166370600891 ) ) ;
#476 = AXIS2_PLACEMENT_3D ( 'NONE', #2695, #396, #1631 ) ;
#477 = VERTEX_POINT ( 'NONE', #506 ) ;
#478 = CARTESIAN_POINT ( 'NONE',  ( -33.19999999999999574, 5.809999999999999609, -3.000000000000000000 ) ) ;
#479 = LINE ( 'NONE', #2522, #869 ) ;
#480 = CIRCLE ( 'NONE', #1399, 1.589999999999734959 ) ;
#481 = APPROVAL ( #2147, 'UNSPECIFIED' ) ;
#482 = FACE_OUTER_BOUND ( 'NONE', #2472, .T. ) ;
#483 = EDGE_CURVE ( 'NONE', #1069, #2517, #867, .T. ) ;
#484 = CARTESIAN_POINT ( 'NONE',  ( -3.099999999999991651, -18.80000000000000071, 9.839999999999999858 ) ) ;
#485 = EDGE_LOOP ( 'NONE', ( #716, #110, #882 ) ) ;
#486 = ADVANCED_FACE ( 'NONE', ( #2012 ), #2260, .F. ) ;
#487 = ORIENTED_EDGE ( 'NONE', *, *, #2206, .F. ) ;
#488 = ORIENTED_EDGE ( 'NONE', *, *, #2360, .F. ) ;
#489 = PRODUCT ( 'left_finger_1', 'left_finger_1', '', ( #1483 ) ) ;
#490 = LINE ( 'NONE', #2153, #2319 ) ;
#491 = ORIENTED_EDGE ( 'NONE', *, *, #1538, .F. ) ;
#492 = CARTESIAN_POINT ( 'NONE',  ( -40.20000000000000284, -6.200000000000003730, -7.358578643762700544 ) ) ;
#493 = ORIENTED_EDGE ( 'NONE', *, *, #1263, .T. ) ;
#494 = CARTESIAN_POINT ( 'NONE',  ( -19.19999999999999574, 5.809999999999999609, 0.000000000000000000 ) ) ;
#495 = LINE ( 'NONE', #754, #1298 ) ;
#496 = APPROVAL_ROLE ( '' ) ;
#497 = DIRECTION ( 'NONE',  ( 0.000000000000000000, 0.000000000000000000, 1.000000000000000000 ) ) ;
#498 = EDGE_LOOP ( 'NONE', ( #67, #1895, #97, #575, #1209, #9 ) ) ;
#499 = ORIENTED_EDGE ( 'NONE', *, *, #670, .F. ) ;
#500 = EDGE_LOOP ( 'NONE', ( #454, #1731, #2506, #1814 ) ) ;
#501 = CARTESIAN_POINT ( 'NONE',  ( 19.69999999999999929, -30.00000000000000000, 3.673940397442059967E-15 ) ) ;
#502 = ORIENTED_EDGE ( 'NONE', *, *, #2151, .T. ) ;
#503 = CARTESIAN_POINT ( 'NONE',  ( -10.99999999999999645, -18.80000000000000071, 7.500000000000000000 ) ) ;
#504 = DIRECTION ( 'NONE',  ( 1.000000000000000000, 0.000000000000000000, 0.000000000000000000 ) ) ;
#505 = DIRECTION ( 'NONE',  ( 0.000000000000000000, 1.000000000000000000, 0.000000000000000000 ) ) ;
#506 = CARTESIAN_POINT ( 'NONE',  ( 1.000000000000000000, 11.20135110466434014, 10.00000000000000000 ) ) ;
#507 = CALENDAR_DATE ( 2026, 24, 3 ) ;
#508 = DIRECTION ( 'NONE',  ( -8.659560562354948882E-17, 0.7071067811865460184, 0.7071067811865489050 ) ) ;
#509 = ORIENTED_EDGE ( 'NONE', *, *, #1506, .T. ) ;
#510 = AXIS2_PLACEMENT_3D ( 'NONE', #2481, #1678, #1246 ) ;
#511 = CC_DESIGN_SECURITY_CLASSIFICATION ( #1783, ( #1652 ) ) ;
#512 = APPROVAL_PERSON_ORGANIZATION ( #1265, #362, #2099 ) ;
#513 = VERTEX_POINT ( 'NONE', #2412 ) ;
#514 = CARTESIAN_POINT ( 'NONE',  ( 7.349999999999999645, 21.50000000000000000, 10.00000000000000000 ) ) ;
#515 = AXIS2_PLACEMENT_3D ( 'NONE', #387, #2636, #1636 ) ;
#516 = AXIS2_PLACEMENT_3D ( 'NONE', #723, #130, #2604 ) ;
#517 = ORIENTED_EDGE ( 'NONE', *, *, #351, .T. ) ;
#518 = DIRECTION ( 'NONE',  ( 0.000000000000000000, 0.000000000000000000, -1.000000000000000000 ) ) ;
#519 = VECTOR ( 'NONE', #2613, 1000.000000000000114 ) ;
#520 = EDGE_LOOP ( 'NONE', ( #1961, #729, #1845, #2263 ) ) ;
#521 = CARTESIAN_POINT ( 'NONE',  ( -40.20000000000000284, 5.809999999999999609, 7.358578643762700544 ) ) ;
#522 = CARTESIAN_POINT ( 'NONE',  ( -4.653382110102993963, 18.80000000000000071, 7.910730166370611549 ) ) ;
#523 = APPROVAL_ROLE ( '' ) ;
#524 = AXIS2_PLACEMENT_3D ( 'NONE', #1752, #2326, #464 ) ;
#525 = ADVANCED_FACE ( 'NONE', ( #288 ), #433, .F. ) ;
#526 = CARTESIAN_POINT ( 'NONE',  ( 7.349999999999999645, 7.500000000000000000, 12.00000000000000000 ) ) ;
#527 = VERTEX_POINT ( 'NONE', #536 ) ;
#528 = ADVANCED_FACE ( 'NONE', ( #1357, #2191, #318 ), #116, .T. ) ;
#529 = ORIENTED_EDGE ( 'NONE', *, *, #1629, .T. ) ;
#530 = CARTESIAN_POINT ( 'NONE',  ( 14.40710678118654009, 1.292893218813442102, 9.707106781186551459 ) ) ;
#531 = ORIENTED_EDGE ( 'NONE', *, *, #1021, .F. ) ;
#532 = APPROVAL ( #1647, 'UNSPECIFIED' ) ;
#533 = DIRECTION ( 'NONE',  ( 0.000000000000000000, 0.000000000000000000, 1.000000000000000000 ) ) ;
#534 = DIRECTION ( 'NONE',  ( 0.000000000000000000, 1.000000000000000000, 0.000000000000000000 ) ) ;
#535 = FACE_OUTER_BOUND ( 'NONE', #559, .T. ) ;
#536 = CARTESIAN_POINT ( 'NONE',  ( -10.99999999999999645, 5.809999999999999609, -7.500000000000000000 ) ) ;
#537 = PERSON_AND_ORGANIZATION_ROLE ( 'design_supplier' ) ;
#538 = CARTESIAN_POINT ( 'NONE',  ( 6.110754715355387390, -0.1570024570024531885, 11.15700245700245752 ) ) ;
#539 = EDGE_CURVE ( 'NONE', #66, #1472, #2570, .T. ) ;
#540 = EDGE_CURVE ( 'NONE', #527, #2322, #1850, .T. ) ;
#541 = CARTESIAN_POINT ( 'NONE',  ( -0.2121320343559940369, -18.80000000000000071, -7.500000000000000000 ) ) ;
#542 = ADVANCED_FACE ( 'NONE', ( #604 ), #799, .F. ) ;
#543 = ORIENTED_EDGE ( 'NONE', *, *, #1326, .T. ) ;
#544 = ORIENTED_EDGE ( 'NONE', *, *, #1592, .F. ) ;
#545 = LINE ( 'NONE', #1377, #2052 ) ;
#546 = ORIENTED_EDGE ( 'NONE', *, *, #2577, .F. ) ;
#547 = CARTESIAN_POINT ( 'NONE',  ( -40.20000000000000284, 5.809999999999999609, 7.358578643762700544 ) ) ;
#548 = ORIENTED_EDGE ( 'NONE', *, *, #333, .F. ) ;
#549 =( BOUNDED_CURVE ( )  B_SPLINE_CURVE ( 3, ( #2247, #538, #2028, #1201 ),
 .UNSPECIFIED., .F., .F. ) 
 B_SPLINE_CURVE_WITH_KNOTS ( ( 4, 4 ),
 ( 2.655904124671440325, 3.627281182508145019 ),
 .UNSPECIFIED. ) 
 CURVE ( )  GEOMETRIC_REPRESENTATION_ITEM ( )  RATIONAL_B_SPLINE_CURVE ( ( 1.000000000000000000, 0.9229024943310659701, 0.9229024943310659701, 1.000000000000000000 ) ) 
 REPRESENTATION_ITEM ( '' )  );
#550 = CARTESIAN_POINT ( 'NONE',  ( -19.19999999999999574, 5.809999999999999609, -3.000000000000000000 ) ) ;
#551 = CARTESIAN_POINT ( 'NONE',  ( 19.69999999999999929, 0.000000000000000000, 10.00000000000000000 ) ) ;
#552 = APPROVAL_ROLE ( '' ) ;
#553 = CARTESIAN_POINT ( 'NONE',  ( 14.40710678118654009, 1.292893218813442102, 9.707106781186551459 ) ) ;
#554 = ADVANCED_FACE ( 'NONE', ( #1002 ), #157, .F. ) ;
#555 = DIRECTION ( 'NONE',  ( 0.000000000000000000, -0.7808688094430303872, 0.6246950475544241765 ) ) ;
#556 = AXIS2_PLACEMENT_3D ( 'NONE', #205, #1886, #221 ) ;
#557 = VERTEX_POINT ( 'NONE', #2465 ) ;
#558 = CARTESIAN_POINT ( 'NONE',  ( -40.20000000000000284, 5.809999999999999609, -7.500000000000000000 ) ) ;
#559 = EDGE_LOOP ( 'NONE', ( #2060, #1722, #746, #2566 ) ) ;
#560 = CARTESIAN_POINT ( 'NONE',  ( 7.349999999999999645, 7.500000000000000000, 3.500000000000000000 ) ) ;
#561 = LOCAL_TIME ( 0, 43, 15.00000000000000000, #1383 ) ;
#562 = PLANE ( 'NONE',  #173 ) ;
#563 = FACE_OUTER_BOUND ( 'NONE', #2626, .T. ) ;
#564 = LINE ( 'NONE', #1839, #730 ) ;
#565 = ADVANCED_FACE ( 'NONE', ( #2286 ), #1389, .F. ) ;
#566 = VECTOR ( 'NONE', #533, 1000.000000000000000 ) ;
#567 = COORDINATED_UNIVERSAL_TIME_OFFSET ( 6, 0, .BEHIND. ) ;
#568 = APPROVAL ( #673, 'UNSPECIFIED' ) ;
#569 = CARTESIAN_POINT ( 'NONE',  ( -40.05857864375998645, -18.80000000000000071, 7.500000000000000000 ) ) ;
#570 = AXIS2_PLACEMENT_3D ( 'NONE', #1512, #2141, #1321 ) ;
#571 = VECTOR ( 'NONE', #2521, 1000.000000000000114 ) ;
#572 = DIRECTION ( 'NONE',  ( 0.000000000000000000, 0.000000000000000000, 1.000000000000000000 ) ) ;
#573 = EDGE_CURVE ( 'NONE', #908, #1305, #564, .T. ) ;
#574 = EDGE_LOOP ( 'NONE', ( #364, #2152, #2070, #2154 ) ) ;
#575 = ORIENTED_EDGE ( 'NONE', *, *, #1893, .F. ) ;
#576 = DIRECTION ( 'NONE',  ( 0.000000000000000000, 1.000000000000000000, 0.000000000000000000 ) ) ;
#577 = EDGE_LOOP ( 'NONE', ( #747, #1130, #98, #678, #2597, #2121, #1923, #150 ) ) ;
#578 = DIRECTION ( 'NONE',  ( -0.7071067811865475727, 0.000000000000000000, 0.7071067811865475727 ) ) ;
#579 = DIRECTION ( 'NONE',  ( 0.000000000000000000, -0.7071067811865475727, 0.7071067811865475727 ) ) ;
#580 = DIRECTION ( 'NONE',  ( 0.000000000000000000, 0.000000000000000000, 1.000000000000000000 ) ) ;
#581 = CARTESIAN_POINT ( 'NONE',  ( -40.20000000000000284, -6.200000000000003730, -7.500000000000000000 ) ) ;
#582 = COORDINATED_UNIVERSAL_TIME_OFFSET ( 6, 0, .BEHIND. ) ;
#583 = DIRECTION ( 'NONE',  ( 0.7071067811932956193, -1.776356839383378623E-14, 0.7071067811797995262 ) ) ;
#584 = AXIS2_PLACEMENT_3D ( 'NONE', #102, #739, #944 ) ;
#585 = CARTESIAN_POINT ( 'NONE',  ( 7.349999999999999645, 7.500000000000000000, 12.00000000000000000 ) ) ;
#586 = ORIENTED_EDGE ( 'NONE', *, *, #2478, .T. ) ;
#587 = EDGE_CURVE ( 'NONE', #1315, #871, #2417, .T. ) ;
#588 = EDGE_LOOP ( 'NONE', ( #517, #311, #2150, #394 ) ) ;
#589 = DIRECTION ( 'NONE',  ( 0.000000000000000000, 0.000000000000000000, -1.000000000000000000 ) ) ;
#590 = DIRECTION ( 'NONE',  ( 0.000000000000000000, -0.7071067811865480168, 0.7071067811865470176 ) ) ;
#591 = LINE ( 'NONE', #642, #2098 ) ;
#592 = DIRECTION ( 'NONE',  ( 1.000000000000000000, 0.000000000000000000, 0.000000000000000000 ) ) ;
#593 = DATE_TIME_ROLE ( 'classification_date' ) ;
#594 = DIRECTION ( 'NONE',  ( 1.000000000000000000, 0.000000000000000000, 0.000000000000000000 ) ) ;
#595 = CARTESIAN_POINT ( 'NONE',  ( 7.349999999999999645, 7.500000000000000000, 10.00000000000000000 ) ) ;
#596 = EDGE_CURVE ( 'NONE', #2420, #1011, #1015, .T. ) ;
#597 = VERTEX_POINT ( 'NONE', #1634 ) ;
#598 = ORIENTED_EDGE ( 'NONE', *, *, #1533, .F. ) ;
#599 = DIRECTION ( 'NONE',  ( 0.000000000000000000, 1.000000000000000000, 0.000000000000000000 ) ) ;
#600 = CIRCLE ( 'NONE', #1516, 3.299999999999999822 ) ;
#601 = CARTESIAN_POINT ( 'NONE',  ( 7.349999999999999645, 7.500000000000000000, 2.200000000000000178 ) ) ;
#602 = CARTESIAN_POINT ( 'NONE',  ( -19.19999999999999574, -6.200000000000003730, 0.000000000000000000 ) ) ;
#603 = ORGANIZATION ( 'UNSPECIFIED', 'UNSPECIFIED', '' ) ;
#604 = FACE_OUTER_BOUND ( 'NONE', #1390, .T. ) ;
#605 = APPROVAL_PERSON_ORGANIZATION ( #2054, #2106, #607 ) ;
#606 = VECTOR ( 'NONE', #1820, 1000.000000000000000 ) ;
#607 = APPROVAL_ROLE ( '' ) ;
#608 = CYLINDRICAL_SURFACE ( 'NONE', #33, 5.500000000000000888 ) ;
#609 = VECTOR ( 'NONE', #11, 1000.000000000000000 ) ;
#610 = CONICAL_SURFACE ( 'NONE', #437, 3.000000000000000000, 0.7853981633974476129 ) ;
#611 = CARTESIAN_POINT ( 'NONE',  ( 0.000000000000000000, 18.80000000000000071, -7.287867965643999746 ) ) ;
#612 = VECTOR ( 'NONE', #2020, 1000.000000000000000 ) ;
#613 = ORIENTED_EDGE ( 'NONE', *, *, #760, .F. ) ;
#614 = ORIENTED_EDGE ( 'NONE', *, *, #938, .T. ) ;
#615 = ORIENTED_EDGE ( 'NONE', *, *, #1980, .F. ) ;
#616 = CARTESIAN_POINT ( 'NONE',  ( -40.05857864375998645, 5.809999999999999609, 7.500000000000000000 ) ) ;
#617 = LINE ( 'NONE', #6, #2657 ) ;
#618 = CARTESIAN_POINT ( 'NONE',  ( 13.70000000000000107, 3.798648895335649645, 10.00000000000000000 ) ) ;
#619 = CARTESIAN_POINT ( 'NONE',  ( -10.99999999999999645, -6.200000000000003730, -7.500000000000000000 ) ) ;
#620 = CARTESIAN_POINT ( 'NONE',  ( 1.850000000000000089, 7.500000000000000888, 2.200000000000000178 ) ) ;
#621 = CARTESIAN_POINT ( 'NONE',  ( 3.918892307140449560, 28.00000000000000000, 10.00000000000000000 ) ) ;
#622 = DIRECTION ( 'NONE',  ( -8.533309357642889319E-29, 3.491481338843133355E-15, -1.000000000000000000 ) ) ;
#623 = ADVANCED_FACE ( 'NONE', ( #401 ), #1232, .F. ) ;
#624 = DIRECTION ( 'NONE',  ( -0.7071067811932956193, -1.776356839383378623E-14, 0.7071067811797995262 ) ) ;
#625 = ADVANCED_FACE ( 'NONE', ( #1602 ), #1663, .F. ) ;
#626 = VERTEX_POINT ( 'NONE', #384 ) ;
#627 = VERTEX_POINT ( 'NONE', #197 ) ;
#628 = FACE_OUTER_BOUND ( 'NONE', #1404, .T. ) ;
#629 = CARTESIAN_POINT ( 'NONE',  ( -19.19999999999999574, -5.658500000000003638, 0.000000000000000000 ) ) ;
#630 = EDGE_CURVE ( 'NONE', #2322, #666, #2437, .T. ) ;
#631 = ORIENTED_EDGE ( 'NONE', *, *, #640, .T. ) ;
#632 = CARTESIAN_POINT ( 'NONE',  ( -40.20000000000000284, -6.200000000000003730, 7.358578643762700544 ) ) ;
#633 = DIRECTION ( 'NONE',  ( 1.000000000000000000, 0.000000000000000000, 0.000000000000000000 ) ) ;
#634 = DIRECTION ( 'NONE',  ( 1.000000000000000000, 0.000000000000000000, 0.000000000000000000 ) ) ;
#635 = COORDINATED_UNIVERSAL_TIME_OFFSET ( 6, 0, .BEHIND. ) ;
#636 = DIRECTION ( 'NONE',  ( 0.000000000000000000, 0.000000000000000000, -1.000000000000000000 ) ) ;
#637 = ORIENTED_EDGE ( 'NONE', *, *, #2505, .F. ) ;
#638 = VERTEX_POINT ( 'NONE', #1029 ) ;
#639 = DIRECTION ( 'NONE',  ( 1.000000000000000000, 0.000000000000000000, 0.000000000000000000 ) ) ;
#640 = EDGE_CURVE ( 'NONE', #2448, #26, #1862, .T. ) ;
#641 = EDGE_LOOP ( 'NONE', ( #366, #762, #128, #1085 ) ) ;
#642 = CARTESIAN_POINT ( 'NONE',  ( -3.099999999999991651, -18.80000000000000071, -9.839999999999999858 ) ) ;
#643 = PLANE ( 'NONE',  #1217 ) ;
#644 = VECTOR ( 'NONE', #508, 1000.000000000000114 ) ;
#645 = FACE_OUTER_BOUND ( 'NONE', #2310, .T. ) ;
#646 = ADVANCED_FACE ( 'NONE', ( #1400, #2234 ), #169, .T. ) ;
#647 = APPROVAL_STATUS ( 'not_yet_approved' ) ;
#648 = AXIS2_PLACEMENT_3D ( 'NONE', #1666, #1878, #1275 ) ;
#649 = VECTOR ( 'NONE', #1032, 1000.000000000000000 ) ;
#650 = CC_DESIGN_DATE_AND_TIME_ASSIGNMENT ( #2038, #2287, ( #1116 ) ) ;
#651 = PLANE ( 'NONE',  #955 ) ;
#652 = VECTOR ( 'NONE', #260, 1000.000000000000000 ) ;
#653 = EDGE_LOOP ( 'NONE', ( #277, #1403, #793, #2349 ) ) ;
#654 = AXIS2_PLACEMENT_3D ( 'NONE', #1186, #193, #2023 ) ;
#655 = ORIENTED_EDGE ( 'NONE', *, *, #1988, .F. ) ;
#656 = PLANE ( 'NONE',  #872 ) ;
#657 = VECTOR ( 'NONE', #957, 1000.000000000000000 ) ;
#658 = ADVANCED_FACE ( 'NONE', ( #1823 ), #2658, .F. ) ;
#659 = EDGE_CURVE ( 'NONE', #2461, #1608, #837, .T. ) ;
#660 = ORIENTED_EDGE ( 'NONE', *, *, #1388, .T. ) ;
#661 = CARTESIAN_POINT ( 'NONE',  ( -1.000000000000000000, -2.449293598294704935E-16, 12.00000000000000000 ) ) ;
#662 = LINE ( 'NONE', #1064, #2534 ) ;
#663 = DIRECTION ( 'NONE',  ( 0.000000000000000000, 1.000000000000000000, 0.000000000000000000 ) ) ;
#664 = SHAPE_DEFINITION_REPRESENTATION ( #811, #1068 ) ;
#665 = ORIENTED_EDGE ( 'NONE', *, *, #772, .T. ) ;
#666 = VERTEX_POINT ( 'NONE', #1889 ) ;
#667 = LINE ( 'NONE', #1084, #1396 ) ;
#668 = ORIENTED_EDGE ( 'NONE', *, *, #2264, .T. ) ;
#669 = CARTESIAN_POINT ( 'NONE',  ( -5.589999999999998082, -18.80000000000000071, -7.500000000000000000 ) ) ;
#670 = EDGE_CURVE ( 'NONE', #527, #1170, #1479, .T. ) ;
#671 = LINE ( 'NONE', #22, #301 ) ;
#672 = CARTESIAN_POINT ( 'NONE',  ( 7.349999999999999645, 21.50000000000000000, 10.00000000000000000 ) ) ;
#673 = APPROVAL_STATUS ( 'not_yet_approved' ) ;
#674 = DIRECTION ( 'NONE',  ( -8.659560562354929160E-17, -0.7071067811865480168, -0.7071067811865470176 ) ) ;
#675 = VERTEX_POINT ( 'NONE', #1260 ) ;
#676 = EDGE_LOOP ( 'NONE', ( #217, #544 ) ) ;
#677 = CARTESIAN_POINT ( 'NONE',  ( 7.349999999999999645, 7.500000000000000000, 0.000000000000000000 ) ) ;
#678 = ORIENTED_EDGE ( 'NONE', *, *, #2279, .T. ) ;
#679 = DIRECTION ( 'NONE',  ( 0.000000000000000000, 0.000000000000000000, 1.000000000000000000 ) ) ;
#680 = DIRECTION ( 'NONE',  ( 0.000000000000000000, -0.7071067811865480168, 0.7071067811865470176 ) ) ;
#681 = ADVANCED_FACE ( 'NONE', ( #2129 ), #878, .T. ) ;
#682 = PLANE ( 'NONE',  #2701 ) ;
#683 = AXIS2_PLACEMENT_3D ( 'NONE', #1525, #1025, #1450 ) ;
#684 = DATE_TIME_ROLE ( 'classification_date' ) ;
#685 = EDGE_CURVE ( 'NONE', #1976, #856, #2178, .T. ) ;
#686 = APPROVAL_PERSON_ORGANIZATION ( #307, #2678, #523 ) ;
#687 = CC_DESIGN_APPROVAL ( #568, ( #764 ) ) ;
#688 =( BOUNDED_CURVE ( )  B_SPLINE_CURVE ( 3, ( #2268, #2519, #2137, #1509 ),
 .UNSPECIFIED., .F., .F. ) 
 B_SPLINE_CURVE_WITH_KNOTS ( ( 4, 4 ),
 ( 0.000000000000000000, 0.7853981633974449483 ),
 .UNSPECIFIED. ) 
 CURVE ( )  GEOMETRIC_REPRESENTATION_ITEM ( )  RATIONAL_B_SPLINE_CURVE ( ( 1.000000000000000000, 0.9492530216741920102, 0.9492530216741920102, 1.000000000000000000 ) ) 
 REPRESENTATION_ITEM ( '' )  );
#689 = DIRECTION ( 'NONE',  ( 0.000000000000000000, 0.000000000000000000, -1.000000000000000000 ) ) ;
#690 = AXIS2_PLACEMENT_3D ( 'NONE', #2590, #2173, #1136 ) ;
#691 = ORIENTED_EDGE ( 'NONE', *, *, #2675, .T. ) ;
#692 = EDGE_LOOP ( 'NONE', ( #377, #1448 ) ) ;
#693 = AXIS2_PLACEMENT_3D ( 'NONE', #560, #355, #1642 ) ;
#694 = ORIENTED_EDGE ( 'NONE', *, *, #1052, .T. ) ;
#695 = LINE ( 'NONE', #1391, #222 ) ;
#696 = ORIENTED_EDGE ( 'NONE', *, *, #1619, .F. ) ;
#697 = DIRECTION ( 'NONE',  ( -0.7071067811865475727, 0.000000000000000000, 0.7071067811865475727 ) ) ;
#698 = VECTOR ( 'NONE', #1014, 1000.000000000000000 ) ;
#699 = CARTESIAN_POINT ( 'NONE',  ( 7.349999999999999645, 7.500000000000000000, 10.00000000000000000 ) ) ;
#700 = FACE_OUTER_BOUND ( 'NONE', #2542, .T. ) ;
#701 = DIRECTION ( 'NONE',  ( 0.9158123600576256740, 0.000000000000000000, 0.4016064257026793483 ) ) ;
#702 = PERSON_AND_ORGANIZATION ( #1001, #603 ) ;
#703 = CARTESIAN_POINT ( 'NONE',  ( -0.2121320343559940369, -18.80000000000000071, -7.500000000000000000 ) ) ;
#704 = VERTEX_POINT ( 'NONE', #1294 ) ;
#705 = EDGE_LOOP ( 'NONE', ( #775, #109, #1795, #615 ) ) ;
#706 = ORIENTED_EDGE ( 'NONE', *, *, #56, .T. ) ;
#707 = DIRECTION ( 'NONE',  ( 1.000000000000000000, 0.000000000000000000, 0.000000000000000000 ) ) ;
#708 = VERTEX_POINT ( 'NONE', #1087 ) ;
#709 = LINE ( 'NONE', #101, #519 ) ;
#710 = ORIENTED_EDGE ( 'NONE', *, *, #421, .T. ) ;
#711 = CARTESIAN_POINT ( 'NONE',  ( 14.69999999999999929, 1.000000000000000000, 10.00000000000000000 ) ) ;
#712 = CARTESIAN_POINT ( 'NONE',  ( -0.6099999999999994316, 18.80000000000000071, -7.500000000000000000 ) ) ;
#713 = MECHANICAL_CONTEXT ( 'NONE', #448, 'mechanical' ) ;
#714 = DIRECTION ( 'NONE',  ( 0.000000000000000000, 1.000000000000000000, 0.000000000000000000 ) ) ;
#715 = VERTEX_POINT ( 'NONE', #225 ) ;
#716 = ORIENTED_EDGE ( 'NONE', *, *, #1859, .F. ) ;
#717 = LINE ( 'NONE', #1143, #1527 ) ;
#718 = EDGE_LOOP ( 'NONE', ( #460, #1176, #139, #419, #96 ) ) ;
#719 = CARTESIAN_POINT ( 'NONE',  ( 1.000000000000000000, 28.00000000000000000, 10.00000000000000000 ) ) ;
#720 = EDGE_CURVE ( 'NONE', #337, #1153, #1492, .T. ) ;
#721 = DIRECTION ( 'NONE',  ( 0.000000000000000000, 0.000000000000000000, 1.000000000000000000 ) ) ;
#722 = FACE_OUTER_BOUND ( 'NONE', #653, .T. ) ;
#723 = CARTESIAN_POINT ( 'NONE',  ( 7.349999999999999645, 21.50000000000000000, -0.8000000000000000444 ) ) ;
#724 = COORDINATED_UNIVERSAL_TIME_OFFSET ( 6, 0, .BEHIND. ) ;
#725 = EDGE_CURVE ( 'NONE', #1081, #2281, #235, .T. ) ;
#726 = VECTOR ( 'NONE', #1076, 1000.000000000000000 ) ;
#727 = CARTESIAN_POINT ( 'NONE',  ( 9.591093483101499118, 14.50000000000000000, 12.00000000000000000 ) ) ;
#728 = CC_DESIGN_PERSON_AND_ORGANIZATION_ASSIGNMENT ( #1825, #2659, ( #2705 ) ) ;
#729 = ORIENTED_EDGE ( 'NONE', *, *, #2220, .T. ) ;
#730 = VECTOR ( 'NONE', #1245, 1000.000000000000000 ) ;
#731 = ORIENTED_EDGE ( 'NONE', *, *, #2016, .F. ) ;
#732 = DIRECTION ( 'NONE',  ( 1.000000000000000000, 0.000000000000000000, 0.000000000000000000 ) ) ;
#733 = VECTOR ( 'NONE', #2288, 1000.000000000000000 ) ;
#734 = ORIENTED_EDGE ( 'NONE', *, *, #176, .F. ) ;
#735 = CARTESIAN_POINT ( 'NONE',  ( 15.69999999999999929, -3.061616997868375006E-17, 0.000000000000000000 ) ) ;
#736 = EDGE_CURVE ( 'NONE', #704, #477, #1124, .T. ) ;
#737 = EDGE_CURVE ( 'NONE', #2241, #749, #662, .T. ) ;
#738 = AXIS2_PLACEMENT_3D ( 'NONE', #2421, #2167, #1379 ) ;
#739 = DIRECTION ( 'NONE',  ( 0.000000000000000000, 0.000000000000000000, -1.000000000000000000 ) ) ;
#740 = CARTESIAN_POINT ( 'NONE',  ( 14.69999999999999929, 29.00000000000000000, 9.000000000000000000 ) ) ;
#741 = AXIS2_PLACEMENT_3D ( 'NONE', #1071, #1684, #639 ) ;
#742 = DIRECTION ( 'NONE',  ( 0.000000000000000000, 1.000000000000000000, 0.000000000000000000 ) ) ;
#743 = PERSON_AND_ORGANIZATION ( #1001, #603 ) ;
#744 = DIRECTION ( 'NONE',  ( 0.000000000000000000, 2.041077998578920060E-17, -1.000000000000000000 ) ) ;
#745 = CARTESIAN_POINT ( 'NONE',  ( 14.69999999999999929, 21.50000000000000000, 10.00000000000000000 ) ) ;
#746 = ORIENTED_EDGE ( 'NONE', *, *, #1807, .T. ) ;
#747 = ORIENTED_EDGE ( 'NONE', *, *, #922, .F. ) ;
#748 = CARTESIAN_POINT ( 'NONE',  ( -3.099999999999991651, -18.80000000000000071, -9.839999999999999858 ) ) ;
#749 = VERTEX_POINT ( 'NONE', #850 ) ;
#750 = DIRECTION ( 'NONE',  ( 0.000000000000000000, 0.000000000000000000, 1.000000000000000000 ) ) ;
#751 = ADVANCED_FACE ( 'NONE', ( #1515 ), #1677, .F. ) ;
#752 = DIRECTION ( 'NONE',  ( 1.000000000000000000, 0.000000000000000000, 0.000000000000000000 ) ) ;
#753 = CARTESIAN_POINT ( 'NONE',  ( 12.84999999999999964, 7.500000000000000000, 2.200000000000000178 ) ) ;
#754 = CARTESIAN_POINT ( 'NONE',  ( -4.653382110102993963, -18.80000000000000071, 7.910730166370611549 ) ) ;
#755 = DESIGN_CONTEXT ( 'detailed design', #1006, 'design' ) ;
#756 = APPROVAL_DATE_TIME ( #1943, #1162 ) ;
#757 = CARTESIAN_POINT ( 'NONE',  ( 12.84999999999999964, 7.500000000000000000, 12.00000000000000000 ) ) ;
#758 = FACE_OUTER_BOUND ( 'NONE', #2418, .T. ) ;
#759 = ORIENTED_EDGE ( 'NONE', *, *, #1494, .T. ) ;
#760 = EDGE_CURVE ( 'NONE', #1638, #2486, #671, .T. ) ;
#761 = DIRECTION ( 'NONE',  ( 0.000000000000000000, 0.000000000000000000, -1.000000000000000000 ) ) ;
#762 = ORIENTED_EDGE ( 'NONE', *, *, #1172, .T. ) ;
#763 = CARTESIAN_POINT ( 'NONE',  ( 14.69999999999999396, 29.00000000000002132, 9.585786437626909517 ) ) ;
#764 = PRODUCT_DEFINITION ( 'UNKNOWN', '', #952, #755 ) ;
#765 = DIRECTION ( 'NONE',  ( 1.000000000000000000, 0.000000000000000000, 0.000000000000000000 ) ) ;
#766 = CARTESIAN_POINT ( 'NONE',  ( -33.19999999999999574, -5.658500000000003638, -2.458500000000000352 ) ) ;
#767 = DIRECTION ( 'NONE',  ( 1.000000000000000000, 0.000000000000000000, 0.000000000000000000 ) ) ;
#768 = EDGE_CURVE ( 'NONE', #2640, #2461, #479, .T. ) ;
#769 = PERSON_AND_ORGANIZATION_ROLE ( 'classification_officer' ) ;
#770 = CARTESIAN_POINT ( 'NONE',  ( 14.69999999999999041, 0.9999999999999986677, 9.268761102064686952 ) ) ;
#771 = DIRECTION ( 'NONE',  ( 0.000000000000000000, 0.000000000000000000, -1.000000000000000000 ) ) ;
#772 = EDGE_CURVE ( 'NONE', #795, #1069, #784, .T. ) ;
#773 = AXIS2_PLACEMENT_3D ( 'NONE', #672, #1088, #2132 ) ;
#774 = EDGE_LOOP ( 'NONE', ( #655, #2164, #1966, #1152, #2230, #923, #1093, #2666 ) ) ;
#775 = ORIENTED_EDGE ( 'NONE', *, *, #1373, .F. ) ;
#776 = CARTESIAN_POINT ( 'NONE',  ( -3.099999999999991651, -18.80000000000000071, -8.250000000000271783 ) ) ;
#777 = ORIENTED_EDGE ( 'NONE', *, *, #1263, .F. ) ;
#778 = DIRECTION ( 'NONE',  ( 1.000000000000000000, 0.000000000000000000, 0.000000000000000000 ) ) ;
#779 = CIRCLE ( 'NONE', #35, 7.349999999999999645 ) ;
#780 = VECTOR ( 'NONE', #624, 1000.000000000000114 ) ;
#781 = CARTESIAN_POINT ( 'NONE',  ( 0.2928932188134520387, 1.292893218813443879, 9.707106781186551459 ) ) ;
#782 = DIRECTION ( 'NONE',  ( 0.000000000000000000, -1.000000000000000000, 0.000000000000000000 ) ) ;
#783 = CARTESIAN_POINT ( 'NONE',  ( -6.505213034913031534E-16, 29.00000000000002132, 9.585786437626909517 ) ) ;
#784 = CIRCLE ( 'NONE', #2045, 7.349999999999999645 ) ;
#785 = ITEM_DEFINED_TRANSFORMATION ( 'NONE', 'NONE', #383,  #339 ) ;
#786 = CYLINDRICAL_SURFACE ( 'NONE', #308, 2.458500000000000352 ) ;
#787 = VECTOR ( 'NONE', #2050, 1000.000000000000000 ) ;
#788 = CIRCLE ( 'NONE', #1789, 3.299999999999999822 ) ;
#789 =( NAMED_UNIT ( * ) SI_UNIT ( $, .STERADIAN. ) SOLID_ANGLE_UNIT ( ) );
#790 = EDGE_CURVE ( 'NONE', #795, #2088, #1074, .T. ) ;
#791 = PRODUCT ( 'small part', 'small part', '', ( #713 ) ) ;
#792 = ORIENTED_EDGE ( 'NONE', *, *, #2409, .F. ) ;
#793 = ORIENTED_EDGE ( 'NONE', *, *, #2101, .T. ) ;
#794 = PLANE ( 'NONE',  #1962 ) ;
#795 = VERTEX_POINT ( 'NONE', #1042 ) ;
#796 = CARTESIAN_POINT ( 'NONE',  ( -33.19999999999999574, -6.200000000000003730, 3.000000000000000000 ) ) ;
#797 = LINE ( 'NONE', #1213, #1345 ) ;
#798 = DIRECTION ( 'NONE',  ( 0.000000000000000000, 1.000000000000000000, 0.000000000000000000 ) ) ;
#799 = PLANE ( 'NONE',  #389 ) ;
#800 = FACE_OUTER_BOUND ( 'NONE', #16, .T. ) ;
#801 = CLOSED_SHELL ( 'NONE', ( #2300, #751, #1464, #525, #954, #1505, #1010, #1423, #1150, #939, #2139, #681, #1459, #1696, #2051, #430, #1375, #1794, #2681, #1325, #1166, #1922, #175, #849, #2587, #978, #1843, #528, #1307, #1759, #565, #61, #107, #1422, #1906, #486 ) ) ;
#802 = DIRECTION ( 'NONE',  ( 0.000000000000000000, -1.000000000000000000, 0.000000000000000000 ) ) ;
#803 = EDGE_LOOP ( 'NONE', ( #1968, #951, #660, #252 ) ) ;
#804 = EDGE_LOOP ( 'NONE', ( #491, #2670, #2520 ) ) ;
#805 = CARTESIAN_POINT ( 'NONE',  ( 14.69999999999999929, 29.00000000000000000, 9.000000000000000000 ) ) ;
#806 = CARTESIAN_POINT ( 'NONE',  ( -6.505213034913031534E-16, 0.9999999999999986677, 9.268761102064686952 ) ) ;
#807 = CARTESIAN_POINT ( 'NONE',  ( 5.108906516898500172, 14.50000000000000000, 12.00000000000000000 ) ) ;
#808 = DIRECTION ( 'NONE',  ( 0.000000000000000000, 0.000000000000000000, -1.000000000000000000 ) ) ;
#809 = APPROVAL_STATUS ( 'not_yet_approved' ) ;
#810 = DIRECTION ( 'NONE',  ( 1.000000000000000000, 0.000000000000000000, 0.000000000000000000 ) ) ;
#811 = PRODUCT_DEFINITION_SHAPE ( 'NONE', 'NONE',  #764 ) ;
#812 = DIRECTION ( 'NONE',  ( 0.000000000000000000, -1.000000000000000000, 0.000000000000000000 ) ) ;
#813 = ORIENTED_EDGE ( 'NONE', *, *, #2279, .F. ) ;
#814 = ORIENTED_EDGE ( 'NONE', *, *, #449, .T. ) ;
#815 = ORIENTED_EDGE ( 'NONE', *, *, #385, .T. ) ;
#816 = CARTESIAN_POINT ( 'NONE',  ( -10.99999999999999645, 18.80000000000000071, 7.500000000000000000 ) ) ;
#817 = AXIS2_PLACEMENT_3D ( 'NONE', #2295, #2491, #276 ) ;
#818 = DIRECTION ( 'NONE',  ( 0.000000000000000000, 1.000000000000000000, 0.000000000000000000 ) ) ;
#819 = FACE_OUTER_BOUND ( 'NONE', #2600, .T. ) ;
#820 = CARTESIAN_POINT ( 'NONE',  ( 12.84999999999999964, 7.500000000000000000, 3.500000000000000000 ) ) ;
#821 = DIRECTION ( 'NONE',  ( -0.000000000000000000, 0.6246950475544242876, 0.7808688094430303872 ) ) ;
#822 = ADVANCED_FACE ( 'NONE', ( #1274 ), #643, .F. ) ;
#823 = VECTOR ( 'NONE', #1160, 1000.000000000000000 ) ;
#824 = APPROVAL_ROLE ( '' ) ;
#825 = LINE ( 'NONE', #1030, #2619 ) ;
#826 = EDGE_CURVE ( 'NONE', #2385, #2612, #427, .T. ) ;
#827 = CARTESIAN_POINT ( 'NONE',  ( 0.000000000000000000, 0.000000000000000000, 0.000000000000000000 ) ) ;
#828 = VECTOR ( 'NONE', #462, 1000.000000000000000 ) ;
#829 = FACE_BOUND ( 'NONE', #1546, .T. ) ;
#830 = VECTOR ( 'NONE', #761, 1000.000000000000000 ) ;
#831 = ORIENTED_EDGE ( 'NONE', *, *, #1125, .F. ) ;
#832 = ORIENTED_EDGE ( 'NONE', *, *, #8, .T. ) ;
#833 = CARTESIAN_POINT ( 'NONE',  ( 0.000000000000000000, 29.00000000000000000, 9.000000000000000000 ) ) ;
#834 = CARTESIAN_POINT ( 'NONE',  ( -0.2121320343559940369, -18.80000000000000071, 7.500000000000000000 ) ) ;
#835 = VERTEX_POINT ( 'NONE', #1700 ) ;
#836 = DIRECTION ( 'NONE',  ( 0.000000000000000000, 0.000000000000000000, -1.000000000000000000 ) ) ;
#837 = LINE ( 'NONE', #1503, #609 ) ;
#838 = UNCERTAINTY_MEASURE_WITH_UNIT (LENGTH_MEASURE( 1.000000000000000082E-05 ), #1248, 'distance_accuracy_value', 'NONE');
#839 = EDGE_CURVE ( 'NONE', #2208, #1953, #44, .T. ) ;
#840 = DIRECTION ( 'NONE',  ( 0.000000000000000000, 0.000000000000000000, 1.000000000000000000 ) ) ;
#841 = DIRECTION ( 'NONE',  ( 0.000000000000000000, -1.000000000000000000, 0.000000000000000000 ) ) ;
#842 = ORIENTED_EDGE ( 'NONE', *, *, #1712, .T. ) ;
#843 = ORIENTED_EDGE ( 'NONE', *, *, #898, .T. ) ;
#844 = PLANE ( 'NONE',  #741 ) ;
#845 = DIRECTION ( 'NONE',  ( 0.000000000000000000, 1.000000000000000000, 0.000000000000000000 ) ) ;
#846 = EDGE_CURVE ( 'NONE', #1009, #68, #2408, .T. ) ;
#847 = ORIENTED_EDGE ( 'NONE', *, *, #2596, .T. ) ;
#848 = DIRECTION ( 'NONE',  ( 0.7071067811932956193, 1.776356839383378623E-14, 0.7071067811797995262 ) ) ;
#849 = ADVANCED_FACE ( 'NONE', ( #914 ), #2572, .T. ) ;
#850 = CARTESIAN_POINT ( 'NONE',  ( 5.421010862427519705E-17, 1.000000000000000000, 0.000000000000000000 ) ) ;
#851 = EDGE_CURVE ( 'NONE', #956, #1587, #1979, .T. ) ;
#852 = LINE ( 'NONE', #1017, #1566 ) ;
#853 = DATE_TIME_ROLE ( 'creation_date' ) ;
#854 = CARTESIAN_POINT ( 'NONE',  ( 14.21706398339743416, 1.102850421024336169, 9.897149578975666273 ) ) ;
#855 = EDGE_CURVE ( 'NONE', #1280, #1638, #709, .T. ) ;
#856 = VERTEX_POINT ( 'NONE', #1545 ) ;
#857 = ORIENTED_EDGE ( 'NONE', *, *, #659, .T. ) ;
#858 = DIRECTION ( 'NONE',  ( 0.000000000000000000, 0.000000000000000000, -1.000000000000000000 ) ) ;
#859 = ORIENTED_EDGE ( 'NONE', *, *, #1864, .F. ) ;
#860 = CARTESIAN_POINT ( 'NONE',  ( 14.69999999999999929, 1.000000000000000000, 0.000000000000000000 ) ) ;
#861 = DIRECTION ( 'NONE',  ( 0.000000000000000000, 0.000000000000000000, 1.000000000000000000 ) ) ;
#862 = VECTOR ( 'NONE', #555, 999.9999999999998863 ) ;
#863 = PLANE ( 'NONE',  #648 ) ;
#864 = LOCAL_TIME ( 0, 43, 15.00000000000000000, #1758 ) ;
#865 = DATE_AND_TIME ( #1495, #470 ) ;
#866 = AXIS2_PLACEMENT_3D ( 'NONE', #569, #2539, #457 ) ;
#867 = CIRCLE ( 'NONE', #1607, 7.349999999999999645 ) ;
#868 = ADVANCED_BREP_SHAPE_REPRESENTATION ( '', ( #1159, #339 ), #1738 ) ;
#869 = VECTOR ( 'NONE', #60, 1000.000000000000000 ) ;
#870 = EDGE_CURVE ( 'NONE', #2093, #871, #125, .T. ) ;
#871 = VERTEX_POINT ( 'NONE', #719 ) ;
#872 = AXIS2_PLACEMENT_3D ( 'NONE', #1870, #2294, #1489 ) ;
#873 = VERTEX_POINT ( 'NONE', #547 ) ;
#874 = CARTESIAN_POINT ( 'NONE',  ( -3.099999999999991651, 18.79999999999999716, 8.250000000000271783 ) ) ;
#875 = AXIS2_PLACEMENT_3D ( 'NONE', #1384, #373, #2414 ) ;
#876 = ORIENTED_EDGE ( 'NONE', *, *, #2649, .T. ) ;
#877 = CARTESIAN_POINT ( 'NONE',  ( -5.589999999999998082, -18.80000000000000071, 7.500000000000000000 ) ) ;
#878 = PLANE ( 'NONE',  #2706 ) ;
#879 = CARTESIAN_POINT ( 'NONE',  ( 0.000000000000000000, -18.80000000000000071, 7.287867965643989088 ) ) ;
#880 = PERSON_AND_ORGANIZATION_ROLE ( 'classification_officer' ) ;
#881 = APPROVAL ( #1727, 'UNSPECIFIED' ) ;
#882 = ORIENTED_EDGE ( 'NONE', *, *, #1815, .T. ) ;
#883 = ORIENTED_EDGE ( 'NONE', *, *, #1098, .T. ) ;
#884 = DIRECTION ( 'NONE',  ( 1.000000000000000000, 0.000000000000000000, 0.000000000000000000 ) ) ;
#885 = VERTEX_POINT ( 'NONE', #325 ) ;
#886 = CARTESIAN_POINT ( 'NONE',  ( 7.349999999999999645, 21.50000000000000000, 10.00000000000000000 ) ) ;
#887 = DIRECTION ( 'NONE',  ( 0.000000000000000000, 1.000000000000000000, 0.000000000000000000 ) ) ;
#888 = EDGE_CURVE ( 'NONE', #1316, #164, #2400, .T. ) ;
#889 = CARTESIAN_POINT ( 'NONE',  ( -40.05857864375998645, -6.200000000000003730, 7.500000000000000000 ) ) ;
#890 = DATE_AND_TIME ( #1470, #126 ) ;
#891 = DIRECTION ( 'NONE',  ( -1.000000000000000000, 0.000000000000000000, 0.000000000000000000 ) ) ;
#892 = ORIENTED_EDGE ( 'NONE', *, *, #2693, .F. ) ;
#893 = ORIENTED_EDGE ( 'NONE', *, *, #1987, .F. ) ;
#894 = VERTEX_POINT ( 'NONE', #1320 ) ;
#895 = CARTESIAN_POINT ( 'NONE',  ( -19.19999999999999574, 5.268499999999998629, 2.458500000000000352 ) ) ;
#896 = LINE ( 'NONE', #2601, #256 ) ;
#897 = FACE_OUTER_BOUND ( 'NONE', #804, .T. ) ;
#898 = EDGE_CURVE ( 'NONE', #1009, #120, #1833, .T. ) ;
#899 = DIRECTION ( 'NONE',  ( 0.000000000000000000, 0.000000000000000000, -1.000000000000000000 ) ) ;
#900 = VECTOR ( 'NONE', #2625, 1000.000000000000000 ) ;
#901 = DATE_AND_TIME ( #1742, #864 ) ;
#902 = ADVANCED_FACE ( 'NONE', ( #927, #943 ), #1734, .T. ) ;
#903 = APPROVAL_PERSON_ORGANIZATION ( #263, #568, #1679 ) ;
#904 = DIRECTION ( 'NONE',  ( 0.000000000000000000, 0.000000000000000000, -1.000000000000000000 ) ) ;
#905 = VECTOR ( 'NONE', #2424, 1000.000000000000000 ) ;
#906 = ORIENTED_EDGE ( 'NONE', *, *, #1815, .F. ) ;
#907 = ADVANCED_FACE ( 'NONE', ( #1334 ), #314, .F. ) ;
#908 = VERTEX_POINT ( 'NONE', #735 ) ;
#909 = VECTOR ( 'NONE', #1939, 1000.000000000000000 ) ;
#910 = AXIS2_PLACEMENT_3D ( 'NONE', #874, #439, #1721 ) ;
#911 = ORIENTED_EDGE ( 'NONE', *, *, #242, .T. ) ;
#912 = LINE ( 'NONE', #1714, #440 ) ;
#913 = ORIENTED_EDGE ( 'NONE', *, *, #2429, .F. ) ;
#914 = FACE_OUTER_BOUND ( 'NONE', #1790, .T. ) ;
#915 = CIRCLE ( 'NONE', #261, 7.349999999999999645 ) ;
#916 = ORIENTED_EDGE ( 'NONE', *, *, #930, .F. ) ;
#917 = DIRECTION ( 'NONE',  ( 0.000000000000000000, 1.000000000000000000, 0.000000000000000000 ) ) ;
#918 = DIRECTION ( 'NONE',  ( 0.7071067811865475727, 0.000000000000000000, 0.7071067811865475727 ) ) ;
#919 = APPROVAL_DATE_TIME ( #2219, #881 ) ;
#920 = CARTESIAN_POINT ( 'NONE',  ( 10.65000000000000036, 7.500000000000000000, 3.500000000000000000 ) ) ;
#921 = ORIENTED_EDGE ( 'NONE', *, *, #2087, .T. ) ;
#922 = EDGE_CURVE ( 'NONE', #2405, #1083, #2002, .T. ) ;
#923 = ORIENTED_EDGE ( 'NONE', *, *, #1882, .F. ) ;
#924 = ORIENTED_EDGE ( 'NONE', *, *, #2156, .T. ) ;
#925 = CARTESIAN_POINT ( 'NONE',  ( -0.2121320343559940369, -18.80000000000000071, 7.500000000000000000 ) ) ;
#926 = ORIENTED_EDGE ( 'NONE', *, *, #1680, .T. ) ;
#927 = FACE_BOUND ( 'NONE', #293, .T. ) ;
#928 = VECTOR ( 'NONE', #1767, 1000.000000000000114 ) ;
#929 = AXIS2_PLACEMENT_3D ( 'NONE', #166, #368, #579 ) ;
#930 = EDGE_CURVE ( 'NONE', #2486, #1170, #1365, .T. ) ;
#931 = CARTESIAN_POINT ( 'NONE',  ( 0.000000000000000000, -18.80000000000000071, 7.287867965643999746 ) ) ;
#932 = DIRECTION ( 'NONE',  ( 0.000000000000000000, 0.000000000000000000, -1.000000000000000000 ) ) ;
#933 = CARTESIAN_POINT ( 'NONE',  ( -3.099999999999991651, -18.80000000000000071, 8.250000000000271783 ) ) ;
#934 = CC_DESIGN_PERSON_AND_ORGANIZATION_ASSIGNMENT ( #2054, #1442, ( #1116 ) ) ;
#935 = APPROVAL_STATUS ( 'not_yet_approved' ) ;
#936 = CARTESIAN_POINT ( 'NONE',  ( -0.6099999999999994316, -18.80000000000000071, 7.500000000000000000 ) ) ;
#937 = ORIENTED_EDGE ( 'NONE', *, *, #1273, .F. ) ;
#938 = EDGE_CURVE ( 'NONE', #2325, #378, #2630, .T. ) ;
#939 = ADVANCED_FACE ( 'NONE', ( #1967 ), #1586, .T. ) ;
#940 = EDGE_LOOP ( 'NONE', ( #1141, #1501, #2450, #499 ) ) ;
#941 = FACE_BOUND ( 'NONE', #1625, .T. ) ;
#942 = ORIENTED_EDGE ( 'NONE', *, *, #1187, .T. ) ;
#943 = FACE_OUTER_BOUND ( 'NONE', #1108, .T. ) ;
#944 = DIRECTION ( 'NONE',  ( -1.000000000000000000, 0.000000000000000000, 0.000000000000000000 ) ) ;
#945 = CYLINDRICAL_SURFACE ( 'NONE', #1959, 5.500000000000000888 ) ;
#946 = CARTESIAN_POINT ( 'NONE',  ( -33.19999999999999574, 5.809999999999999609, 2.458500000000000352 ) ) ;
#947 = SHAPE_DEFINITION_REPRESENTATION ( #374, #2457 ) ;
#948 = LINE ( 'NONE', #1603, #253 ) ;
#949 = VECTOR ( 'NONE', #1297, 1000.000000000000000 ) ;
#950 = PLANE ( 'NONE',  #1113 ) ;
#951 = ORIENTED_EDGE ( 'NONE', *, *, #1122, .F. ) ;
#952 = PRODUCT_DEFINITION_FORMATION_WITH_SPECIFIED_SOURCE ( 'ANY', '', #489, .NOT_KNOWN. ) ;
#953 = CC_DESIGN_SECURITY_CLASSIFICATION ( #1116, ( #2708 ) ) ;
#954 = ADVANCED_FACE ( 'NONE', ( #71 ), #1556, .F. ) ;
#955 = AXIS2_PLACEMENT_3D ( 'NONE', #2691, #899, #812 ) ;
#956 = VERTEX_POINT ( 'NONE', #1766 ) ;
#957 = DIRECTION ( 'NONE',  ( 0.000000000000000000, -1.000000000000000000, 0.000000000000000000 ) ) ;
#958 = CIRCLE ( 'NONE', #1300, 7.349999999999999645 ) ;
#959 = ORIENTED_EDGE ( 'NONE', *, *, #1457, .T. ) ;
#960 = DIRECTION ( 'NONE',  ( 0.000000000000000000, 0.000000000000000000, -1.000000000000000000 ) ) ;
#961 = AXIS2_PLACEMENT_3D ( 'NONE', #976, #2435, #1809 ) ;
#962 = ORIENTED_EDGE ( 'NONE', *, *, #1724, .F. ) ;
#963 = DIRECTION ( 'NONE',  ( 0.000000000000000000, 1.000000000000000000, 0.000000000000000000 ) ) ;
#964 = AXIS2_PLACEMENT_3D ( 'NONE', #138, #971, #1627 ) ;
#965 = PLANE ( 'NONE',  #2306 ) ;
#966 = CALENDAR_DATE ( 2026, 24, 3 ) ;
#967 = CARTESIAN_POINT ( 'NONE',  ( -19.19999999999999574, 5.809999999999999609, -2.458500000000000352 ) ) ;
#968 = CARTESIAN_POINT ( 'NONE',  ( -0.6099999999999994316, 18.80000000000000071, 7.500000000000000000 ) ) ;
#969 = CC_DESIGN_DATE_AND_TIME_ASSIGNMENT ( #1919, #853, ( #764 ) ) ;
#970 = EDGE_LOOP ( 'NONE', ( #1476, #2334, #1697, #2489 ) ) ;
#971 = DIRECTION ( 'NONE',  ( 0.000000000000000000, 0.000000000000000000, 1.000000000000000000 ) ) ;
#972 = EDGE_CURVE ( 'NONE', #2553, #708, #896, .T. ) ;
#973 = EDGE_LOOP ( 'NONE', ( #1750, #2571, #847, #267 ) ) ;
#974 = CARTESIAN_POINT ( 'NONE',  ( 14.69999999999999929, 7.500000000000000888, 12.00000000000000000 ) ) ;
#975 = ORIENTED_EDGE ( 'NONE', *, *, #2541, .T. ) ;
#976 = CARTESIAN_POINT ( 'NONE',  ( -19.19999999999999574, 5.268499999999998629, 0.000000000000000000 ) ) ;
#977 = DIRECTION ( 'NONE',  ( 0.000000000000000000, 1.000000000000000000, 0.000000000000000000 ) ) ;
#978 = ADVANCED_FACE ( 'NONE', ( #1145 ), #2212, .T. ) ;
#979 = SECURITY_CLASSIFICATION_LEVEL ( 'unclassified' ) ;
#980 = CARTESIAN_POINT ( 'NONE',  ( 7.349999999999999645, 21.50000000000000000, 12.00000000000000000 ) ) ;
#981 = CARTESIAN_POINT ( 'NONE',  ( 0.000000000000000000, 18.80000000000000071, 7.287867965643989088 ) ) ;
#982 = VERTEX_POINT ( 'NONE', #1175 ) ;
#983 = DIRECTION ( 'NONE',  ( 0.000000000000000000, 0.000000000000000000, -1.000000000000000000 ) ) ;
#984 = ORIENTED_EDGE ( 'NONE', *, *, #2004, .F. ) ;
#985 = CYLINDRICAL_SURFACE ( 'NONE', #1264, 1.589999999999735625 ) ;
#986 = CARTESIAN_POINT ( 'NONE',  ( -5.589999999999998082, 18.80000000000000071, 7.500000000000000000 ) ) ;
#987 = CARTESIAN_POINT ( 'NONE',  ( 13.70000000000000107, 28.00000000000000000, 10.00000000000000000 ) ) ;
#988 = DIRECTION ( 'NONE',  ( 0.000000000000000000, -1.000000000000000000, 0.000000000000000000 ) ) ;
#989 = DATE_AND_TIME ( #2440, #2438 ) ;
#990 = DIRECTION ( 'NONE',  ( 0.000000000000000000, 0.000000000000000000, 1.000000000000000000 ) ) ;
#991 = CIRCLE ( 'NONE', #556, 3.000000000000000000 ) ;
#992 = ORIENTED_EDGE ( 'NONE', *, *, #1619, .T. ) ;
#993 = DIRECTION ( 'NONE',  ( 0.000000000000000000, -1.000000000000000000, 0.000000000000000000 ) ) ;
#994 = ORIENTED_EDGE ( 'NONE', *, *, #43, .T. ) ;
#995 = CARTESIAN_POINT ( 'NONE',  ( 7.349999999999999645, 7.500000000000000000, 12.00000000000000000 ) ) ;
#996 = APPROVAL_PERSON_ORGANIZATION ( #1971, #1162, #552 ) ;
#997 = AXIS2_PLACEMENT_3D ( 'NONE', #1191, #990, #2221 ) ;
#998 = VECTOR ( 'NONE', #1757, 1000.000000000000000 ) ;
#999 = LINE ( 'NONE', #1040, #1279 ) ;
#1000 = CARTESIAN_POINT ( 'NONE',  ( 0.000000000000000000, 29.00000000000000000, 9.000000000000000000 ) ) ;
#1001 = PERSON ( 'UNSPECIFIED', 'UNSPECIFIED', 'UNSPECIFIED', ('UNSPECIFIED'), ('UNSPECIFIED'), ('UNSPECIFIED') ) ;
#1002 = FACE_OUTER_BOUND ( 'NONE', #973, .T. ) ;
#1003 = AXIS2_PLACEMENT_3D ( 'NONE', #1900, #887, #2351 ) ;
#1004 = DIRECTION ( 'NONE',  ( 1.000000000000000000, 0.000000000000000000, 0.000000000000000000 ) ) ;
#1005 = VECTOR ( 'NONE', #1290, 1000.000000000000000 ) ;
#1006 = APPLICATION_CONTEXT ( 'configuration controlled 3d designs of mechanical parts and assemblies' ) ;
#1007 = AXIS2_PLACEMENT_3D ( 'NONE', #244, #1949, #46 ) ;
#1008 = PRODUCT_DEFINITION_SHAPE ( 'NONE', 'NONE',  #2707 ) ;
#1009 = VERTEX_POINT ( 'NONE', #2684 ) ;
#1010 = ADVANCED_FACE ( 'NONE', ( #2231 ), #985, .T. ) ;
#1011 = VERTEX_POINT ( 'NONE', #2267 ) ;
#1012 = DIRECTION ( 'NONE',  ( 0.000000000000000000, -1.000000000000000000, 0.000000000000000000 ) ) ;
#1013 = DIRECTION ( 'NONE',  ( 0.000000000000000000, 1.000000000000000000, 0.000000000000000000 ) ) ;
#1014 = DIRECTION ( 'NONE',  ( 0.000000000000000000, 1.000000000000000000, 0.000000000000000000 ) ) ;
#1015 = LINE ( 'NONE', #1810, #1120 ) ;
#1016 = ADVANCED_FACE ( 'NONE', ( #379 ), #1195, .T. ) ;
#1017 = CARTESIAN_POINT ( 'NONE',  ( -19.19999999999999574, 5.809999999999999609, -3.000000000000000000 ) ) ;
#1018 = PLANE ( 'NONE',  #1956 ) ;
#1019 = ORIENTED_EDGE ( 'NONE', *, *, #1936, .T. ) ;
#1020 = ORIENTED_EDGE ( 'NONE', *, *, #772, .F. ) ;
#1021 = EDGE_CURVE ( 'NONE', #1083, #1490, #958, .T. ) ;
#1022 = EDGE_CURVE ( 'NONE', #1991, #17, #2352, .T. ) ;
#1023 = ORIENTED_EDGE ( 'NONE', *, *, #1401, .T. ) ;
#1024 = LINE ( 'NONE', #2462, #345 ) ;
#1025 = DIRECTION ( 'NONE',  ( 0.000000000000000000, 1.000000000000000000, 0.000000000000000000 ) ) ;
#1026 = DIRECTION ( 'NONE',  ( 1.000000000000000000, 0.000000000000000000, 0.000000000000000000 ) ) ;
#1027 = CARTESIAN_POINT ( 'NONE',  ( -1.333333333333334147, -0.3333333333333330373, 11.33333333333334103 ) ) ;
#1028 = EDGE_CURVE ( 'NONE', #894, #2372, #1806, .T. ) ;
#1029 = CARTESIAN_POINT ( 'NONE',  ( -19.19999999999999574, -6.200000000000003730, -3.000000000000000000 ) ) ;
#1030 = CARTESIAN_POINT ( 'NONE',  ( -40.20000000000000284, -6.200000000000003730, 7.358578643762700544 ) ) ;
#1031 = PLANE ( 'NONE',  #294 ) ;
#1032 = DIRECTION ( 'NONE',  ( 0.000000000000000000, -1.000000000000000000, 0.000000000000000000 ) ) ;
#1033 = APPLICATION_CONTEXT ( 'configuration controlled 3d designs of mechanical parts and assemblies' ) ;
#1034 = ORIENTED_EDGE ( 'NONE', *, *, #265, .F. ) ;
#1035 = EDGE_CURVE ( 'NONE', #1069, #627, #1847, .T. ) ;
#1036 = ORIENTED_EDGE ( 'NONE', *, *, #280, .F. ) ;
#1037 = DIRECTION ( 'NONE',  ( -0.7071067811932980618, 2.664535259075080083E-14, 0.7071067811797969727 ) ) ;
#1038 = CARTESIAN_POINT ( 'NONE',  ( 1.000000000000000000, 25.20135110466435080, 10.00000000000000000 ) ) ;
#1039 = CC_DESIGN_SECURITY_CLASSIFICATION ( #2705, ( #2707 ) ) ;
#1040 = CARTESIAN_POINT ( 'NONE',  ( 12.84999999999999964, 21.50000000000000000, 2.200000000000000178 ) ) ;
#1041 = DIRECTION ( 'NONE',  ( 0.000000000000000000, 0.000000000000000000, 1.000000000000000000 ) ) ;
#1042 = CARTESIAN_POINT ( 'NONE',  ( 0.000000000000000000, 7.500000000000000000, 12.00000000000000000 ) ) ;
#1043 = DIRECTION ( 'NONE',  ( 1.000000000000000000, 0.000000000000000000, 0.000000000000000000 ) ) ;
#1044 = AXIS2_PLACEMENT_3D ( 'NONE', #1532, #750, #2364 ) ;
#1045 = FACE_OUTER_BOUND ( 'NONE', #112, .T. ) ;
#1046 = VECTOR ( 'NONE', #1938, 999.9999999999998863 ) ;
#1047 = EDGE_CURVE ( 'NONE', #1490, #795, #1435, .T. ) ;
#1048 = ORIENTED_EDGE ( 'NONE', *, *, #1354, .F. ) ;
#1049 = VERTEX_POINT ( 'NONE', #2047 ) ;
#1050 = FACE_OUTER_BOUND ( 'NONE', #588, .T. ) ;
#1051 = CARTESIAN_POINT ( 'NONE',  ( -0.2121320343559940369, -18.80000000000000071, -7.500000000000000000 ) ) ;
#1052 = EDGE_CURVE ( 'NONE', #1330, #1304, #2699, .T. ) ;
#1053 = ORIENTED_EDGE ( 'NONE', *, *, #1975, .F. ) ;
#1054 = CYLINDRICAL_SURFACE ( 'NONE', #305, 1.589999999999720082 ) ;
#1055 = CARTESIAN_POINT ( 'NONE',  ( -40.05857864375998645, 5.809999999999999609, 7.500000000000000000 ) ) ;
#1056 = PLANE ( 'NONE',  #2386 ) ;
#1057 = PERSON_AND_ORGANIZATION_ROLE ( 'design_owner' ) ;
#1058 = FACE_BOUND ( 'NONE', #676, .T. ) ;
#1059 = EDGE_LOOP ( 'NONE', ( #1909, #53, #1374, #1753, #2363 ) ) ;
#1060 = ORIENTED_EDGE ( 'NONE', *, *, #189, .T. ) ;
#1061 = CARTESIAN_POINT ( 'NONE',  ( -33.19999999999999574, -6.200000000000003730, -3.000000000000000000 ) ) ;
#1062 = ORIENTED_EDGE ( 'NONE', *, *, #2277, .T. ) ;
#1063 = CARTESIAN_POINT ( 'NONE',  ( 7.349999999999999645, 7.500000000000000000, 3.500000000000000000 ) ) ;
#1064 = CARTESIAN_POINT ( 'NONE',  ( -1.000000000000000000, -1.224646799147345812E-16, 0.000000000000000000 ) ) ;
#1065 = CARTESIAN_POINT ( 'NONE',  ( -1.546617889897003550, 18.80000000000000071, -7.910730166370600891 ) ) ;
#1066 = EDGE_CURVE ( 'NONE', #2405, #2583, #2671, .T. ) ;
#1067 = APPLICATION_PROTOCOL_DEFINITION ( 'international standard', 'config_control_design', 1994, #2029 ) ;
#1068 = SHAPE_REPRESENTATION ( 'left_finger_1', ( #2439, #1428, #383 ), #1867 ) ;
#1069 = VERTEX_POINT ( 'NONE', #974 ) ;
#1070 = ORIENTED_EDGE ( 'NONE', *, *, #2377, .T. ) ;
#1071 = CARTESIAN_POINT ( 'NONE',  ( 14.69999999999999929, -2.449293598294704935E-16, 12.00000000000000000 ) ) ;
#1072 = VERTEX_POINT ( 'NONE', #796 ) ;
#1073 = FACE_OUTER_BOUND ( 'NONE', #574, .T. ) ;
#1074 = LINE ( 'NONE', #2509, #1347 ) ;
#1075 = VECTOR ( 'NONE', #397, 1000.000000000000000 ) ;
#1076 = DIRECTION ( 'NONE',  ( 0.000000000000000000, 2.041077998578924991E-17, -1.000000000000000000 ) ) ;
#1077 = DATE_AND_TIME ( #2513, #2125 ) ;
#1078 = CIRCLE ( 'NONE', #510, 7.349999999999999645 ) ;
#1079 = AXIS2_PLACEMENT_3D ( 'NONE', #1951, #86, #518 ) ;
#1080 = CIRCLE ( 'NONE', #1348, 1.589999999999734959 ) ;
#1081 = VERTEX_POINT ( 'NONE', #616 ) ;
#1082 = AXIS2_PLACEMENT_3D ( 'NONE', #255, #55, #884 ) ;
#1083 = VERTEX_POINT ( 'NONE', #1599 ) ;
#1084 = CARTESIAN_POINT ( 'NONE',  ( -40.20000000000000284, 5.809999999999999609, -7.358578643762700544 ) ) ;
#1085 = ORIENTED_EDGE ( 'NONE', *, *, #2101, .F. ) ;
#1086 = LINE ( 'NONE', #2554, #1667 ) ;
#1087 = CARTESIAN_POINT ( 'NONE',  ( -0.2121320343559940369, 18.80000000000000071, -7.500000000000000000 ) ) ;
#1088 = DIRECTION ( 'NONE',  ( 0.000000000000000000, 0.000000000000000000, 1.000000000000000000 ) ) ;
#1089 = PERSON_AND_ORGANIZATION ( #1001, #603 ) ;
#1090 = CARTESIAN_POINT ( 'NONE',  ( -19.19999999999999574, -6.200000000000003730, -3.000000000000000000 ) ) ;
#1091 = EDGE_LOOP ( 'NONE', ( #916, #613, #1157, #1683, #1924, #1105, #354, #2694 ) ) ;
#1092 = CIRCLE ( 'NONE', #2330, 7.349999999999999645 ) ;
#1093 = ORIENTED_EDGE ( 'NONE', *, *, #265, .T. ) ;
#1094 = EDGE_CURVE ( 'NONE', #2372, #2103, #1024, .T. ) ;
#1095 = ORIENTED_EDGE ( 'NONE', *, *, #1980, .T. ) ;
#1096 = CARTESIAN_POINT ( 'NONE',  ( -3.099999999999991651, -18.80000000000000071, -8.250000000000271783 ) ) ;
#1097 = CARTESIAN_POINT ( 'NONE',  ( -33.19999999999999574, -5.658500000000003638, 0.000000000000000000 ) ) ;
#1098 = EDGE_CURVE ( 'NONE', #1170, #1431, #338, .T. ) ;
#1099 = DIRECTION ( 'NONE',  ( 0.000000000000000000, 0.000000000000000000, -1.000000000000000000 ) ) ;
#1100 = LINE ( 'NONE', #1681, #1741 ) ;
#1101 = APPROVAL_ROLE ( '' ) ;
#1102 = EDGE_CURVE ( 'NONE', #1049, #2642, #1611, .T. ) ;
#1103 = DIRECTION ( 'NONE',  ( 0.000000000000000000, 1.000000000000000000, 0.000000000000000000 ) ) ;
#1104 = ORIENTED_EDGE ( 'NONE', *, *, #2077, .T. ) ;
#1105 = ORIENTED_EDGE ( 'NONE', *, *, #630, .F. ) ;
#1106 = ORIENTED_EDGE ( 'NONE', *, *, #1798, .F. ) ;
#1107 = CARTESIAN_POINT ( 'NONE',  ( -0.6099999999999994316, -18.80000000000000071, -7.500000000000000000 ) ) ;
#1108 = EDGE_LOOP ( 'NONE', ( #2373, #529, #2358, #1123 ) ) ;
#1109 = CARTESIAN_POINT ( 'NONE',  ( -40.20000000000000284, -6.200000000000003730, -7.358578643762700544 ) ) ;
#1110 = ORIENTED_EDGE ( 'NONE', *, *, #1115, .F. ) ;
#1111 = DIRECTION ( 'NONE',  ( 0.000000000000000000, 0.000000000000000000, -1.000000000000000000 ) ) ;
#1112 = DIRECTION ( 'NONE',  ( 0.000000000000000000, 1.000000000000000000, 0.000000000000000000 ) ) ;
#1113 = AXIS2_PLACEMENT_3D ( 'NONE', #1539, #2195, #2606 ) ;
#1114 = APPROVAL_DATE_TIME ( #1161, #2384 ) ;
#1115 = EDGE_CURVE ( 'NONE', #342, #1142, #1395, .T. ) ;
#1116 = SECURITY_CLASSIFICATION ( '', '', #2676 ) ;
#1117 = APPROVAL_PERSON_ORGANIZATION ( #2204, #2384, #496 ) ;
#1118 = CARTESIAN_POINT ( 'NONE',  ( 7.349999999999999645, 7.500000000000000000, 10.00000000000000000 ) ) ;
#1119 = AXIS2_PLACEMENT_3D ( 'NONE', #514, #2653, #312 ) ;
#1120 = VECTOR ( 'NONE', #767, 1000.000000000000000 ) ;
#1121 = VERTEX_POINT ( 'NONE', #1432 ) ;
#1122 = EDGE_CURVE ( 'NONE', #1576, #2448, #1958, .T. ) ;
#1123 = ORIENTED_EDGE ( 'NONE', *, *, #351, .F. ) ;
#1124 = CIRCLE ( 'NONE', #2444, 7.349999999999999645 ) ;
#1125 = EDGE_CURVE ( 'NONE', #856, #1976, #2317, .T. ) ;
#1126 = AXIS2_PLACEMENT_3D ( 'NONE', #1437, #208, #1888 ) ;
#1127 = EDGE_LOOP ( 'NONE', ( #1573, #631, #1582, #1540 ) ) ;
#1128 = CARTESIAN_POINT ( 'NONE',  ( 13.70000000000000107, 0.000000000000000000, 10.00000000000000000 ) ) ;
#1129 = EDGE_CURVE ( 'NONE', #2019, #1319, #1920, .T. ) ;
#1130 = ORIENTED_EDGE ( 'NONE', *, *, #1066, .T. ) ;
#1131 = CC_DESIGN_DATE_AND_TIME_ASSIGNMENT ( #1340, #2176, ( #2592 ) ) ;
#1132 = DIRECTION ( 'NONE',  ( -1.000000000000000000, 0.000000000000000000, 0.000000000000000000 ) ) ;
#1133 = VECTOR ( 'NONE', #2198, 1000.000000000000000 ) ;
#1134 = CARTESIAN_POINT ( 'NONE',  ( 1.850000000000000089, 7.500000000000000888, 12.00000000000000000 ) ) ;
#1135 = CARTESIAN_POINT ( 'NONE',  ( 7.349999999999999645, 21.50000000000000000, -0.8000000000000000444 ) ) ;
#1136 = DIRECTION ( 'NONE',  ( 0.000000000000000000, 0.000000000000000000, -1.000000000000000000 ) ) ;
#1137 = SECURITY_CLASSIFICATION_LEVEL ( 'unclassified' ) ;
#1138 = EDGE_CURVE ( 'NONE', #1315, #1330, #241, .T. ) ;
#1139 = ADVANCED_FACE ( 'NONE', ( #1050 ), #844, .T. ) ;
#1140 = FACE_OUTER_BOUND ( 'NONE', #1378, .T. ) ;
#1141 = ORIENTED_EDGE ( 'NONE', *, *, #1222, .F. ) ;
#1142 = VERTEX_POINT ( 'NONE', #2282 ) ;
#1143 = CARTESIAN_POINT ( 'NONE',  ( 9.799999999999998934, 5.899999999999999467, 5.100000000000000533 ) ) ;
#1144 = ORIENTED_EDGE ( 'NONE', *, *, #1680, .F. ) ;
#1145 = FACE_OUTER_BOUND ( 'NONE', #38, .T. ) ;
#1146 = ORIENTED_EDGE ( 'NONE', *, *, #1622, .F. ) ;
#1147 = PLANE ( 'NONE',  #1302 ) ;
#1148 = DIRECTION ( 'NONE',  ( 0.000000000000000000, 1.000000000000000000, 0.000000000000000000 ) ) ;
#1149 = APPROVAL_DATE_TIME ( #319, #2678 ) ;
#1150 = ADVANCED_FACE ( 'NONE', ( #2518 ), #656, .T. ) ;
#1151 = PLANE ( 'NONE',  #1478 ) ;
#1152 = ORIENTED_EDGE ( 'NONE', *, *, #1508, .T. ) ;
#1153 = VERTEX_POINT ( 'NONE', #423 ) ;
#1154 = CARTESIAN_POINT ( 'NONE',  ( 1.000000000000000000, 0.000000000000000000, 9.000000000000000000 ) ) ;
#1155 = ORIENTED_EDGE ( 'NONE', *, *, #2120, .T. ) ;
#1156 = DIRECTION ( 'NONE',  ( 0.000000000000000000, 1.000000000000000000, 2.041077998578924991E-17 ) ) ;
#1157 = ORIENTED_EDGE ( 'NONE', *, *, #2004, .T. ) ;
#1158 = CARTESIAN_POINT ( 'NONE',  ( 7.349999999999999645, 21.50000000000000000, 2.200000000000000178 ) ) ;
#1159 = MANIFOLD_SOLID_BREP ( 'NONE', #405 ) ;
#1160 = DIRECTION ( 'NONE',  ( 0.000000000000000000, -1.000000000000000000, 0.000000000000000000 ) ) ;
#1161 = DATE_AND_TIME ( #1324, #248 ) ;
#1162 = APPROVAL ( #1799, 'UNSPECIFIED' ) ;
#1163 = DIRECTION ( 'NONE',  ( 0.000000000000000000, 1.000000000000000000, 0.000000000000000000 ) ) ;
#1164 = AXIS2_PLACEMENT_3D ( 'NONE', #1858, #1103, #1945 ) ;
#1165 = LINE ( 'NONE', #968, #2304 ) ;
#1166 = ADVANCED_FACE ( 'NONE', ( #1885 ), #231, .T. ) ;
#1167 = CC_DESIGN_APPROVAL ( #881, ( #1653 ) ) ;
#1168 = LOCAL_TIME ( 0, 43, 15.00000000000000000, #2235 ) ;
#1169 = VECTOR ( 'NONE', #447, 1000.000000000000000 ) ;
#1170 = VERTEX_POINT ( 'NONE', #452 ) ;
#1171 = CYLINDRICAL_SURFACE ( 'NONE', #1178, 0.9999999999999991118 ) ;
#1172 = EDGE_CURVE ( 'NONE', #1733, #2019, #2335, .T. ) ;
#1173 = VECTOR ( 'NONE', #1227, 1000.000000000000000 ) ;
#1174 = ORIENTED_EDGE ( 'NONE', *, *, #851, .F. ) ;
#1175 = CARTESIAN_POINT ( 'NONE',  ( -1.546617889897003550, 18.80000000000000071, -7.910730166370600891 ) ) ;
#1176 = ORIENTED_EDGE ( 'NONE', *, *, #1035, .T. ) ;
#1177 = CARTESIAN_POINT ( 'NONE',  ( 0.000000000000000000, -18.80000000000000071, 7.287867965643999746 ) ) ;
#1178 = AXIS2_PLACEMENT_3D ( 'NONE', #1154, #1804, #983 ) ;
#1179 = CARTESIAN_POINT ( 'NONE',  ( 7.349999999999999645, 7.500000000000000000, 12.00000000000000000 ) ) ;
#1180 = SHAPE_DEFINITION_REPRESENTATION ( #1841, #1737 ) ;
#1181 = LINE ( 'NONE', #2660, #2661 ) ;
#1182 = CARTESIAN_POINT ( 'NONE',  ( -1.546617889897003550, 18.80000000000000071, 7.910730166370600891 ) ) ;
#1183 = ORIENTED_EDGE ( 'NONE', *, *, #760, .T. ) ;
#1184 = LINE ( 'NONE', #1596, #612 ) ;
#1185 = ORIENTED_EDGE ( 'NONE', *, *, #1035, .F. ) ;
#1186 = CARTESIAN_POINT ( 'NONE',  ( 7.349999999999999645, 7.500000000000000000, 3.500000000000000000 ) ) ;
#1187 = EDGE_CURVE ( 'NONE', #2197, #2612, #1745, .T. ) ;
#1188 = DIRECTION ( 'NONE',  ( 0.000000000000000000, 0.000000000000000000, 1.000000000000000000 ) ) ;
#1189 = CARTESIAN_POINT ( 'NONE',  ( -19.19999999999999574, -5.658500000000003638, 0.000000000000000000 ) ) ;
#1190 = DIRECTION ( 'NONE',  ( 0.000000000000000000, 0.000000000000000000, 1.000000000000000000 ) ) ;
#1191 = CARTESIAN_POINT ( 'NONE',  ( 7.349999999999999645, 7.500000000000000000, 12.00000000000000000 ) ) ;
#1192 = EDGE_LOOP ( 'NONE', ( #1380, #586 ) ) ;
#1193 = FACE_BOUND ( 'NONE', #376, .T. ) ;
#1194 = ORIENTED_EDGE ( 'NONE', *, *, #888, .T. ) ;
#1195 = PLANE ( 'NONE',  #88 ) ;
#1196 = CARTESIAN_POINT ( 'NONE',  ( -33.19999999999999574, -5.658500000000003638, 2.458500000000000352 ) ) ;
#1197 = DIRECTION ( 'NONE',  ( 1.000000000000000000, 0.000000000000000000, 0.000000000000000000 ) ) ;
#1198 = PRODUCT ( 'finger_spring.step', 'finger_spring.step', '', ( #432 ) ) ;
#1199 = DIRECTION ( 'NONE',  ( 0.000000000000000000, 0.000000000000000000, 1.000000000000000000 ) ) ;
#1200 = PERSON_AND_ORGANIZATION_ROLE ( 'design_supplier' ) ;
#1201 = CARTESIAN_POINT ( 'NONE',  ( 10.78110769285954085, 1.000000000000000000, 10.00000000000000000 ) ) ;
#1202 =( NAMED_UNIT ( * ) SI_UNIT ( $, .STERADIAN. ) SOLID_ANGLE_UNIT ( ) );
#1203 = EDGE_CURVE ( 'NONE', #1608, #2543, #2104, .T. ) ;
#1204 = CIRCLE ( 'NONE', #2082, 2.458500000000000352 ) ;
#1205 = CIRCLE ( 'NONE', #2567, 1.589999999999735847 ) ;
#1206 = ORIENTED_EDGE ( 'NONE', *, *, #145, .T. ) ;
#1207 = EDGE_CURVE ( 'NONE', #557, #885, #2269, .T. ) ;
#1208 = CARTESIAN_POINT ( 'NONE',  ( 14.40710678118654009, 1.292893218813442102, 9.707106781186551459 ) ) ;
#1209 = ORIENTED_EDGE ( 'NONE', *, *, #1052, .F. ) ;
#1210 = CARTESIAN_POINT ( 'NONE',  ( 14.69999999999999929, 21.50000000000000000, 12.00000000000000000 ) ) ;
#1211 = LOCAL_TIME ( 0, 43, 15.00000000000000000, #635 ) ;
#1212 = VECTOR ( 'NONE', #2523, 1000.000000000000000 ) ;
#1213 = CARTESIAN_POINT ( 'NONE',  ( -0.6099999999999994316, -18.80000000000000071, -7.500000000000000000 ) ) ;
#1214 = DIRECTION ( 'NONE',  ( 0.000000000000000000, 0.000000000000000000, 1.000000000000000000 ) ) ;
#1215 = APPROVAL ( #809, 'UNKNOWN' ) ;
#1216 = DIRECTION ( 'NONE',  ( 0.000000000000000000, 0.000000000000000000, 1.000000000000000000 ) ) ;
#1217 = AXIS2_PLACEMENT_3D ( 'NONE', #1285, #443, #2298 ) ;
#1218 = CONTEXT_DEPENDENT_SHAPE_REPRESENTATION ( #332, #1645 ) ;
#1219 = DIRECTION ( 'NONE',  ( 0.000000000000000000, 1.000000000000000000, 0.000000000000000000 ) ) ;
#1220 = VECTOR ( 'NONE', #220, 1000.000000000000000 ) ;
#1221 = VECTOR ( 'NONE', #2677, 1000.000000000000000 ) ;
#1222 = EDGE_CURVE ( 'NONE', #230, #527, #1253, .T. ) ;
#1223 = EDGE_CURVE ( 'NONE', #2322, #310, #667, .T. ) ;
#1224 = CARTESIAN_POINT ( 'NONE',  ( 15.69999999999999929, -2.449293598294704935E-16, 12.00000000000000000 ) ) ;
#1225 = VERTEX_POINT ( 'NONE', #2502 ) ;
#1226 = VERTEX_POINT ( 'NONE', #1499 ) ;
#1227 = DIRECTION ( 'NONE',  ( 0.000000000000000000, 0.000000000000000000, -1.000000000000000000 ) ) ;
#1228 = CARTESIAN_POINT ( 'NONE',  ( 7.349999999999999645, 21.50000000000000000, 12.00000000000000000 ) ) ;
#1229 = DIRECTION ( 'NONE',  ( 1.000000000000000000, 0.000000000000000000, 0.000000000000000000 ) ) ;
#1230 = DIRECTION ( 'NONE',  ( 0.000000000000000000, -1.000000000000000000, 0.000000000000000000 ) ) ;
#1231 = AXIS2_PLACEMENT_3D ( 'NONE', #207, #2063, #2463 ) ;
#1232 = CYLINDRICAL_SURFACE ( 'NONE', #2662, 3.299999999999999822 ) ;
#1233 = COORDINATED_UNIVERSAL_TIME_OFFSET ( 6, 0, .BEHIND. ) ;
#1234 = CARTESIAN_POINT ( 'NONE',  ( -5.000000000000000000, -2.449293598294704935E-16, 12.00000000000000000 ) ) ;
#1235 = CARTESIAN_POINT ( 'NONE',  ( -5.589999999999998082, 18.80000000000000071, -7.500000000000000000 ) ) ;
#1236 = ADVANCED_FACE ( 'NONE', ( #628 ), #1694, .F. ) ;
#1237 = DIRECTION ( 'NONE',  ( 0.000000000000000000, 0.000000000000000000, -1.000000000000000000 ) ) ;
#1238 = VERTEX_POINT ( 'NONE', #18 ) ;
#1239 = ORIENTED_EDGE ( 'NONE', *, *, #56, .F. ) ;
#1240 = ORIENTED_EDGE ( 'NONE', *, *, #1256, .F. ) ;
#1241 = PLANE ( 'NONE',  #48 ) ;
#1242 = CYLINDRICAL_SURFACE ( 'NONE', #2344, 7.349999999999999645 ) ;
#1243 = CARTESIAN_POINT ( 'NONE',  ( -33.19999999999999574, -6.200000000000003730, 3.000000000000000000 ) ) ;
#1244 = LINE ( 'NONE', #21, #787 ) ;
#1245 = DIRECTION ( 'NONE',  ( 0.000000000000000000, -2.041077998578924991E-17, 1.000000000000000000 ) ) ;
#1246 = DIRECTION ( 'NONE',  ( 1.000000000000000000, 0.000000000000000000, 0.000000000000000000 ) ) ;
#1247 = EDGE_CURVE ( 'NONE', #1316, #2585, #1282, .T. ) ;
#1248 =( LENGTH_UNIT ( ) NAMED_UNIT ( * ) SI_UNIT ( .MILLI., .METRE. ) );
#1249 = CARTESIAN_POINT ( 'NONE',  ( 14.69999999999999929, -2.449293598294704935E-16, 12.00000000000000000 ) ) ;
#1250 = ADVANCED_FACE ( 'NONE', ( #1896 ), #1241, .F. ) ;
#1251 = ORIENTED_EDGE ( 'NONE', *, *, #851, .T. ) ;
#1252 = EDGE_LOOP ( 'NONE', ( #2378, #1110, #2535, #815 ) ) ;
#1253 = LINE ( 'NONE', #1925, #1005 ) ;
#1254 = AXIS2_PLACEMENT_3D ( 'NONE', #1228, #689, #891 ) ;
#1255 = DIRECTION ( 'NONE',  ( 1.000000000000000000, 0.000000000000000000, 0.000000000000000000 ) ) ;
#1256 = EDGE_CURVE ( 'NONE', #1926, #2583, #392, .T. ) ;
#1257 = ORIENTED_EDGE ( 'NONE', *, *, #361, .T. ) ;
#1258 = CARTESIAN_POINT ( 'NONE',  ( -3.099999999999991651, -18.80000000000000071, 8.250000000000271783 ) ) ;
#1259 = CC_DESIGN_APPROVAL ( #481, ( #952 ) ) ;
#1260 = CARTESIAN_POINT ( 'NONE',  ( 10.65000000000000036, 21.50000000000000000, 0.000000000000000000 ) ) ;
#1261 = AXIS2_PLACEMENT_3D ( 'NONE', #195, #398, #184 ) ;
#1262 = CARTESIAN_POINT ( 'NONE',  ( 0.000000000000000000, 7.500000000000000000, 10.00000000000000000 ) ) ;
#1263 = EDGE_CURVE ( 'NONE', #1461, #1011, #2665, .T. ) ;
#1264 = AXIS2_PLACEMENT_3D ( 'NONE', #2242, #2473, #589 ) ;
#1265 = PERSON_AND_ORGANIZATION ( #1001, #603 ) ;
#1266 = CARTESIAN_POINT ( 'NONE',  ( 7.349999999999999645, 7.500000000000000000, -0.8000000000000000444 ) ) ;
#1267 = CIRCLE ( 'NONE', #2540, 7.349999999999999645 ) ;
#1268 = ORIENTED_EDGE ( 'NONE', *, *, #2229, .F. ) ;
#1269 = ORIENTED_EDGE ( 'NONE', *, *, #1335, .T. ) ;
#1270 = DIRECTION ( 'NONE',  ( 0.7071067811865431318, 0.000000000000000000, -0.7071067811865520136 ) ) ;
#1271 = ORIENTED_EDGE ( 'NONE', *, *, #2596, .F. ) ;
#1272 = CARTESIAN_POINT ( 'NONE',  ( 13.70000000000000107, 0.000000000000000000, 10.00000000000000000 ) ) ;
#1273 = EDGE_CURVE ( 'NONE', #885, #557, #1614, .T. ) ;
#1274 = FACE_OUTER_BOUND ( 'NONE', #1059, .T. ) ;
#1275 = DIRECTION ( 'NONE',  ( 0.000000000000000000, -1.000000000000000000, 0.000000000000000000 ) ) ;
#1276 = CALENDAR_DATE ( 2026, 24, 3 ) ;
#1277 = CYLINDRICAL_SURFACE ( 'NONE', #2090, 0.9999999999999991118 ) ;
#1278 = VECTOR ( 'NONE', #752, 1000.000000000000000 ) ;
#1279 = VECTOR ( 'NONE', #1661, 1000.000000000000000 ) ;
#1280 = VERTEX_POINT ( 'NONE', #475 ) ;
#1281 = ORIENTED_EDGE ( 'NONE', *, *, #421, .F. ) ;
#1282 = LINE ( 'NONE', #1061, #828 ) ;
#1283 = ORIENTED_EDGE ( 'NONE', *, *, #2564, .T. ) ;
#1284 = DIRECTION ( 'NONE',  ( 0.000000000000000000, 1.000000000000000000, 0.000000000000000000 ) ) ;
#1285 = CARTESIAN_POINT ( 'NONE',  ( -1.000000000000000000, -2.449293598294704935E-16, 12.00000000000000000 ) ) ;
#1286 = LINE ( 'NONE', #1065, #39 ) ;
#1287 = DIRECTION ( 'NONE',  ( 1.000000000000000000, 0.000000000000000000, 0.000000000000000000 ) ) ;
#1288 = ORIENTED_EDGE ( 'NONE', *, *, #2478, .F. ) ;
#1289 = ORIENTED_EDGE ( 'NONE', *, *, #1301, .T. ) ;
#1290 = DIRECTION ( 'NONE',  ( 0.000000000000000000, 0.000000000000000000, -1.000000000000000000 ) ) ;
#1291 = ORIENTED_EDGE ( 'NONE', *, *, #888, .F. ) ;
#1292 = LINE ( 'NONE', #877, #1921 ) ;
#1293 =( BOUNDED_CURVE ( )  B_SPLINE_CURVE ( 3, ( #781, #1408, #806, #2034 ),
 .UNSPECIFIED., .F., .T. ) 
 B_SPLINE_CURVE_WITH_KNOTS ( ( 4, 4 ),
 ( 5.497787143782139729, 6.283185307179590673 ),
 .UNSPECIFIED. ) 
 CURVE ( )  GEOMETRIC_REPRESENTATION_ITEM ( )  RATIONAL_B_SPLINE_CURVE ( ( 1.000000000000000000, 0.9492530216741910110, 0.9492530216741910110, 1.000000000000000000 ) ) 
 REPRESENTATION_ITEM ( '' )  );
#1294 = CARTESIAN_POINT ( 'NONE',  ( 5.108906516898500172, 14.50000000000000000, 10.00000000000000000 ) ) ;
#1295 = AXIS2_PLACEMENT_3D ( 'NONE', #411, #2148, #1255 ) ;
#1296 = SECURITY_CLASSIFICATION ( '', '', #1930 ) ;
#1297 = DIRECTION ( 'NONE',  ( 0.000000000000000000, 0.000000000000000000, 1.000000000000000000 ) ) ;
#1298 = VECTOR ( 'NONE', #1112, 1000.000000000000000 ) ;
#1299 = PERSON_AND_ORGANIZATION_ROLE ( 'creator' ) ;
#1300 = AXIS2_PLACEMENT_3D ( 'NONE', #367, #2490, #2433 ) ;
#1301 = EDGE_CURVE ( 'NONE', #477, #2088, #1664, .T. ) ;
#1302 = AXIS2_PLACEMENT_3D ( 'NONE', #2411, #2464, #327 ) ;
#1303 = CARTESIAN_POINT ( 'NONE',  ( 7.349999999999999645, 21.50000000000000000, 12.00000000000000000 ) ) ;
#1304 = VERTEX_POINT ( 'NONE', #987 ) ;
#1305 = VERTEX_POINT ( 'NONE', #2190 ) ;
#1306 = DIRECTION ( 'NONE',  ( -1.000000000000000000, 0.000000000000000000, 0.000000000000000000 ) ) ;
#1307 = ADVANCED_FACE ( 'NONE', ( #2233 ), #1982, .T. ) ;
#1308 = EDGE_LOOP ( 'NONE', ( #1497, #2086, #959, #2366, #1281, #1986 ) ) ;
#1309 = DIRECTION ( 'NONE',  ( 0.000000000000000000, 0.000000000000000000, -1.000000000000000000 ) ) ;
#1310 = DIRECTION ( 'NONE',  ( 0.000000000000000000, 0.000000000000000000, -1.000000000000000000 ) ) ;
#1311 = CARTESIAN_POINT ( 'NONE',  ( -10.99999999999999645, -18.80000000000000071, 7.500000000000000000 ) ) ;
#1312 = COORDINATED_UNIVERSAL_TIME_OFFSET ( 6, 0, .BEHIND. ) ;
#1313 = CARTESIAN_POINT ( 'NONE',  ( -33.19999999999999574, 5.809999999999999609, -3.000000000000000000 ) ) ;
#1314 = EDGE_CURVE ( 'NONE', #2325, #342, #1601, .T. ) ;
#1315 = VERTEX_POINT ( 'NONE', #1000 ) ;
#1316 = VERTEX_POINT ( 'NONE', #766 ) ;
#1317 = EDGE_LOOP ( 'NONE', ( #2458, #1268, #1874, #1283 ) ) ;
#1318 = LINE ( 'NONE', #2338, #1838 ) ;
#1319 = VERTEX_POINT ( 'NONE', #550 ) ;
#1320 = CARTESIAN_POINT ( 'NONE',  ( 19.69999999999999929, -30.00000000000000000, 12.00000000000000000 ) ) ;
#1321 = DIRECTION ( 'NONE',  ( 1.000000000000000000, 0.000000000000000000, 0.000000000000000000 ) ) ;
#1322 = CARTESIAN_POINT ( 'NONE',  ( -1.546617889897003550, -18.80000000000000071, -7.910730166370600891 ) ) ;
#1323 = DIRECTION ( 'NONE',  ( 0.000000000000000000, 0.000000000000000000, -1.000000000000000000 ) ) ;
#1324 = CALENDAR_DATE ( 2026, 24, 3 ) ;
#1325 = ADVANCED_FACE ( 'NONE', ( #563 ), #1147, .T. ) ;
#1326 = EDGE_CURVE ( 'NONE', #1868, #1280, #1080, .T. ) ;
#1327 = CARTESIAN_POINT ( 'NONE',  ( -40.20000000000000284, -6.200000000000003730, 7.358578643762700544 ) ) ;
#1328 = ADVANCED_FACE ( 'NONE', ( #535 ), #945, .F. ) ;
#1329 = ORIENTED_EDGE ( 'NONE', *, *, #1880, .T. ) ;
#1330 = VERTEX_POINT ( 'NONE', #740 ) ;
#1331 = EDGE_LOOP ( 'NONE', ( #531, #668, #1884, #2010, #2654 ) ) ;
#1332 = LINE ( 'NONE', #661, #135 ) ;
#1333 = VERTEX_POINT ( 'NONE', #2244 ) ;
#1334 = FACE_OUTER_BOUND ( 'NONE', #1367, .T. ) ;
#1335 = EDGE_CURVE ( 'NONE', #1072, #2585, #1705, .T. ) ;
#1336 = LINE ( 'NONE', #2616, #2638 ) ;
#1337 = DIRECTION ( 'NONE',  ( 1.000000000000000000, 0.000000000000000000, 0.000000000000000000 ) ) ;
#1338 = LINE ( 'NONE', #551, #472 ) ;
#1339 = VECTOR ( 'NONE', #49, 1000.000000000000000 ) ;
#1340 = DATE_AND_TIME ( #507, #1564 ) ;
#1341 = LOCAL_TIME ( 0, 43, 15.00000000000000000, #582 ) ;
#1342 = CC_DESIGN_APPROVAL ( #2384, ( #2592 ) ) ;
#1343 = FACE_OUTER_BOUND ( 'NONE', #2201, .T. ) ;
#1344 = VECTOR ( 'NONE', #1043, 1000.000000000000000 ) ;
#1345 = VECTOR ( 'NONE', #2049, 1000.000000000000114 ) ;
#1346 = VERTEX_POINT ( 'NONE', #1994 ) ;
#1347 = VECTOR ( 'NONE', #1310, 1000.000000000000000 ) ;
#1348 = AXIS2_PLACEMENT_3D ( 'NONE', #2214, #1381, #115 ) ;
#1349 = ORIENTED_EDGE ( 'NONE', *, *, #1122, .T. ) ;
#1350 = CARTESIAN_POINT ( 'NONE',  ( -3.099999999999991651, 18.79999999999999716, -8.250000000000271783 ) ) ;
#1351 = EDGE_LOOP ( 'NONE', ( #1846, #814, #2059, #408 ) ) ;
#1352 = DIRECTION ( 'NONE',  ( -0.7071067811865431318, 0.000000000000000000, -0.7071067811865520136 ) ) ;
#1353 = CIRCLE ( 'NONE', #1119, 7.349999999999999645 ) ;
#1354 = EDGE_CURVE ( 'NONE', #1316, #1911, #357, .T. ) ;
#1355 = CARTESIAN_POINT ( 'NONE',  ( -0.6099999999999994316, 18.80000000000000071, -7.500000000000000000 ) ) ;
#1356 = DIRECTION ( 'NONE',  ( 0.000000000000000000, 0.000000000000000000, 1.000000000000000000 ) ) ;
#1357 = FACE_BOUND ( 'NONE', #2531, .T. ) ;
#1358 = DATE_AND_TIME ( #966, #37 ) ;
#1359 = PERSON ( 'NAUO-PER2', 'UNSPECIFIED', 'UNSPECIFIED', ('UNSPECIFIED'), ('UNSPECIFIED'), ('UNSPECIFIED') ) ;
#1360 = DIRECTION ( 'NONE',  ( 0.000000000000000000, -1.000000000000000000, 0.000000000000000000 ) ) ;
#1361 = EDGE_LOOP ( 'NONE', ( #321, #2211, #2249 ) ) ;
#1362 = ORIENTED_EDGE ( 'NONE', *, *, #2512, .F. ) ;
#1363 = LINE ( 'NONE', #1572, #830 ) ;
#1364 = ORIENTED_EDGE ( 'NONE', *, *, #2229, .T. ) ;
#1365 = LINE ( 'NONE', #270, #909 ) ;
#1366 = CC_DESIGN_PERSON_AND_ORGANIZATION_ASSIGNMENT ( #237, #1057, ( #1198 ) ) ;
#1367 = EDGE_LOOP ( 'NONE', ( #992, #1271, #436, #1817 ) ) ;
#1368 = DIRECTION ( 'NONE',  ( 1.000000000000000000, 0.000000000000000000, 0.000000000000000000 ) ) ;
#1369 = CARTESIAN_POINT ( 'NONE',  ( 7.349999999999999645, 21.50000000000000000, 10.00000000000000000 ) ) ;
#1370 = APPROVAL_STATUS ( 'not_yet_approved' ) ;
#1371 = CARTESIAN_POINT ( 'NONE',  ( -19.19999999999999574, 5.809999999999999609, 0.000000000000000000 ) ) ;
#1372 = DIRECTION ( 'NONE',  ( 0.000000000000000000, 0.000000000000000000, -1.000000000000000000 ) ) ;
#1373 = EDGE_CURVE ( 'NONE', #337, #326, #1524, .T. ) ;
#1374 = ORIENTED_EDGE ( 'NONE', *, *, #1508, .F. ) ;
#1375 = ADVANCED_FACE ( 'NONE', ( #343 ), #2423, .T. ) ;
#1376 = ORIENTED_EDGE ( 'NONE', *, *, #2577, .T. ) ;
#1377 = CARTESIAN_POINT ( 'NONE',  ( 0.000000000000000000, 28.00000000000000000, 10.00000000000000000 ) ) ;
#1378 = EDGE_LOOP ( 'NONE', ( #777, #911, #2149 ) ) ;
#1379 = DIRECTION ( 'NONE',  ( 0.000000000000000000, -1.000000000000000000, 0.000000000000000000 ) ) ;
#1380 = ORIENTED_EDGE ( 'NONE', *, *, #2515, .T. ) ;
#1381 = DIRECTION ( 'NONE',  ( 0.000000000000000000, 1.000000000000000000, 0.000000000000000000 ) ) ;
#1382 = DIRECTION ( 'NONE',  ( 0.000000000000000000, 0.000000000000000000, 1.000000000000000000 ) ) ;
#1383 = COORDINATED_UNIVERSAL_TIME_OFFSET ( 6, 0, .BEHIND. ) ;
#1384 = CARTESIAN_POINT ( 'NONE',  ( -10.99999999999999645, -18.80000000000000071, -9.839999999999999858 ) ) ;
#1385 = CIRCLE ( 'NONE', #210, 3.000000000000000000 ) ;
#1386 = FACE_BOUND ( 'NONE', #473, .T. ) ;
#1387 = AXIS2_PLACEMENT_3D ( 'NONE', #1118, #1960, #95 ) ;
#1388 = EDGE_CURVE ( 'NONE', #1576, #2032, #2632, .T. ) ;
#1389 = CONICAL_SURFACE ( 'NONE', #2615, 3.000000000000000000, 0.7853981633974476129 ) ;
#1390 = EDGE_LOOP ( 'NONE', ( #2471, #1654, #2551 ) ) ;
#1391 = CARTESIAN_POINT ( 'NONE',  ( 4.049999999999999822, 7.500000000000000000, -0.8000000000000000444 ) ) ;
#1392 = VECTOR ( 'NONE', #245, 1000.000000000000000 ) ;
#1393 = EDGE_CURVE ( 'NONE', #1729, #2568, #348, .T. ) ;
#1394 = ORIENTED_EDGE ( 'NONE', *, *, #1533, .T. ) ;
#1395 = LINE ( 'NONE', #1657, #435 ) ;
#1396 = VECTOR ( 'NONE', #1037, 1000.000000000000000 ) ;
#1397 = FACE_OUTER_BOUND ( 'NONE', #85, .T. ) ;
#1398 = FACE_OUTER_BOUND ( 'NONE', #1947, .T. ) ;
#1399 = AXIS2_PLACEMENT_3D ( 'NONE', #1096, #1732, #2569 ) ;
#1400 = FACE_BOUND ( 'NONE', #1883, .T. ) ;
#1401 = EDGE_CURVE ( 'NONE', #715, #1733, #1484, .T. ) ;
#1402 = PLANE ( 'NONE',  #875 ) ;
#1403 = ORIENTED_EDGE ( 'NONE', *, *, #1401, .F. ) ;
#1404 = EDGE_LOOP ( 'NONE', ( #1709, #1598, #1465, #710 ) ) ;
#1405 = FACE_OUTER_BOUND ( 'NONE', #243, .T. ) ;
#1406 = ORIENTED_EDGE ( 'NONE', *, *, #1102, .T. ) ;
#1407 = CARTESIAN_POINT ( 'NONE',  ( 14.69999999999999929, -30.00000000000000000, 12.00000000000000000 ) ) ;
#1408 = CARTESIAN_POINT ( 'NONE',  ( 0.1028504210243392641, 1.102850421024339278, 9.517063983397436644 ) ) ;
#1409 = CARTESIAN_POINT ( 'NONE',  ( -3.099999999999991651, -18.80000000000000071, 8.250000000000271783 ) ) ;
#1410 = DIRECTION ( 'NONE',  ( 0.000000000000000000, 0.000000000000000000, 1.000000000000000000 ) ) ;
#1411 = EDGE_CURVE ( 'NONE', #230, #1431, #167, .T. ) ;
#1412 = DATE_AND_TIME ( #402, #1341 ) ;
#1413 = ADVANCED_FACE ( 'NONE', ( #1398 ), #2453, .T. ) ;
#1414 = CC_DESIGN_PERSON_AND_ORGANIZATION_ASSIGNMENT ( #2605, #2381, ( #2592 ) ) ;
#1415 = ORIENTED_EDGE ( 'NONE', *, *, #2105, .T. ) ;
#1416 = EDGE_LOOP ( 'NONE', ( #1775, #2375 ) ) ;
#1417 = ORIENTED_EDGE ( 'NONE', *, *, #1594, .T. ) ;
#1418 = DIRECTION ( 'NONE',  ( 0.000000000000000000, 0.000000000000000000, 1.000000000000000000 ) ) ;
#1419 = CARTESIAN_POINT ( 'NONE',  ( 13.70000000000000107, 11.20135110466434014, 10.00000000000000000 ) ) ;
#1420 = LINE ( 'NONE', #1676, #2575 ) ;
#1421 = CARTESIAN_POINT ( 'NONE',  ( 7.349999999999999645, 7.500000000000000000, 2.200000000000000178 ) ) ;
#1422 = ADVANCED_FACE ( 'NONE', ( #1633 ), #610, .F. ) ;
#1423 = ADVANCED_FACE ( 'NONE', ( #234 ), #1054, .T. ) ;
#1424 = SECURITY_CLASSIFICATION_LEVEL ( 'unclassified' ) ;
#1425 = LINE ( 'NONE', #1591, #2492 ) ;
#1426 = DIRECTION ( 'NONE',  ( 1.000000000000000000, 0.000000000000000000, 0.000000000000000000 ) ) ;
#1427 = DIRECTION ( 'NONE',  ( -1.000000000000000000, 0.000000000000000000, 0.000000000000000000 ) ) ;
#1428 = AXIS2_PLACEMENT_3D ( 'NONE', #827, #1842, #594 ) ;
#1429 = VERTEX_POINT ( 'NONE', #860 ) ;
#1430 = LOCAL_TIME ( 0, 43, 15.00000000000000000, #2700 ) ;
#1431 = VERTEX_POINT ( 'NONE', #2686 ) ;
#1432 = CARTESIAN_POINT ( 'NONE',  ( 0.2928932188134520387, 1.292893218813443879, 9.707106781186551459 ) ) ;
#1433 = AXIS2_PLACEMENT_3D ( 'NONE', #601, #1436, #1229 ) ;
#1434 = AXIS2_PLACEMENT_3D ( 'NONE', #2427, #2257, #1004 ) ;
#1435 = CIRCLE ( 'NONE', #131, 7.349999999999999645 ) ;
#1436 = DIRECTION ( 'NONE',  ( 0.000000000000000000, 0.000000000000000000, 1.000000000000000000 ) ) ;
#1437 = CARTESIAN_POINT ( 'NONE',  ( -5.589999999999998082, -18.80000000000000071, 7.500000000000000000 ) ) ;
#1438 = CARTESIAN_POINT ( 'NONE',  ( 7.349999999999999645, 7.500000000000000000, 10.00000000000000000 ) ) ;
#1439 = AXIS2_PLACEMENT_3D ( 'NONE', #1577, #369, #2202 ) ;
#1440 = DESIGN_CONTEXT ( 'detailed design', #2029, 'design' ) ;
#1441 = EDGE_CURVE ( 'NONE', #66, #120, #1244, .T. ) ;
#1442 = PERSON_AND_ORGANIZATION_ROLE ( 'classification_officer' ) ;
#1443 = CARTESIAN_POINT ( 'NONE',  ( 7.349999999999999645, 21.50000000000000000, 2.200000000000000178 ) ) ;
#1444 = AXIS2_PLACEMENT_3D ( 'NONE', #1063, #1698, #1849 ) ;
#1445 = DIRECTION ( 'NONE',  ( 0.000000000000000000, 0.000000000000000000, 1.000000000000000000 ) ) ;
#1446 = CARTESIAN_POINT ( 'NONE',  ( 0.000000000000000000, 0.000000000000000000, 10.00000000000000000 ) ) ;
#1447 = ORIENTED_EDGE ( 'NONE', *, *, #145, .F. ) ;
#1448 = ORIENTED_EDGE ( 'NONE', *, *, #685, .T. ) ;
#1449 = DIRECTION ( 'NONE',  ( 1.000000000000000000, 0.000000000000000000, 0.000000000000000000 ) ) ;
#1450 = DIRECTION ( 'NONE',  ( -0.9769698805680890885, 0.000000000000000000, -0.2133772538551705900 ) ) ;
#1451 = DIRECTION ( 'NONE',  ( 1.000000000000000000, 0.000000000000000000, 0.000000000000000000 ) ) ;
#1452 = CARTESIAN_POINT ( 'NONE',  ( -33.19999999999999574, -6.200000000000003730, 0.000000000000000000 ) ) ;
#1453 = DIRECTION ( 'NONE',  ( 0.000000000000000000, -1.000000000000000000, 0.000000000000000000 ) ) ;
#1454 = CALENDAR_DATE ( 2026, 24, 3 ) ;
#1455 = CC_DESIGN_DATE_AND_TIME_ASSIGNMENT ( #901, #105, ( #1517 ) ) ;
#1456 = DIRECTION ( 'NONE',  ( 0.000000000000000000, 0.000000000000000000, 1.000000000000000000 ) ) ;
#1457 = EDGE_CURVE ( 'NONE', #908, #2241, #1644, .T. ) ;
#1458 = LINE ( 'NONE', #1866, #127 ) ;
#1459 = ADVANCED_FACE ( 'NONE', ( #2076 ), #1861, .T. ) ;
#1460 = ORIENTED_EDGE ( 'NONE', *, *, #539, .F. ) ;
#1461 = VERTEX_POINT ( 'NONE', #2094 ) ;
#1462 = DIRECTION ( 'NONE',  ( -0.4016064257026794038, 0.000000000000000000, -0.9158123600576257850 ) ) ;
#1463 = LINE ( 'NONE', #1090, #2436 ) ;
#1464 = ADVANCED_FACE ( 'NONE', ( #30 ), #1835, .F. ) ;
#1465 = ORIENTED_EDGE ( 'NONE', *, *, #1703, .T. ) ;
#1466 = CARTESIAN_POINT ( 'NONE',  ( 7.349999999999999645, 21.50000000000000000, 0.000000000000000000 ) ) ;
#1467 = CARTESIAN_POINT ( 'NONE',  ( -40.05857864375998645, -18.80000000000000071, 7.500000000000000000 ) ) ;
#1468 = UNCERTAINTY_MEASURE_WITH_UNIT (LENGTH_MEASURE( 1.000000000000000082E-05 ), #2248, 'distance_accuracy_value', 'NONE');
#1469 = DIRECTION ( 'NONE',  ( 0.000000000000000000, 0.000000000000000000, -1.000000000000000000 ) ) ;
#1470 = CALENDAR_DATE ( 2026, 24, 3 ) ;
#1471 = DIRECTION ( 'NONE',  ( 0.000000000000000000, 0.000000000000000000, 1.000000000000000000 ) ) ;
#1472 = VERTEX_POINT ( 'NONE', #224 ) ;
#1473 = ORIENTED_EDGE ( 'NONE', *, *, #1940, .T. ) ;
#1474 = CARTESIAN_POINT ( 'NONE',  ( -4.653382110102993963, -18.80000000000000071, -7.910730166370600891 ) ) ;
#1475 = CIRCLE ( 'NONE', #2215, 2.458500000000000352 ) ;
#1476 = ORIENTED_EDGE ( 'NONE', *, *, #972, .F. ) ;
#1477 = DIRECTION ( 'NONE',  ( 0.000000000000000000, 1.000000000000000000, 0.000000000000000000 ) ) ;
#1478 = AXIS2_PLACEMENT_3D ( 'NONE', #108, #1771, #1360 ) ;
#1479 = LINE ( 'NONE', #2537, #652 ) ;
#1480 = AXIS2_PLACEMENT_3D ( 'NONE', #1224, #2278, #2057 ) ;
#1481 = CARTESIAN_POINT ( 'NONE',  ( -10.99999999999999645, 5.809999999999999609, -7.500000000000000000 ) ) ;
#1482 = VECTOR ( 'NONE', #2036, 1000.000000000000000 ) ;
#1483 = MECHANICAL_CONTEXT ( 'NONE', #1892, 'mechanical' ) ;
#1484 = CIRCLE ( 'NONE', #961, 2.458500000000000352 ) ;
#1485 = CARTESIAN_POINT ( 'NONE',  ( 0.000000000000000000, 28.00000000000000000, 9.000000000000000000 ) ) ;
#1486 = AXIS2_PLACEMENT_3D ( 'NONE', #776, #1584, #2228 ) ;
#1487 = EDGE_LOOP ( 'NONE', ( #2, #2501, #76, #1415, #2107, #2588 ) ) ;
#1488 = ORIENTED_EDGE ( 'NONE', *, *, #1496, .T. ) ;
#1489 = DIRECTION ( 'NONE',  ( 0.000000000000000000, 0.000000000000000000, 1.000000000000000000 ) ) ;
#1490 = VERTEX_POINT ( 'NONE', #807 ) ;
#1491 = CARTESIAN_POINT ( 'NONE',  ( -19.19999999999999574, 5.809999999999999609, 0.000000000000000000 ) ) ;
#1492 = LINE ( 'NONE', #456, #1523 ) ;
#1493 = CARTESIAN_POINT ( 'NONE',  ( 10.65000000000000036, 21.50000000000000000, -0.8000000000000000444 ) ) ;
#1494 = EDGE_CURVE ( 'NONE', #1855, #1926, #1420, .T. ) ;
#1495 = CALENDAR_DATE ( 2026, 24, 3 ) ;
#1496 = EDGE_CURVE ( 'NONE', #1587, #2281, #196, .T. ) ;
#1497 = ORIENTED_EDGE ( 'NONE', *, *, #57, .F. ) ;
#1498 = VERTEX_POINT ( 'NONE', #619 ) ;
#1499 = CARTESIAN_POINT ( 'NONE',  ( 19.69999999999999929, -30.00000000000000000, 11.00000000000000000 ) ) ;
#1500 = CC_DESIGN_PERSON_AND_ORGANIZATION_ASSIGNMENT ( #2635, #1781, ( #791 ) ) ;
#1501 = ORIENTED_EDGE ( 'NONE', *, *, #1411, .T. ) ;
#1502 = DIRECTION ( 'NONE',  ( 0.000000000000000000, 1.000000000000000000, 0.000000000000000000 ) ) ;
#1503 = CARTESIAN_POINT ( 'NONE',  ( -0.2121320343559940369, -18.80000000000000071, 7.500000000000000000 ) ) ;
#1504 = LINE ( 'NONE', #879, #1339 ) ;
#1505 = ADVANCED_FACE ( 'NONE', ( #399 ), #2182, .F. ) ;
#1506 = EDGE_CURVE ( 'NONE', #1855, #1304, #1687, .T. ) ;
#1507 = APPROVAL_ROLE ( '' ) ;
#1508 = EDGE_CURVE ( 'NONE', #1121, #1346, #2315, .T. ) ;
#1509 = CARTESIAN_POINT ( 'NONE',  ( 0.2928932188134520387, 1.292893218813443879, 9.707106781186551459 ) ) ;
#1510 = ORIENTED_EDGE ( 'NONE', *, *, #2470, .T. ) ;
#1511 = VERTEX_POINT ( 'NONE', #2297 ) ;
#1512 = CARTESIAN_POINT ( 'NONE',  ( 7.349999999999999645, 7.500000000000000000, 10.00000000000000000 ) ) ;
#1513 = ORIENTED_EDGE ( 'NONE', *, *, #2240, .T. ) ;
#1514 = LINE ( 'NONE', #925, #1046 ) ;
#1515 = FACE_OUTER_BOUND ( 'NONE', #1675, .T. ) ;
#1516 = AXIS2_PLACEMENT_3D ( 'NONE', #466, #2603, #62 ) ;
#1517 = SECURITY_CLASSIFICATION ( '', '', #1137 ) ;
#1518 = CARTESIAN_POINT ( 'NONE',  ( -3.099999999999991651, 18.79999999999999716, 8.250000000000271783 ) ) ;
#1519 = APPROVAL_PERSON_ORGANIZATION ( #1825, #1215, #824 ) ;
#1520 = ADVANCED_FACE ( 'NONE', ( #2285, #425 ), #10, .T. ) ;
#1521 = CIRCLE ( 'NONE', #42, 7.349999999999999645 ) ;
#1522 = DIRECTION ( 'NONE',  ( 0.000000000000000000, 0.000000000000000000, 1.000000000000000000 ) ) ;
#1523 = VECTOR ( 'NONE', #680, 1000.000000000000000 ) ;
#1524 = CIRCLE ( 'NONE', #134, 2.458500000000000352 ) ;
#1525 = CARTESIAN_POINT ( 'NONE',  ( -3.099999999999991651, -18.80000000000000071, 8.250000000000271783 ) ) ;
#1526 = ORIENTED_EDGE ( 'NONE', *, *, #2365, .F. ) ;
#1527 = VECTOR ( 'NONE', #1990, 1000.000000000000114 ) ;
#1528 = EDGE_LOOP ( 'NONE', ( #2043, #1510, #1802, #1288 ) ) ;
#1529 = ORIENTED_EDGE ( 'NONE', *, *, #2259, .F. ) ;
#1530 = DIRECTION ( 'NONE',  ( 0.9158123600576256740, 0.000000000000000000, 0.4016064257026793483 ) ) ;
#1531 = ORIENTED_EDGE ( 'NONE', *, *, #1326, .F. ) ;
#1532 = CARTESIAN_POINT ( 'NONE',  ( 7.349999999999999645, 7.500000000000000000, 10.00000000000000000 ) ) ;
#1533 = EDGE_CURVE ( 'NONE', #1868, #1333, #591, .T. ) ;
#1534 = EDGE_LOOP ( 'NONE', ( #1672, #313, #1808, #2582, #1289 ) ) ;
#1535 = DIRECTION ( 'NONE',  ( 0.000000000000000000, 0.000000000000000000, 1.000000000000000000 ) ) ;
#1536 = DIRECTION ( 'NONE',  ( 0.000000000000000000, 0.000000000000000000, -1.000000000000000000 ) ) ;
#1537 = APPLICATION_PROTOCOL_DEFINITION ( 'international standard', 'config_control_design', 1994, #448 ) ;
#1538 = EDGE_CURVE ( 'NONE', #2291, #704, #915, .T. ) ;
#1539 = CARTESIAN_POINT ( 'NONE',  ( 7.349999999999999645, 14.50000000000000000, 12.00000000000000000 ) ) ;
#1540 = ORIENTED_EDGE ( 'NONE', *, *, #1388, .F. ) ;
#1541 = ORIENTED_EDGE ( 'NONE', *, *, #659, .F. ) ;
#1542 = ORIENTED_EDGE ( 'NONE', *, *, #2193, .T. ) ;
#1543 = DIRECTION ( 'NONE',  ( 0.000000000000000000, 0.000000000000000000, -1.000000000000000000 ) ) ;
#1544 = ORIENTED_EDGE ( 'NONE', *, *, #2105, .F. ) ;
#1545 = CARTESIAN_POINT ( 'NONE',  ( 12.84999999999999964, 21.50000000000000000, 3.500000000000000000 ) ) ;
#1546 = EDGE_LOOP ( 'NONE', ( #254, #937 ) ) ;
#1547 = DIRECTION ( 'NONE',  ( 0.000000000000000000, -1.000000000000000000, 0.000000000000000000 ) ) ;
#1548 = FACE_OUTER_BOUND ( 'NONE', #1693, .T. ) ;
#1549 = CALENDAR_DATE ( 2026, 24, 3 ) ;
#1550 = FACE_OUTER_BOUND ( 'NONE', #2069, .T. ) ;
#1551 = ORIENTED_EDGE ( 'NONE', *, *, #2608, .F. ) ;
#1552 = ADVANCED_FACE ( 'NONE', ( #413 ), #1875, .T. ) ;
#1553 = ORIENTED_EDGE ( 'NONE', *, *, #2608, .T. ) ;
#1554 = DIRECTION ( 'NONE',  ( 0.000000000000000000, 0.000000000000000000, 1.000000000000000000 ) ) ;
#1555 = ORIENTED_EDGE ( 'NONE', *, *, #1597, .F. ) ;
#1556 = CYLINDRICAL_SURFACE ( 'NONE', #1079, 2.458500000000000352 ) ;
#1557 = LINE ( 'NONE', #2189, #1278 ) ;
#1558 = CARTESIAN_POINT ( 'NONE',  ( 1.000000000000000000, 0.000000000000000000, 10.00000000000000000 ) ) ;
#1559 = VECTOR ( 'NONE', #1941, 1000.000000000000114 ) ;
#1560 = DIRECTION ( 'NONE',  ( 0.000000000000000000, 0.000000000000000000, 1.000000000000000000 ) ) ;
#1561 = CC_DESIGN_SECURITY_CLASSIFICATION ( #1296, ( #952 ) ) ;
#1562 = PERSON_AND_ORGANIZATION ( #1001, #603 ) ;
#1563 = ORGANIZATION ( 'NAUO-ORG1', 'UNSPECIFIED', 'UNSPECIFIED' ) ;
#1564 = LOCAL_TIME ( 0, 43, 15.00000000000000000, #2192 ) ;
#1565 = CARTESIAN_POINT ( 'NONE',  ( 19.69999999999999929, -2.449293598294704935E-16, 12.00000000000000000 ) ) ;
#1566 = VECTOR ( 'NONE', #1851, 1000.000000000000114 ) ;
#1567 = VERTEX_POINT ( 'NONE', #2698 ) ;
#1568 = PRODUCT_RELATED_PRODUCT_CATEGORY ( 'detail', '', ( #489 ) ) ;
#1569 = AXIS2_PLACEMENT_3D ( 'NONE', #1793, #1156, #2155 ) ;
#1570 = AXIS2_PLACEMENT_3D ( 'NONE', #1710, #204, #2124 ) ;
#1571 = EDGE_LOOP ( 'NONE', ( #892, #893 ) ) ;
#1572 = CARTESIAN_POINT ( 'NONE',  ( 0.000000000000000000, -18.80000000000000071, 7.287867965643999746 ) ) ;
#1573 = ORIENTED_EDGE ( 'NONE', *, *, #1877, .F. ) ;
#1574 = CARTESIAN_POINT ( 'NONE',  ( 7.349999999999999645, 21.50000000000000000, 12.00000000000000000 ) ) ;
#1575 = AXIS2_PLACEMENT_3D ( 'NONE', #558, #2185, #1977 ) ;
#1576 = VERTEX_POINT ( 'NONE', #820 ) ;
#1577 = CARTESIAN_POINT ( 'NONE',  ( -33.19999999999999574, -6.200000000000003730, 0.000000000000000000 ) ) ;
#1578 = LINE ( 'NONE', #92, #823 ) ;
#1579 = CALENDAR_DATE ( 2026, 24, 3 ) ;
#1580 = PLANE ( 'NONE',  #866 ) ;
#1581 = DIRECTION ( 'NONE',  ( 0.000000000000000000, 0.000000000000000000, 1.000000000000000000 ) ) ;
#1582 = ORIENTED_EDGE ( 'NONE', *, *, #1987, .T. ) ;
#1583 = ORIENTED_EDGE ( 'NONE', *, *, #1712, .F. ) ;
#1584 = DIRECTION ( 'NONE',  ( 0.000000000000000000, 1.000000000000000000, 0.000000000000000000 ) ) ;
#1585 = ORIENTED_EDGE ( 'NONE', *, *, #1022, .F. ) ;
#1586 = PLANE ( 'NONE',  #738 ) ;
#1587 = VERTEX_POINT ( 'NONE', #1662 ) ;
#1588 = DIRECTION ( 'NONE',  ( 0.000000000000000000, 1.000000000000000000, 0.000000000000000000 ) ) ;
#1589 = CARTESIAN_POINT ( 'NONE',  ( 10.65000000000000036, 7.500000000000000000, -0.8000000000000000444 ) ) ;
#1590 = COORDINATED_UNIVERSAL_TIME_OFFSET ( 6, 0, .BEHIND. ) ;
#1591 = CARTESIAN_POINT ( 'NONE',  ( -5.002500000000000391, -30.00000000000000000, 11.00000000000000000 ) ) ;
#1592 = EDGE_CURVE ( 'NONE', #2238, #675, #788, .T. ) ;
#1593 = CYLINDRICAL_SURFACE ( 'NONE', #2391, 7.349999999999999645 ) ;
#1594 = EDGE_CURVE ( 'NONE', #1472, #1926, #1267, .T. ) ;
#1595 = ORIENTED_EDGE ( 'NONE', *, *, #2466, .F. ) ;
#1596 = CARTESIAN_POINT ( 'NONE',  ( 0.000000000000000000, 1.000000000000000000, 10.00000000000000000 ) ) ;
#1597 = EDGE_CURVE ( 'NONE', #66, #1926, #1927, .T. ) ;
#1598 = ORIENTED_EDGE ( 'NONE', *, *, #280, .T. ) ;
#1599 = CARTESIAN_POINT ( 'NONE',  ( 0.000000000000000000, 21.50000000000000000, 12.00000000000000000 ) ) ;
#1600 = FACE_OUTER_BOUND ( 'NONE', #718, .T. ) ;
#1601 = LINE ( 'NONE', #1616, #2538 ) ;
#1602 = FACE_OUTER_BOUND ( 'NONE', #1127, .T. ) ;
#1603 = CARTESIAN_POINT ( 'NONE',  ( -5.000000000000000000, -2.449293598294704935E-16, 12.00000000000000000 ) ) ;
#1604 = VECTOR ( 'NONE', #1547, 1000.000000000000000 ) ;
#1605 = DIRECTION ( 'NONE',  ( 0.000000000000000000, 0.000000000000000000, 1.000000000000000000 ) ) ;
#1606 = LOCAL_TIME ( 0, 43, 15.00000000000000000, #117 ) ;
#1607 = AXIS2_PLACEMENT_3D ( 'NONE', #1179, #1560, #1983 ) ;
#1608 = VERTEX_POINT ( 'NONE', #2165 ) ;
#1609 = DIRECTION ( 'NONE',  ( 1.000000000000000000, 0.000000000000000000, 0.000000000000000000 ) ) ;
#1610 = EDGE_CURVE ( 'NONE', #1733, #715, #94, .T. ) ;
#1611 = CIRCLE ( 'NONE', #693, 3.299999999999999822 ) ;
#1612 = ORIENTED_EDGE ( 'NONE', *, *, #483, .T. ) ;
#1613 = CARTESIAN_POINT ( 'NONE',  ( 14.69999999999999929, -30.00000000000000000, 3.673940397442059967E-15 ) ) ;
#1614 = CIRCLE ( 'NONE', #2624, 3.299999999999999822 ) ;
#1615 = DIRECTION ( 'NONE',  ( 0.000000000000000000, 0.000000000000000000, -1.000000000000000000 ) ) ;
#1616 = CARTESIAN_POINT ( 'NONE',  ( -10.99999999999999645, -18.80000000000000071, 7.500000000000000000 ) ) ;
#1617 = CIRCLE ( 'NONE', #2005, 5.500000000000000888 ) ;
#1618 = CARTESIAN_POINT ( 'NONE',  ( -40.05857864375998645, -6.200000000000003730, -7.500000000000000000 ) ) ;
#1619 = EDGE_CURVE ( 'NONE', #894, #1226, #1912, .T. ) ;
#1620 = EDGE_CURVE ( 'NONE', #68, #120, #490, .T. ) ;
#1621 = DIRECTION ( 'NONE',  ( 1.000000000000000000, 0.000000000000000000, 0.000000000000000000 ) ) ;
#1622 = EDGE_CURVE ( 'NONE', #1319, #2019, #349, .T. ) ;
#1623 = PRODUCT_RELATED_PRODUCT_CATEGORY ( 'detail', '', ( #1198 ) ) ;
#1624 = DIRECTION ( 'NONE',  ( 1.000000000000000000, 0.000000000000000000, 0.000000000000000000 ) ) ;
#1625 = EDGE_LOOP ( 'NONE', ( #1146, #2337 ) ) ;
#1626 = ORIENTED_EDGE ( 'NONE', *, *, #1975, .T. ) ;
#1627 = DIRECTION ( 'NONE',  ( 1.000000000000000000, 0.000000000000000000, 0.000000000000000000 ) ) ;
#1628 = ADVANCED_FACE ( 'NONE', ( #282 ), #296, .T. ) ;
#1629 = EDGE_CURVE ( 'NONE', #2595, #1511, #1318, .T. ) ;
#1630 = EDGE_LOOP ( 'NONE', ( #2459, #1376, #1765, #1526 ) ) ;
#1631 = DIRECTION ( 'NONE',  ( 1.000000000000000000, 0.000000000000000000, 0.000000000000000000 ) ) ;
#1632 = FACE_OUTER_BOUND ( 'NONE', #774, .T. ) ;
#1633 = FACE_OUTER_BOUND ( 'NONE', #500, .T. ) ;
#1634 = CARTESIAN_POINT ( 'NONE',  ( -33.19999999999999574, 5.268499999999998629, 2.458500000000000352 ) ) ;
#1635 = CALENDAR_DATE ( 2026, 24, 3 ) ;
#1636 = DIRECTION ( 'NONE',  ( 0.000000000000000000, 0.000000000000000000, -1.000000000000000000 ) ) ;
#1637 =( NAMED_UNIT ( * ) PLANE_ANGLE_UNIT ( ) SI_UNIT ( $, .RADIAN. ) );
#1638 = VERTEX_POINT ( 'NONE', #669 ) ;
#1639 = ORIENTED_EDGE ( 'NONE', *, *, #459, .T. ) ;
#1640 = EDGE_CURVE ( 'NONE', #342, #2140, #1292, .T. ) ;
#1641 = ORIENTED_EDGE ( 'NONE', *, *, #13, .F. ) ;
#1642 = DIRECTION ( 'NONE',  ( 1.000000000000000000, 0.000000000000000000, 0.000000000000000000 ) ) ;
#1643 = LINE ( 'NONE', #2232, #1717 ) ;
#1644 = LINE ( 'NONE', #2108, #91 ) ;
#1645 = PRODUCT_DEFINITION_SHAPE ( 'NONE', 'NONE',  #2708 ) ;
#1646 = CARTESIAN_POINT ( 'NONE',  ( 0.4142135623730939797, 28.58578643762690064, 10.00000000000000000 ) ) ;
#1647 = APPROVAL_STATUS ( 'not_yet_approved' ) ;
#1648 = CARTESIAN_POINT ( 'NONE',  ( 1.000000000000000000, 0.000000000000000000, 10.00000000000000000 ) ) ;
#1649 = LINE ( 'NONE', #1235, #2040 ) ;
#1650 = VECTOR ( 'NONE', #103, 1000.000000000000000 ) ;
#1651 = LINE ( 'NONE', #2526, #1169 ) ;
#1652 = PRODUCT_DEFINITION_FORMATION_WITH_SPECIFIED_SOURCE ( 'ANY', '', #791, .NOT_KNOWN. ) ;
#1653 = PRODUCT_DEFINITION ( 'UNKNOWN', '', #2703, #1440 ) ;
#1654 = ORIENTED_EDGE ( 'NONE', *, *, #2669, .F. ) ;
#1655 = APPROVAL_PERSON_ORGANIZATION ( #2647, #532, #1811 ) ;
#1656 = ORIENTED_EDGE ( 'NONE', *, *, #2223, .F. ) ;
#1657 = CARTESIAN_POINT ( 'NONE',  ( -5.589999999999998082, -18.80000000000000071, 7.500000000000000000 ) ) ;
#1658 = VECTOR ( 'NONE', #2633, 1000.000000000000000 ) ;
#1659 = DIRECTION ( 'NONE',  ( 0.000000000000000000, 0.7808688094430303872, -0.6246950475544241765 ) ) ;
#1660 = VECTOR ( 'NONE', #2009, 1000.000000000000000 ) ;
#1661 = DIRECTION ( 'NONE',  ( 0.000000000000000000, 0.000000000000000000, 1.000000000000000000 ) ) ;
#1662 = CARTESIAN_POINT ( 'NONE',  ( -40.20000000000000284, -6.200000000000003730, 7.358578643762700544 ) ) ;
#1663 = CYLINDRICAL_SURFACE ( 'NONE', #1704, 5.500000000000000888 ) ;
#1664 = CIRCLE ( 'NONE', #570, 7.349999999999999645 ) ;
#1665 = ITEM_DEFINED_TRANSFORMATION ( 'NONE', 'NONE', #1428,  #339 ) ;
#1666 = CARTESIAN_POINT ( 'NONE',  ( 0.000000000000000000, 0.000000000000000000, 10.00000000000000000 ) ) ;
#1667 = VECTOR ( 'NONE', #679, 1000.000000000000000 ) ;
#1668 = EDGE_CURVE ( 'NONE', #258, #2487, #912, .T. ) ;
#1669 = CARTESIAN_POINT ( 'NONE',  ( -40.69999999999956231, -6.200000000001020695, 7.349999999999935696 ) ) ;
#1670 = DIRECTION ( 'NONE',  ( -1.000000000000000000, 0.000000000000000000, 0.000000000000000000 ) ) ;
#1671 = ORIENTED_EDGE ( 'NONE', *, *, #2289, .F. ) ;
#1672 = ORIENTED_EDGE ( 'NONE', *, *, #790, .F. ) ;
#1673 = DIRECTION ( 'NONE',  ( -0.9158123600576257850, 0.000000000000000000, 0.4016064257026794038 ) ) ;
#1674 = CARTESIAN_POINT ( 'NONE',  ( 1.850000000000000089, 7.500000000000000888, 3.500000000000000000 ) ) ;
#1675 = EDGE_LOOP ( 'NONE', ( #54, #1792, #1095, #1023 ) ) ;
#1676 = CARTESIAN_POINT ( 'NONE',  ( 13.70000000000000107, 0.000000000000000000, 10.00000000000000000 ) ) ;
#1677 = CYLINDRICAL_SURFACE ( 'NONE', #1003, 2.458500000000000352 ) ;
#1678 = DIRECTION ( 'NONE',  ( 0.000000000000000000, 0.000000000000000000, 1.000000000000000000 ) ) ;
#1679 = APPROVAL_ROLE ( '' ) ;
#1680 = EDGE_CURVE ( 'NONE', #2461, #45, #1514, .T. ) ;
#1681 = CARTESIAN_POINT ( 'NONE',  ( 0.000000000000000000, 0.000000000000000000, 9.000000000000000000 ) ) ;
#1682 = VERTEX_POINT ( 'NONE', #1107 ) ;
#1683 = ORIENTED_EDGE ( 'NONE', *, *, #333, .T. ) ;
#1684 = DIRECTION ( 'NONE',  ( 0.000000000000000000, 0.000000000000000000, 1.000000000000000000 ) ) ;
#1685 = CARTESIAN_POINT ( 'NONE',  ( -1.546617889897003550, -18.80000000000000071, 7.910730166370600891 ) ) ;
#1686 = ORIENTED_EDGE ( 'NONE', *, *, #1138, .T. ) ;
#1687 = LINE ( 'NONE', #1272, #698 ) ;
#1688 = CARTESIAN_POINT ( 'NONE',  ( 7.349999999999999645, 21.50000000000000000, 3.500000000000000000 ) ) ;
#1689 = CARTESIAN_POINT ( 'NONE',  ( 7.349999999999999645, 21.50000000000000000, 3.500000000000000000 ) ) ;
#1690 = COORDINATED_UNIVERSAL_TIME_OFFSET ( 6, 0, .BEHIND. ) ;
#1691 = DIRECTION ( 'NONE',  ( 1.000000000000000000, 0.000000000000000000, 0.000000000000000000 ) ) ;
#1692 = ORIENTED_EDGE ( 'NONE', *, *, #275, .F. ) ;
#1693 = EDGE_LOOP ( 'NONE', ( #2359, #1541, #926, #1364 ) ) ;
#1694 = PLANE ( 'NONE',  #178 ) ;
#1695 = CIRCLE ( 'NONE', #1295, 7.349999999999999645 ) ;
#1696 = ADVANCED_FACE ( 'NONE', ( #1073 ), #69, .T. ) ;
#1697 = ORIENTED_EDGE ( 'NONE', *, *, #1668, .T. ) ;
#1698 = DIRECTION ( 'NONE',  ( 0.000000000000000000, 0.000000000000000000, 1.000000000000000000 ) ) ;
#1699 = APPROVAL_PERSON_ORGANIZATION ( #2341, #481, #1101 ) ;
#1700 = CARTESIAN_POINT ( 'NONE',  ( 0.000000000000000000, 29.00000000000000000, 0.000000000000000000 ) ) ;
#1701 = CIRCLE ( 'NONE', #1915, 3.299999999999999822 ) ;
#1702 = CARTESIAN_POINT ( 'NONE',  ( -10.99999999999999645, -6.200000000000003730, 7.500000000000000000 ) ) ;
#1703 = EDGE_CURVE ( 'NONE', #1315, #835, #2536, .T. ) ;
#1704 = AXIS2_PLACEMENT_3D ( 'NONE', #1421, #1199, #2065 ) ;
#1705 = CIRCLE ( 'NONE', #1439, 3.000000000000000000 ) ;
#1706 = CC_DESIGN_PERSON_AND_ORGANIZATION_ASSIGNMENT ( #132, #1200, ( #1652 ) ) ;
#1707 = AXIS2_PLACEMENT_3D ( 'NONE', #83, #1284, #2374 ) ;
#1708 = ORIENTED_EDGE ( 'NONE', *, *, #1668, .F. ) ;
#1709 = ORIENTED_EDGE ( 'NONE', *, *, #1821, .T. ) ;
#1710 = CARTESIAN_POINT ( 'NONE',  ( -19.19999999999999574, 5.809999999999999609, 0.000000000000000000 ) ) ;
#1711 = EDGE_CURVE ( 'NONE', #1346, #2241, #1332, .T. ) ;
#1712 = EDGE_CURVE ( 'NONE', #1330, #450, #455, .T. ) ;
#1713 = EDGE_LOOP ( 'NONE', ( #137, #2395, #1544, #2102, #691, #179, #1946, #420 ) ) ;
#1714 = CARTESIAN_POINT ( 'NONE',  ( 0.000000000000000000, -18.80000000000000071, -7.287867965643999746 ) ) ;
#1715 = DIRECTION ( 'NONE',  ( 1.000000000000000000, 0.000000000000000000, 0.000000000000000000 ) ) ;
#1716 = CARTESIAN_POINT ( 'NONE',  ( 4.049999999999999822, 21.50000000000000000, 3.500000000000000000 ) ) ;
#1717 = VECTOR ( 'NONE', #1026, 1000.000000000000000 ) ;
#1718 = PERSON_AND_ORGANIZATION_ROLE ( 'design_supplier' ) ;
#1719 = ORIENTED_EDGE ( 'NONE', *, *, #2077, .F. ) ;
#1720 = ORIENTED_EDGE ( 'NONE', *, *, #2206, .T. ) ;
#1721 = DIRECTION ( 'NONE',  ( 0.9769698805680887554, 0.000000000000000000, -0.2133772538551716169 ) ) ;
#1722 = ORIENTED_EDGE ( 'NONE', *, *, #1724, .T. ) ;
#1723 = DIRECTION ( 'NONE',  ( -1.000000000000000000, 0.000000000000000000, 0.000000000000000000 ) ) ;
#1724 = EDGE_CURVE ( 'NONE', #1976, #17, #1086, .T. ) ;
#1725 = DIRECTION ( 'NONE',  ( 1.000000000000000000, 0.000000000000000000, 0.000000000000000000 ) ) ;
#1726 = CARTESIAN_POINT ( 'NONE',  ( -5.000000000000000000, -30.00000000000000000, 3.673940397442059967E-15 ) ) ;
#1727 = APPROVAL_STATUS ( 'not_yet_approved' ) ;
#1728 = FACE_OUTER_BOUND ( 'NONE', #27, .T. ) ;
#1729 = VERTEX_POINT ( 'NONE', #478 ) ;
#1730 = VERTEX_POINT ( 'NONE', #2143 ) ;
#1731 = ORIENTED_EDGE ( 'NONE', *, *, #2477, .T. ) ;
#1732 = DIRECTION ( 'NONE',  ( 0.000000000000000000, 1.000000000000000000, 0.000000000000000000 ) ) ;
#1733 = VERTEX_POINT ( 'NONE', #895 ) ;
#1734 = PLANE ( 'NONE',  #1569 ) ;
#1735 = AXIS2_PLACEMENT_3D ( 'NONE', #1518, #917, #2353 ) ;
#1736 = EDGE_CURVE ( 'NONE', #422, #1868, #480, .T. ) ;
#1737 = SHAPE_REPRESENTATION ( 'small part', ( #339 ), #170 ) ;
#1738 =( GEOMETRIC_REPRESENTATION_CONTEXT ( 3 ) GLOBAL_UNCERTAINTY_ASSIGNED_CONTEXT ( ( #838 ) ) GLOBAL_UNIT_ASSIGNED_CONTEXT ( ( #1248, #417, #1202 ) ) REPRESENTATION_CONTEXT ( 'NONE', 'WORKASPACE' ) );
#1739 = DIRECTION ( 'NONE',  ( 0.000000000000000000, 0.000000000000000000, 1.000000000000000000 ) ) ;
#1740 = FACE_OUTER_BOUND ( 'NONE', #498, .T. ) ;
#1741 = VECTOR ( 'NONE', #1854, 1000.000000000000000 ) ;
#1742 = CALENDAR_DATE ( 2026, 24, 3 ) ;
#1743 = EDGE_CURVE ( 'NONE', #885, #1049, #695, .T. ) ;
#1744 = VECTOR ( 'NONE', #2586, 1000.000000000000000 ) ;
#1745 = CIRCLE ( 'NONE', #910, 1.589999999999720526 ) ;
#1746 = DIRECTION ( 'NONE',  ( -1.000000000000000000, 0.000000000000000000, 0.000000000000000000 ) ) ;
#1747 = ORIENTED_EDGE ( 'NONE', *, *, #1620, .F. ) ;
#1748 = EDGE_CURVE ( 'NONE', #45, #258, #1363, .T. ) ;
#1749 = AXIS2_PLACEMENT_3D ( 'NONE', #1350, #576, #2599 ) ;
#1750 = ORIENTED_EDGE ( 'NONE', *, *, #2392, .T. ) ;
#1751 = ORIENTED_EDGE ( 'NONE', *, *, #1, .F. ) ;
#1752 = CARTESIAN_POINT ( 'NONE',  ( -1.546617889897003550, -18.80000000000000071, 7.910730166370611549 ) ) ;
#1753 = ORIENTED_EDGE ( 'NONE', *, *, #176, .T. ) ;
#1754 = CARTESIAN_POINT ( 'NONE',  ( 0.000000000000000000, 28.00000000000000000, 10.00000000000000000 ) ) ;
#1755 = VERTEX_POINT ( 'NONE', #530 ) ;
#1756 = CARTESIAN_POINT ( 'NONE',  ( 0.000000000000000000, 0.000000000000000000, 10.00000000000000000 ) ) ;
#1757 = DIRECTION ( 'NONE',  ( 0.000000000000000000, 1.000000000000000000, 0.000000000000000000 ) ) ;
#1758 = COORDINATED_UNIVERSAL_TIME_OFFSET ( 6, 0, .BEHIND. ) ;
#1759 = ADVANCED_FACE ( 'NONE', ( #1405 ), #2388, .T. ) ;
#1760 = LINE ( 'NONE', #2594, #2085 ) ;
#1761 = ORIENTED_EDGE ( 'NONE', *, *, #449, .F. ) ;
#1762 = ORIENTED_EDGE ( 'NONE', *, *, #839, .T. ) ;
#1763 = ORIENTED_EDGE ( 'NONE', *, *, #51, .F. ) ;
#1764 = DIRECTION ( 'NONE',  ( 0.000000000000000000, 0.000000000000000000, 1.000000000000000000 ) ) ;
#1765 = ORIENTED_EDGE ( 'NONE', *, *, #2505, .T. ) ;
#1766 = CARTESIAN_POINT ( 'NONE',  ( -40.20000000000000284, -6.200000000000003730, -7.358578643762700544 ) ) ;
#1767 = DIRECTION ( 'NONE',  ( 0.7071067811865489050, -0.7071067811865460184, 0.000000000000000000 ) ) ;
#1768 = CARTESIAN_POINT ( 'NONE',  ( 5.108906516898500172, 14.50000000000000000, 12.00000000000000000 ) ) ;
#1769 = DIRECTION ( 'NONE',  ( 1.000000000000000000, 0.000000000000000000, 0.000000000000000000 ) ) ;
#1770 = APPROVAL_ROLE ( '' ) ;
#1771 = DIRECTION ( 'NONE',  ( 0.000000000000000000, 0.000000000000000000, -1.000000000000000000 ) ) ;
#1772 = ORIENTED_EDGE ( 'NONE', *, *, #2634, .F. ) ;
#1773 = EDGE_LOOP ( 'NONE', ( #1641, #191, #2516, #876 ) ) ;
#1774 = LINE ( 'NONE', #2641, #297 ) ;
#1775 = ORIENTED_EDGE ( 'NONE', *, *, #2240, .F. ) ;
#1776 = DIRECTION ( 'NONE',  ( 0.000000000000000000, 0.000000000000000000, 1.000000000000000000 ) ) ;
#1777 = ORIENTED_EDGE ( 'NONE', *, *, #189, .F. ) ;
#1778 = DIRECTION ( 'NONE',  ( 0.000000000000000000, 0.000000000000000000, 1.000000000000000000 ) ) ;
#1779 = VECTOR ( 'NONE', #1111, 1000.000000000000000 ) ;
#1780 = DIRECTION ( 'NONE',  ( 0.000000000000000000, -1.000000000000000000, 0.000000000000000000 ) ) ;
#1781 = PERSON_AND_ORGANIZATION_ROLE ( 'design_owner' ) ;
#1782 = CARTESIAN_POINT ( 'NONE',  ( -33.19999999999999574, 5.268499999999998629, -2.458500000000000352 ) ) ;
#1783 = SECURITY_CLASSIFICATION ( '', '', #979 ) ;
#1784 = CARTESIAN_POINT ( 'NONE',  ( 7.349999999999999645, 21.50000000000000000, 10.00000000000000000 ) ) ;
#1785 = VECTOR ( 'NONE', #1219, 1000.000000000000000 ) ;
#1786 = AXIS2_PLACEMENT_3D ( 'NONE', #2454, #1928, #1876 ) ;
#1787 = ORIENTED_EDGE ( 'NONE', *, *, #1864, .T. ) ;
#1788 = VECTOR ( 'NONE', #2035, 1000.000000000000000 ) ;
#1789 = AXIS2_PLACEMENT_3D ( 'NONE', #1466, #99, #2117 ) ;
#1790 = EDGE_LOOP ( 'NONE', ( #2598, #2116, #1898, #2008 ) ) ;
#1791 = FACE_OUTER_BOUND ( 'NONE', #2430, .T. ) ;
#1792 = ORIENTED_EDGE ( 'NONE', *, *, #2470, .F. ) ;
#1793 = CARTESIAN_POINT ( 'NONE',  ( 14.69999999999999929, -2.449293598294704935E-16, 12.00000000000000000 ) ) ;
#1794 = ADVANCED_FACE ( 'NONE', ( #2431 ), #2239, .T. ) ;
#1795 = ORIENTED_EDGE ( 'NONE', *, *, #1610, .T. ) ;
#1796 = DIRECTION ( 'NONE',  ( 0.000000000000000000, 0.000000000000000000, -1.000000000000000000 ) ) ;
#1797 = CARTESIAN_POINT ( 'NONE',  ( 14.69999999999999929, 29.00000000000000000, 0.000000000000000000 ) ) ;
#1798 = EDGE_CURVE ( 'NONE', #2640, #1567, #123, .T. ) ;
#1799 = APPROVAL_STATUS ( 'not_yet_approved' ) ;
#1800 = CARTESIAN_POINT ( 'NONE',  ( -5.589999999999998082, -18.80000000000000071, -7.500000000000000000 ) ) ;
#1801 = FACE_BOUND ( 'NONE', #1571, .T. ) ;
#1802 = ORIENTED_EDGE ( 'NONE', *, *, #720, .T. ) ;
#1803 = VECTOR ( 'NONE', #2157, 1000.000000000000000 ) ;
#1804 = DIRECTION ( 'NONE',  ( 0.000000000000000000, -1.000000000000000000, 0.000000000000000000 ) ) ;
#1805 = ORIENTED_EDGE ( 'NONE', *, *, #2145, .F. ) ;
#1806 = LINE ( 'NONE', #1407, #1660 ) ;
#1807 = EDGE_CURVE ( 'NONE', #17, #1991, #1617, .T. ) ;
#1808 = ORIENTED_EDGE ( 'NONE', *, *, #2307, .T. ) ;
#1809 = DIRECTION ( 'NONE',  ( 0.000000000000000000, 0.000000000000000000, -1.000000000000000000 ) ) ;
#1810 = CARTESIAN_POINT ( 'NONE',  ( 0.000000000000000000, 1.000000000000000000, 10.00000000000000000 ) ) ;
#1811 = APPROVAL_ROLE ( '' ) ;
#1812 = DIRECTION ( 'NONE',  ( 0.000000000000000000, 0.000000000000000000, -1.000000000000000000 ) ) ;
#1813 = CARTESIAN_POINT ( 'NONE',  ( 0.000000000000000000, 18.80000000000000071, -7.287867965644010404 ) ) ;
#1814 = ORIENTED_EDGE ( 'NONE', *, *, #720, .F. ) ;
#1815 = EDGE_CURVE ( 'NONE', #871, #2432, #2628, .T. ) ;
#1816 = DIRECTION ( 'NONE',  ( 0.000000000000000000, -1.000000000000000000, 0.000000000000000000 ) ) ;
#1817 = ORIENTED_EDGE ( 'NONE', *, *, #2557, .T. ) ;
#1818 = DIRECTION ( 'NONE',  ( 0.000000000000000000, 0.000000000000000000, 1.000000000000000000 ) ) ;
#1819 = CC_DESIGN_PERSON_AND_ORGANIZATION_ASSIGNMENT ( #14, #880, ( #1296 ) ) ;
#1820 = DIRECTION ( 'NONE',  ( 0.000000000000000000, -1.000000000000000000, 7.395324060783719152E-17 ) ) ;
#1821 = EDGE_CURVE ( 'NONE', #749, #1238, #1184, .T. ) ;
#1822 = CARTESIAN_POINT ( 'NONE',  ( 13.70000000000000107, 0.000000000000000000, 9.000000000000000000 ) ) ;
#1823 = FACE_OUTER_BOUND ( 'NONE', #2184, .T. ) ;
#1824 = ADVANCED_FACE ( 'NONE', ( #1791 ), #1171, .T. ) ;
#1825 = PERSON_AND_ORGANIZATION ( #1944, #1563 ) ;
#1826 = FACE_OUTER_BOUND ( 'NONE', #438, .T. ) ;
#1827 = VECTOR ( 'NONE', #136, 1000.000000000000000 ) ;
#1828 = AXIS2_PLACEMENT_3D ( 'NONE', #2704, #572, #2469 ) ;
#1829 = VECTOR ( 'NONE', #663, 1000.000000000000000 ) ;
#1830 = AXIS2_PLACEMENT_3D ( 'NONE', #1438, #1410, #2273 ) ;
#1831 = ORIENTED_EDGE ( 'NONE', *, *, #78, .T. ) ;
#1832 = FACE_OUTER_BOUND ( 'NONE', #1361, .T. ) ;
#1833 = CIRCLE ( 'NONE', #1044, 7.349999999999999645 ) ;
#1834 = ORIENTED_EDGE ( 'NONE', *, *, #1, .T. ) ;
#1835 = CONICAL_SURFACE ( 'NONE', #2445, 3.000000000000000000, 0.7853981633974476129 ) ;
#1836 = LINE ( 'NONE', #1860, #606 ) ;
#1837 = CARTESIAN_POINT ( 'NONE',  ( -33.19999999999999574, 5.809999999999999609, -2.458500000000000352 ) ) ;
#1838 = VECTOR ( 'NONE', #1723, 1000.000000000000000 ) ;
#1839 = CARTESIAN_POINT ( 'NONE',  ( 15.69999999999999929, -2.449293598294704935E-16, 12.00000000000000000 ) ) ;
#1840 = CARTESIAN_POINT ( 'NONE',  ( 14.59714957897566912, 1.102850421024339278, 9.517063983397436644 ) ) ;
#1841 = PRODUCT_DEFINITION_SHAPE ( 'NONE', 'NONE',  #2592 ) ;
#1842 = DIRECTION ( 'NONE',  ( 0.000000000000000000, 0.000000000000000000, 1.000000000000000000 ) ) ;
#1843 = ADVANCED_FACE ( 'NONE', ( #1193, #941, #2031 ), #152, .T. ) ;
#1844 = APPLICATION_CONTEXT ( 'configuration controlled 3d designs of mechanical parts and assemblies' ) ;
#1845 = ORIENTED_EDGE ( 'NONE', *, *, #1094, .T. ) ;
#1846 = ORIENTED_EDGE ( 'NONE', *, *, #2377, .F. ) ;
#1847 = LINE ( 'NONE', #1857, #2620 ) ;
#1848 = FACE_OUTER_BOUND ( 'NONE', #803, .T. ) ;
#1849 = DIRECTION ( 'NONE',  ( 1.000000000000000000, 0.000000000000000000, 0.000000000000000000 ) ) ;
#1850 = LINE ( 'NONE', #2646, #2533 ) ;
#1851 = DIRECTION ( 'NONE',  ( 0.000000000000000000, 0.7071067811865460184, -0.7071067811865489050 ) ) ;
#1852 = CC_DESIGN_DATE_AND_TIME_ASSIGNMENT ( #890, #684, ( #1296 ) ) ;
#1853 = CARTESIAN_POINT ( 'NONE',  ( -5.589999999999998082, -18.80000000000000071, -7.500000000000000000 ) ) ;
#1854 = DIRECTION ( 'NONE',  ( 0.000000000000000000, 1.000000000000000000, 0.000000000000000000 ) ) ;
#1855 = VERTEX_POINT ( 'NONE', #2449 ) ;
#1856 = EDGE_LOOP ( 'NONE', ( #1763, #153, #474, #2416, #2500 ) ) ;
#1857 = CARTESIAN_POINT ( 'NONE',  ( 14.69999999999999929, 7.500000000000000888, 12.00000000000000000 ) ) ;
#1858 = CARTESIAN_POINT ( 'NONE',  ( -33.19999999999999574, 5.809999999999999609, 0.000000000000000000 ) ) ;
#1859 = EDGE_CURVE ( 'NONE', #2093, #2432, #1353, .T. ) ;
#1860 = CARTESIAN_POINT ( 'NONE',  ( -40.20000000000000284, -6.200000000000003730, -7.358578643762700544 ) ) ;
#1861 = PLANE ( 'NONE',  #1126 ) ;
#1862 = LINE ( 'NONE', #620, #1482 ) ;
#1863 = LINE ( 'NONE', #2702, #1829 ) ;
#1864 = EDGE_CURVE ( 'NONE', #1461, #477, #1774, .T. ) ;
#1865 = CIRCLE ( 'NONE', #1735, 1.589999999999720526 ) ;
#1866 = CARTESIAN_POINT ( 'NONE',  ( 0.000000000000000000, 29.00000000000000000, 0.000000000000000000 ) ) ;
#1867 =( GEOMETRIC_REPRESENTATION_CONTEXT ( 3 ) GLOBAL_UNCERTAINTY_ASSIGNED_CONTEXT ( ( #1468 ) ) GLOBAL_UNIT_ASSIGNED_CONTEXT ( ( #2248, #2679, #1904 ) ) REPRESENTATION_CONTEXT ( 'NONE', 'WORKASPACE' ) );
#1868 = VERTEX_POINT ( 'NONE', #748 ) ;
#1869 = ORIENTED_EDGE ( 'NONE', *, *, #587, .F. ) ;
#1870 = CARTESIAN_POINT ( 'NONE',  ( -10.99999999999999645, 5.809999999999999609, -7.500000000000000000 ) ) ;
#1871 = VECTOR ( 'NONE', #701, 1000.000000000000114 ) ;
#1872 = DIRECTION ( 'NONE',  ( 0.000000000000000000, 0.000000000000000000, 1.000000000000000000 ) ) ;
#1873 = VECTOR ( 'NONE', #183, 1000.000000000000000 ) ;
#1874 = ORIENTED_EDGE ( 'NONE', *, *, #1748, .T. ) ;
#1875 = CYLINDRICAL_SURFACE ( 'NONE', #2447, 7.349999999999999645 ) ;
#1876 = DIRECTION ( 'NONE',  ( 0.000000000000000000, 0.000000000000000000, 1.000000000000000000 ) ) ;
#1877 = EDGE_CURVE ( 'NONE', #2448, #1576, #2136, .T. ) ;
#1878 = DIRECTION ( 'NONE',  ( 0.000000000000000000, 0.000000000000000000, -1.000000000000000000 ) ) ;
#1879 = VECTOR ( 'NONE', #1309, 1000.000000000000000 ) ;
#1880 = EDGE_CURVE ( 'NONE', #1333, #2171, #180, .T. ) ;
#1881 = LINE ( 'NONE', #522, #1871 ) ;
#1882 = EDGE_CURVE ( 'NONE', #1755, #1305, #717, .T. ) ;
#1883 = EDGE_LOOP ( 'NONE', ( #1805, #82 ) ) ;
#1884 = ORIENTED_EDGE ( 'NONE', *, *, #2669, .T. ) ;
#1885 = FACE_OUTER_BOUND ( 'NONE', #181, .T. ) ;
#1886 = DIRECTION ( 'NONE',  ( 0.000000000000000000, 1.000000000000000000, 0.000000000000000000 ) ) ;
#1887 = ORIENTED_EDGE ( 'NONE', *, *, #1880, .F. ) ;
#1888 = DIRECTION ( 'NONE',  ( 0.000000000000000000, 1.000000000000000000, 0.000000000000000000 ) ) ;
#1889 = CARTESIAN_POINT ( 'NONE',  ( -40.05857864375998645, -6.200000000000003730, -7.500000000000000000 ) ) ;
#1890 = DIRECTION ( 'NONE',  ( 1.000000000000000000, 0.000000000000000000, 0.000000000000000000 ) ) ;
#1891 = FACE_OUTER_BOUND ( 'NONE', #1308, .T. ) ;
#1892 = APPLICATION_CONTEXT ( 'configuration controlled 3d designs of mechanical parts and assemblies' ) ;
#1893 = EDGE_CURVE ( 'NONE', #1304, #1225, #545, .T. ) ;
#1894 = ORIENTED_EDGE ( 'NONE', *, *, #1931, .F. ) ;
#1895 = ORIENTED_EDGE ( 'NONE', *, *, #870, .F. ) ;
#1896 = FACE_OUTER_BOUND ( 'NONE', #485, .T. ) ;
#1897 = ADVANCED_FACE ( 'NONE', ( #335 ), #2007, .F. ) ;
#1898 = ORIENTED_EDGE ( 'NONE', *, *, #1223, .F. ) ;
#1899 = DIRECTION ( 'NONE',  ( 0.000000000000000000, 0.000000000000000000, 1.000000000000000000 ) ) ;
#1900 = CARTESIAN_POINT ( 'NONE',  ( -19.19999999999999574, 5.809999999999999609, 0.000000000000000000 ) ) ;
#1901 = UNCERTAINTY_MEASURE_WITH_UNIT (LENGTH_MEASURE( 1.000000000000000082E-05 ), #2258, 'distance_accuracy_value', 'NONE');
#1902 = PRODUCT_RELATED_PRODUCT_CATEGORY ( 'detail', '', ( #791 ) ) ;
#1903 = CARTESIAN_POINT ( 'NONE',  ( -4.653382110102993963, -18.80000000000000071, 7.910730166370611549 ) ) ;
#1904 =( NAMED_UNIT ( * ) SI_UNIT ( $, .STERADIAN. ) SOLID_ANGLE_UNIT ( ) );
#1905 = ADVANCED_FACE ( 'NONE', ( #1832 ), #794, .F. ) ;
#1906 = ADVANCED_FACE ( 'NONE', ( #133 ), #786, .F. ) ;
#1907 = EDGE_LOOP ( 'NONE', ( #1349, #182 ) ) ;
#1908 = VECTOR ( 'NONE', #1099, 1000.000000000000000 ) ;
#1909 = ORIENTED_EDGE ( 'NONE', *, *, #737, .F. ) ;
#1910 = CARTESIAN_POINT ( 'NONE',  ( 0.000000000000000000, 18.80000000000000071, 7.287867965643989088 ) ) ;
#1911 = VERTEX_POINT ( 'NONE', #1782 ) ;
#1912 = LINE ( 'NONE', #501, #1879 ) ;
#1913 = VECTOR ( 'NONE', #215, 1000.000000000000000 ) ;
#1914 = DIRECTION ( 'NONE',  ( 0.000000000000000000, 0.000000000000000000, 1.000000000000000000 ) ) ;
#1915 = AXIS2_PLACEMENT_3D ( 'NONE', #1689, #840, #810 ) ;
#1916 = AXIS2_PLACEMENT_3D ( 'NONE', #2024, #2672, #155 ) ;
#1917 = LINE ( 'NONE', #711, #726 ) ;
#1918 = VECTOR ( 'NONE', #1992, 1000.000000000000000 ) ;
#1919 = DATE_AND_TIME ( #1276, #2218 ) ;
#1920 = CIRCLE ( 'NONE', #1570, 3.000000000000000000 ) ;
#1921 = VECTOR ( 'NONE', #1530, 1000.000000000000114 ) ;
#1922 = ADVANCED_FACE ( 'NONE', ( #1826 ), #1402, .T. ) ;
#1923 = ORIENTED_EDGE ( 'NONE', *, *, #363, .T. ) ;
#1924 = ORIENTED_EDGE ( 'NONE', *, *, #445, .T. ) ;
#1925 = CARTESIAN_POINT ( 'NONE',  ( -10.99999999999999645, 5.809999999999999609, -7.500000000000000000 ) ) ;
#1926 = VERTEX_POINT ( 'NONE', #360 ) ;
#1927 = LINE ( 'NONE', #1128, #7 ) ;
#1928 = DIRECTION ( 'NONE',  ( -1.000000000000000000, 0.000000000000000000, 0.000000000000000000 ) ) ;
#1929 = CARTESIAN_POINT ( 'NONE',  ( 0.000000000000000000, 21.50000000000000000, 12.00000000000000000 ) ) ;
#1930 = SECURITY_CLASSIFICATION_LEVEL ( 'unclassified' ) ;
#1931 = EDGE_CURVE ( 'NONE', #873, #1081, #1181, .T. ) ;
#1932 = CARTESIAN_POINT ( 'NONE',  ( 1.000000000000000000, 1.000000000000000000, 10.00000000000000000 ) ) ;
#1933 = CC_DESIGN_PERSON_AND_ORGANIZATION_ASSIGNMENT ( #187, #769, ( #1783 ) ) ;
#1934 = ORIENTED_EDGE ( 'NONE', *, *, #2071, .T. ) ;
#1935 = ORIENTED_EDGE ( 'NONE', *, *, #1597, .T. ) ;
#1936 = EDGE_CURVE ( 'NONE', #513, #1226, #1425, .T. ) ;
#1937 = ORIENTED_EDGE ( 'NONE', *, *, #1457, .F. ) ;
#1938 = DIRECTION ( 'NONE',  ( 0.7071067811865431318, 0.000000000000000000, -0.7071067811865520136 ) ) ;
#1939 = DIRECTION ( 'NONE',  ( -1.000000000000000000, 0.000000000000000000, 0.000000000000000000 ) ) ;
#1940 = EDGE_CURVE ( 'NONE', #1730, #2325, #330, .T. ) ;
#1941 = DIRECTION ( 'NONE',  ( 0.9158123600576256740, 0.000000000000000000, -0.4016064257026793483 ) ) ;
#1942 = CARTESIAN_POINT ( 'NONE',  ( 1.000000000000000000, 0.000000000000000000, 10.00000000000000000 ) ) ;
#1943 = DATE_AND_TIME ( #1957, #561 ) ;
#1944 = PERSON ( 'NAUO-PER1', 'UNSPECIFIED', 'UNSPECIFIED', ('UNSPECIFIED'), ('UNSPECIFIED'), ('UNSPECIFIED') ) ;
#1945 = DIRECTION ( 'NONE',  ( 0.000000000000000000, 0.000000000000000000, 1.000000000000000000 ) ) ;
#1946 = ORIENTED_EDGE ( 'NONE', *, *, #1314, .T. ) ;
#1947 = EDGE_LOOP ( 'NONE', ( #731, #100, #694, #334, #759, #1555, #239, #1747, #1034 ) ) ;
#1948 = ORIENTED_EDGE ( 'NONE', *, *, #2382, .F. ) ;
#1949 = DIRECTION ( 'NONE',  ( -1.000000000000000000, 0.000000000000000000, 0.000000000000000000 ) ) ;
#1950 = ORIENTED_EDGE ( 'NONE', *, *, #2682, .F. ) ;
#1951 = CARTESIAN_POINT ( 'NONE',  ( -33.19999999999999574, 5.809999999999999609, 0.000000000000000000 ) ) ;
#1952 = CC_DESIGN_SECURITY_CLASSIFICATION ( #1517, ( #2703 ) ) ;
#1953 = VERTEX_POINT ( 'NONE', #2622 ) ;
#1954 = LINE ( 'NONE', #1726, #121 ) ;
#1955 = CARTESIAN_POINT ( 'NONE',  ( -33.19999999999999574, 5.268499999999998629, 0.000000000000000000 ) ) ;
#1956 = AXIS2_PLACEMENT_3D ( 'NONE', #1446, #636, #841 ) ;
#1957 = CALENDAR_DATE ( 2026, 24, 3 ) ;
#1958 = CIRCLE ( 'NONE', #654, 5.500000000000000888 ) ;
#1959 = AXIS2_PLACEMENT_3D ( 'NONE', #1158, #1778, #1368 ) ;
#1960 = DIRECTION ( 'NONE',  ( 0.000000000000000000, 0.000000000000000000, 1.000000000000000000 ) ) ;
#1961 = ORIENTED_EDGE ( 'NONE', *, *, #2392, .F. ) ;
#1962 = AXIS2_PLACEMENT_3D ( 'NONE', #2460, #2668, #993 ) ;
#1963 = ORIENTED_EDGE ( 'NONE', *, *, #1335, .F. ) ;
#1964 = ORIENTED_EDGE ( 'NONE', *, *, #2145, .T. ) ;
#1965 = DIRECTION ( 'NONE',  ( 0.000000000000000000, 1.000000000000000000, 0.000000000000000000 ) ) ;
#1966 = ORIENTED_EDGE ( 'NONE', *, *, #2496, .T. ) ;
#1967 = FACE_OUTER_BOUND ( 'NONE', #1091, .T. ) ;
#1968 = ORIENTED_EDGE ( 'NONE', *, *, #640, .F. ) ;
#1969 = LINE ( 'NONE', #1322, #1650 ) ;
#1970 = LINE ( 'NONE', #1589, #905 ) ;
#1971 = PERSON_AND_ORGANIZATION ( #1001, #603 ) ;
#1972 = CARTESIAN_POINT ( 'NONE',  ( 0.000000000000000000, -18.80000000000000071, -7.287867965643999746 ) ) ;
#1973 = ORIENTED_EDGE ( 'NONE', *, *, #1743, .F. ) ;
#1974 = VECTOR ( 'NONE', #1451, 1000.000000000000000 ) ;
#1975 = EDGE_CURVE ( 'NONE', #2517, #2405, #50, .T. ) ;
#1976 = VERTEX_POINT ( 'NONE', #147 ) ;
#1977 = DIRECTION ( 'NONE',  ( 1.000000000000000000, 0.000000000000000000, 0.000000000000000000 ) ) ;
#1978 = ORIENTED_EDGE ( 'NONE', *, *, #2080, .F. ) ;
#1979 = LINE ( 'NONE', #492, #566 ) ;
#1980 = EDGE_CURVE ( 'NONE', #326, #715, #1999, .T. ) ;
#1981 = CARTESIAN_POINT ( 'NONE',  ( 14.69999999999999929, 0.000000000000000000, 0.000000000000000000 ) ) ;
#1982 = CYLINDRICAL_SURFACE ( 'NONE', #2401, 1.589999999999720082 ) ;
#1983 = DIRECTION ( 'NONE',  ( 1.000000000000000000, 0.000000000000000000, 0.000000000000000000 ) ) ;
#1984 = DATE_AND_TIME ( #1549, #1606 ) ;
#1985 = CARTESIAN_POINT ( 'NONE',  ( -3.099999999999991651, -18.80000000000000071, 9.839999999999999858 ) ) ;
#1986 = ORIENTED_EDGE ( 'NONE', *, *, #302, .F. ) ;
#1987 = EDGE_CURVE ( 'NONE', #26, #2032, #2041, .T. ) ;
#1988 = EDGE_CURVE ( 'NONE', #1011, #1009, #549, .T. ) ;
#1989 = ORIENTED_EDGE ( 'NONE', *, *, #1393, .T. ) ;
#1990 = DIRECTION ( 'NONE',  ( 0.5773502691896260641, -0.5773502691896241767, 0.5773502691896270633 ) ) ;
#1991 = VERTEX_POINT ( 'NONE', #159 ) ;
#1992 = DIRECTION ( 'NONE',  ( 0.000000000000000000, 1.000000000000000000, 0.000000000000000000 ) ) ;
#1993 = ORIENTED_EDGE ( 'NONE', *, *, #371, .T. ) ;
#1994 = CARTESIAN_POINT ( 'NONE',  ( -1.000000000000000000, -7.739890839675400034E-17, 11.00000000000000000 ) ) ;
#1995 = CIRCLE ( 'NONE', #817, 3.000000000000000000 ) ;
#1996 = FACE_OUTER_BOUND ( 'NONE', #2199, .T. ) ;
#1997 = CIRCLE ( 'NONE', #2482, 5.500000000000000888 ) ;
#1998 = PERSON_AND_ORGANIZATION ( #1001, #603 ) ;
#1999 = LINE ( 'NONE', #967, #1785 ) ;
#2000 = AXIS2_PLACEMENT_3D ( 'NONE', #306, #742, #344 ) ;
#2001 = LINE ( 'NONE', #541, #900 ) ;
#2002 = CIRCLE ( 'NONE', #2485, 7.349999999999999645 ) ;
#2003 = AXIS2_PLACEMENT_3D ( 'NONE', #2025, #1588, #143 ) ;
#2004 = EDGE_CURVE ( 'NONE', #1638, #1730, #171, .T. ) ;
#2005 = AXIS2_PLACEMENT_3D ( 'NONE', #353, #323, #1609 ) ;
#2006 = ORIENTED_EDGE ( 'NONE', *, *, #1594, .F. ) ;
#2007 = PLANE ( 'NONE',  #964 ) ;
#2008 = ORIENTED_EDGE ( 'NONE', *, *, #630, .T. ) ;
#2009 = DIRECTION ( 'NONE',  ( -1.000000000000000000, 0.000000000000000000, 0.000000000000000000 ) ) ;
#2010 = ORIENTED_EDGE ( 'NONE', *, *, #1538, .T. ) ;
#2011 = DIRECTION ( 'NONE',  ( 0.000000000000000000, 1.000000000000000000, 0.000000000000000000 ) ) ;
#2012 = FACE_OUTER_BOUND ( 'NONE', #641, .T. ) ;
#2013 = CALENDAR_DATE ( 2026, 24, 3 ) ;
#2014 = CYLINDRICAL_SURFACE ( 'NONE', #2174, 7.349999999999999645 ) ;
#2015 = CARTESIAN_POINT ( 'NONE',  ( -33.19999999999999574, 5.809999999999999609, 3.000000000000000000 ) ) ;
#2016 = EDGE_CURVE ( 'NONE', #2072, #1755, #415, .T. ) ;
#2017 = ADVANCED_FACE ( 'NONE', ( #800 ), #2205, .F. ) ;
#2018 = CC_DESIGN_PERSON_AND_ORGANIZATION_ASSIGNMENT ( #1998, #2621, ( #1652 ) ) ;
#2019 = VERTEX_POINT ( 'NONE', #2055 ) ;
#2020 = DIRECTION ( 'NONE',  ( 0.000000000000000000, -2.041077998578924991E-17, 1.000000000000000000 ) ) ;
#2021 = EDGE_CURVE ( 'NONE', #2103, #1511, #948, .T. ) ;
#2022 = ORIENTED_EDGE ( 'NONE', *, *, #249, .F. ) ;
#2023 = DIRECTION ( 'NONE',  ( 1.000000000000000000, 0.000000000000000000, 0.000000000000000000 ) ) ;
#2024 = CARTESIAN_POINT ( 'NONE',  ( -10.99999999999999645, 18.79999999999999716, -9.839999999999999858 ) ) ;
#2025 = CARTESIAN_POINT ( 'NONE',  ( -33.19999999999999574, 5.809999999999999609, 0.000000000000000000 ) ) ;
#2026 = DIRECTION ( 'NONE',  ( 1.000000000000000000, 0.000000000000000000, 0.000000000000000000 ) ) ;
#2027 = DATE_AND_TIME ( #158, #1430 ) ;
#2028 = CARTESIAN_POINT ( 'NONE',  ( 8.589245284644599465, -0.1570024570024538269, 11.15700245700245752 ) ) ;
#2029 = APPLICATION_CONTEXT ( 'configuration controlled 3d designs of mechanical parts and assemblies' ) ;
#2030 = ORIENTED_EDGE ( 'NONE', *, *, #768, .F. ) ;
#2031 = FACE_OUTER_BOUND ( 'NONE', #1487, .T. ) ;
#2032 = VERTEX_POINT ( 'NONE', #757 ) ;
#2033 = DIRECTION ( 'NONE',  ( 0.000000000000000000, 1.000000000000000000, 0.000000000000000000 ) ) ;
#2034 = CARTESIAN_POINT ( 'NONE',  ( 0.000000000000000000, 1.000000000000000000, 9.000000000000000000 ) ) ;
#2035 = DIRECTION ( 'NONE',  ( 0.000000000000000000, 0.000000000000000000, 1.000000000000000000 ) ) ;
#2036 = DIRECTION ( 'NONE',  ( 0.000000000000000000, 0.000000000000000000, 1.000000000000000000 ) ) ;
#2037 = ADVANCED_FACE ( 'NONE', ( #347 ), #2014, .T. ) ;
#2038 = DATE_AND_TIME ( #1454, #2565 ) ;
#2039 = CARTESIAN_POINT ( 'NONE',  ( 14.69999999999999929, 1.000000000000000000, 9.000000000000000000 ) ) ;
#2040 = VECTOR ( 'NONE', #199, 1000.000000000000114 ) ;
#2041 = CIRCLE ( 'NONE', #997, 5.500000000000000888 ) ;
#2042 = CIRCLE ( 'NONE', #2398, 1.589999999999720082 ) ;
#2043 = ORIENTED_EDGE ( 'NONE', *, *, #2477, .F. ) ;
#2044 = ORIENTED_EDGE ( 'NONE', *, *, #1207, .T. ) ;
#2045 = AXIS2_PLACEMENT_3D ( 'NONE', #2316, #861, #1725 ) ;
#2046 = EDGE_LOOP ( 'NONE', ( #546, #202, #407, #1989 ) ) ;
#2047 = CARTESIAN_POINT ( 'NONE',  ( 4.049999999999999822, 7.500000000000000000, 3.500000000000000000 ) ) ;
#2048 = AXIS2_PLACEMENT_3D ( 'NONE', #154, #1818, #778 ) ;
#2049 = DIRECTION ( 'NONE',  ( -0.9158123600576256740, 0.000000000000000000, -0.4016064257026793483 ) ) ;
#2050 = DIRECTION ( 'NONE',  ( 0.000000000000000000, -1.000000000000000000, 0.000000000000000000 ) ) ;
#2051 = ADVANCED_FACE ( 'NONE', ( #2441 ), #1580, .T. ) ;
#2052 = VECTOR ( 'NONE', #2210, 1000.000000000000000 ) ;
#2053 = CARTESIAN_POINT ( 'NONE',  ( -5.002500000000000391, -30.00000000000000000, 11.00000000000000000 ) ) ;
#2054 = PERSON_AND_ORGANIZATION ( #1359, #2169 ) ;
#2055 = CARTESIAN_POINT ( 'NONE',  ( -19.19999999999999574, 5.809999999999999609, 3.000000000000000000 ) ) ;
#2056 = SHAPE_REPRESENTATION_RELATIONSHIP ( 'NONE' , 'NONE' ,  #2457, #868 ) ;
#2057 = DIRECTION ( 'NONE',  ( -0.7071067811865475727, 0.7071067811865475727, 0.000000000000000000 ) ) ;
#2058 = CONICAL_SURFACE ( 'NONE', #1231, 3.000000000000000000, 0.7853981633974503884 ) ;
#2059 = ORIENTED_EDGE ( 'NONE', *, *, #826, .T. ) ;
#2060 = ORIENTED_EDGE ( 'NONE', *, *, #685, .F. ) ;
#2061 = DIRECTION ( 'NONE',  ( 0.000000000000000000, 0.000000000000000000, -1.000000000000000000 ) ) ;
#2062 = LINE ( 'NONE', #65, #1075 ) ;
#2063 = DIRECTION ( 'NONE',  ( 0.000000000000000000, 1.000000000000000000, 0.000000000000000000 ) ) ;
#2064 = CARTESIAN_POINT ( 'NONE',  ( 7.349999999999999645, 21.50000000000000000, 10.00000000000000000 ) ) ;
#2065 = DIRECTION ( 'NONE',  ( 1.000000000000000000, 0.000000000000000000, 0.000000000000000000 ) ) ;
#2066 = CONTEXT_DEPENDENT_SHAPE_REPRESENTATION ( #63, #1008 ) ;
#2067 = DIRECTION ( 'NONE',  ( 0.000000000000000000, 1.000000000000000000, 0.000000000000000000 ) ) ;
#2068 = CARTESIAN_POINT ( 'NONE',  ( -19.19999999999999574, -5.658500000000003638, 2.458500000000000352 ) ) ;
#2069 = EDGE_LOOP ( 'NONE', ( #1626, #2387, #2162, #2610, #665, #1612 ) ) ;
#2070 = ORIENTED_EDGE ( 'NONE', *, *, #2223, .T. ) ;
#2071 = EDGE_CURVE ( 'NONE', #1330, #2072, #211, .T. ) ;
#2072 = VERTEX_POINT ( 'NONE', #198 ) ;
#2073 = DIRECTION ( 'NONE',  ( 0.000000000000000000, 0.000000000000000000, 1.000000000000000000 ) ) ;
#2074 = CARTESIAN_POINT ( 'NONE',  ( 14.69999999999999929, 21.50000000000000000, 12.00000000000000000 ) ) ;
#2075 = CARTESIAN_POINT ( 'NONE',  ( 7.349999999999999645, 14.50000000000000000, 10.00000000000000000 ) ) ;
#2076 = FACE_OUTER_BOUND ( 'NONE', #1252, .T. ) ;
#2077 = EDGE_CURVE ( 'NONE', #873, #1587, #825, .T. ) ;
#2078 = CARTESIAN_POINT ( 'NONE',  ( 0.000000000000000000, 29.00000000000000000, 9.000000000000000000 ) ) ;
#2079 = FACE_OUTER_BOUND ( 'NONE', #940, .T. ) ;
#2080 = EDGE_CURVE ( 'NONE', #1280, #2171, #1863, .T. ) ;
#2081 = CARTESIAN_POINT ( 'NONE',  ( -40.05857864375998645, -6.200000000000003730, 7.500000000000000000 ) ) ;
#2082 = AXIS2_PLACEMENT_3D ( 'NONE', #2097, #2067, #1469 ) ;
#2083 = CARTESIAN_POINT ( 'NONE',  ( -19.19999999999999574, -5.658500000000003638, -2.458500000000000352 ) ) ;
#2084 = CC_DESIGN_APPROVAL ( #532, ( #1783 ) ) ;
#2085 = VECTOR ( 'NONE', #714, 1000.000000000000000 ) ;
#2086 = ORIENTED_EDGE ( 'NONE', *, *, #51, .T. ) ;
#2087 = EDGE_CURVE ( 'NONE', #441, #982, #1286, .T. ) ;
#2088 = VERTEX_POINT ( 'NONE', #1262 ) ;
#2089 = DIRECTION ( 'NONE',  ( 0.000000000000000000, 1.000000000000000000, 0.000000000000000000 ) ) ;
#2090 = AXIS2_PLACEMENT_3D ( 'NONE', #1485, #1427, #1471 ) ;
#2091 = LINE ( 'NONE', #2696, #468 ) ;
#2092 = AXIS2_PLACEMENT_3D ( 'NONE', #358, #1190, #2026 ) ;
#2093 = VERTEX_POINT ( 'NONE', #621 ) ;
#2094 = CARTESIAN_POINT ( 'NONE',  ( 1.000000000000000000, 3.798648895335649645, 10.00000000000000000 ) ) ;
#2095 = DIRECTION ( 'NONE',  ( 0.000000000000000000, 0.000000000000000000, 1.000000000000000000 ) ) ;
#2096 = VECTOR ( 'NONE', #2324, 1000.000000000000114 ) ;
#2097 = CARTESIAN_POINT ( 'NONE',  ( -33.19999999999999574, -5.658500000000003638, 0.000000000000000000 ) ) ;
#2098 = VECTOR ( 'NONE', #1477, 1000.000000000000000 ) ;
#2099 = APPROVAL_ROLE ( '' ) ;
#2100 = PLANE ( 'NONE',  #1480 ) ;
#2101 = EDGE_CURVE ( 'NONE', #715, #1319, #852, .T. ) ;
#2102 = ORIENTED_EDGE ( 'NONE', *, *, #725, .T. ) ;
#2103 = VERTEX_POINT ( 'NONE', #1234 ) ;
#2104 = LINE ( 'NONE', #1910, #2623 ) ;
#2105 = EDGE_CURVE ( 'NONE', #1081, #230, #2318, .T. ) ;
#2106 = APPROVAL ( #2455, 'UNKNOWN' ) ;
#2107 = ORIENTED_EDGE ( 'NONE', *, *, #1222, .T. ) ;
#2108 = CARTESIAN_POINT ( 'NONE',  ( 52.39556544854359998, 0.000000000000000000, 0.000000000000000000 ) ) ;
#2109 = CARTESIAN_POINT ( 'NONE',  ( -1.546617889897003550, -18.80000000000000071, 7.910730166370600891 ) ) ;
#2110 = DIRECTION ( 'NONE',  ( 0.000000000000000000, 0.000000000000000000, 1.000000000000000000 ) ) ;
#2111 = ADVANCED_FACE ( 'NONE', ( #645 ), #863, .F. ) ;
#2112 = DATE_AND_TIME ( #2135, #1211 ) ;
#2113 = EDGE_LOOP ( 'NONE', ( #281, #2314, #1240 ) ) ;
#2114 = ORIENTED_EDGE ( 'NONE', *, *, #87, .T. ) ;
#2115 = CARTESIAN_POINT ( 'NONE',  ( 0.000000000000000000, 0.000000000000000000, 10.00000000000000000 ) ) ;
#2116 = ORIENTED_EDGE ( 'NONE', *, *, #149, .F. ) ;
#2117 = DIRECTION ( 'NONE',  ( -1.000000000000000000, 0.000000000000000000, 0.000000000000000000 ) ) ;
#2118 = CARTESIAN_POINT ( 'NONE',  ( 7.349999999999999645, 21.50000000000000000, 3.500000000000000000 ) ) ;
#2119 = LINE ( 'NONE', #1313, #2480 ) ;
#2120 = EDGE_CURVE ( 'NONE', #675, #1953, #12, .T. ) ;
#2121 = ORIENTED_EDGE ( 'NONE', *, *, #1859, .T. ) ;
#2122 = AXIS2_PLACEMENT_3D ( 'NONE', #1135, #1535, #2367 ) ;
#2123 = ORIENTED_EDGE ( 'NONE', *, *, #1441, .F. ) ;
#2124 = DIRECTION ( 'NONE',  ( 0.000000000000000000, 0.000000000000000000, 1.000000000000000000 ) ) ;
#2125 = LOCAL_TIME ( 0, 43, 15.00000000000000000, #1690 ) ;
#2126 = ORIENTED_EDGE ( 'NONE', *, *, #2360, .T. ) ;
#2127 = DIRECTION ( 'NONE',  ( 0.000000000000000000, 2.041077998578924991E-17, -1.000000000000000000 ) ) ;
#2128 = CIRCLE ( 'NONE', #2175, 7.349999999999999645 ) ;
#2129 = FACE_OUTER_BOUND ( 'NONE', #1713, .T. ) ;
#2130 = AXIS2_PLACEMENT_3D ( 'NONE', #165, #578, #2033 ) ;
#2131 = CC_DESIGN_DATE_AND_TIME_ASSIGNMENT ( #1358, #93, ( #1653 ) ) ;
#2132 = DIRECTION ( 'NONE',  ( 1.000000000000000000, 0.000000000000000000, 0.000000000000000000 ) ) ;
#2133 = AXIS2_PLACEMENT_3D ( 'NONE', #1474, #1462, #1673 ) ;
#2134 =( BOUNDED_CURVE ( )  B_SPLINE_CURVE ( 3, ( #1208, #854, #2305, #73 ),
 .UNSPECIFIED., .F., .F. ) 
 B_SPLINE_CURVE_WITH_KNOTS ( ( 4, 4 ),
 ( 2.356194490192355051, 3.141592653589795336 ),
 .UNSPECIFIED. ) 
 CURVE ( )  GEOMETRIC_REPRESENTATION_ITEM ( )  RATIONAL_B_SPLINE_CURVE ( ( 1.000000000000000000, 0.9492530216741920102, 0.9492530216741920102, 1.000000000000000000 ) ) 
 REPRESENTATION_ITEM ( '' )  );
#2135 = CALENDAR_DATE ( 2026, 24, 3 ) ;
#2136 = CIRCLE ( 'NONE', #2355, 5.500000000000000888 ) ;
#2137 = CARTESIAN_POINT ( 'NONE',  ( 0.4829360166025664092, 1.102850421024338168, 9.897149578975655615 ) ) ;
#2138 = ORIENTED_EDGE ( 'NONE', *, *, #1314, .F. ) ;
#2139 = ADVANCED_FACE ( 'NONE', ( #2079 ), #2498, .T. ) ;
#2140 = VERTEX_POINT ( 'NONE', #1903 ) ;
#2141 = DIRECTION ( 'NONE',  ( 0.000000000000000000, 0.000000000000000000, 1.000000000000000000 ) ) ;
#2142 = EDGE_LOOP ( 'NONE', ( #151, #883, #2114, #1257, #1720, #942, #975, #706, #2181, #2389, #2680, #233, #921, #1553, #1329, #2163 ) ) ;
#2143 = CARTESIAN_POINT ( 'NONE',  ( -10.99999999999999645, -18.80000000000000071, -7.500000000000000000 ) ) ;
#2144 = CARTESIAN_POINT ( 'NONE',  ( 7.349999999999999645, 7.500000000000000000, 10.00000000000000000 ) ) ;
#2145 = EDGE_CURVE ( 'NONE', #1953, #2208, #1701, .T. ) ;
#2146 = PLANE ( 'NONE',  #2168 ) ;
#2147 = APPROVAL_STATUS ( 'not_yet_approved' ) ;
#2148 = DIRECTION ( 'NONE',  ( 0.000000000000000000, 0.000000000000000000, 1.000000000000000000 ) ) ;
#2149 = ORIENTED_EDGE ( 'NONE', *, *, #596, .T. ) ;
#2150 = ORIENTED_EDGE ( 'NONE', *, *, #1028, .F. ) ;
#2151 = EDGE_CURVE ( 'NONE', #378, #1498, #2689, .T. ) ;
#2152 = ORIENTED_EDGE ( 'NONE', *, *, #826, .F. ) ;
#2153 = CARTESIAN_POINT ( 'NONE',  ( 13.70000000000000107, 0.000000000000000000, 10.00000000000000000 ) ) ;
#2154 = ORIENTED_EDGE ( 'NONE', *, *, #1798, .T. ) ;
#2155 = DIRECTION ( 'NONE',  ( 0.000000000000000000, 2.041077998578924991E-17, -1.000000000000000000 ) ) ;
#2156 = EDGE_CURVE ( 'NONE', #2291, #2432, #32, .T. ) ;
#2157 = DIRECTION ( 'NONE',  ( -1.000000000000000000, 0.000000000000000000, 0.000000000000000000 ) ) ;
#2158 = CARTESIAN_POINT ( 'NONE',  ( -1.546617889897003550, -18.80000000000000071, 7.910730166370611549 ) ) ;
#2159 = CARTESIAN_POINT ( 'NONE',  ( -1.546617889897003550, -18.80000000000000071, -7.910730166370600891 ) ) ;
#2160 = PERSON_AND_ORGANIZATION ( #1001, #603 ) ;
#2161 = LINE ( 'NONE', #2428, #862 ) ;
#2162 = ORIENTED_EDGE ( 'NONE', *, *, #1021, .T. ) ;
#2163 = ORIENTED_EDGE ( 'NONE', *, *, #2682, .T. ) ;
#2164 = ORIENTED_EDGE ( 'NONE', *, *, #596, .F. ) ;
#2165 = CARTESIAN_POINT ( 'NONE',  ( -0.2121320343559940369, 18.80000000000000071, 7.500000000000000000 ) ) ;
#2166 = ORIENTED_EDGE ( 'NONE', *, *, #1711, .T. ) ;
#2167 = DIRECTION ( 'NONE',  ( 0.000000000000000000, 0.000000000000000000, -1.000000000000000000 ) ) ;
#2168 = AXIS2_PLACEMENT_3D ( 'NONE', #2172, #1739, #1337 ) ;
#2169 = ORGANIZATION ( 'NAUO-ORG2', 'UNSPECIFIED', 'UNSPECIFIED' ) ;
#2170 = CC_DESIGN_APPROVAL ( #362, ( #1296 ) ) ;
#2171 = VERTEX_POINT ( 'NONE', #429 ) ;
#2172 = CARTESIAN_POINT ( 'NONE',  ( 7.349999999999999645, 14.50000000000000000, 10.00000000000000000 ) ) ;
#2173 = DIRECTION ( 'NONE',  ( 0.000000000000000000, 1.000000000000000000, 0.000000000000000000 ) ) ;
#2174 = AXIS2_PLACEMENT_3D ( 'NONE', #980, #1812, #2648 ) ;
#2175 = AXIS2_PLACEMENT_3D ( 'NONE', #595, #2261, #1691 ) ;
#2176 = DATE_TIME_ROLE ( 'creation_date' ) ;
#2177 = EDGE_CURVE ( 'NONE', #2583, #1855, #1078, .T. ) ;
#2178 = CIRCLE ( 'NONE', #2573, 5.500000000000000888 ) ;
#2179 = AXIS2_PLACEMENT_3D ( 'NONE', #2544, #41, #5 ) ;
#2180 = DIRECTION ( 'NONE',  ( -1.000000000000000000, 0.000000000000000000, 0.000000000000000000 ) ) ;
#2181 = ORIENTED_EDGE ( 'NONE', *, *, #1203, .T. ) ;
#2182 = CONICAL_SURFACE ( 'NONE', #393, 3.000000000000000000, 0.7853981633974476129 ) ;
#2183 = ADVANCED_FACE ( 'NONE', ( #2511 ), #608, .F. ) ;
#2184 = EDGE_LOOP ( 'NONE', ( #1583, #1934, #1062, #2308 ) ) ;
#2185 = DIRECTION ( 'NONE',  ( -0.000000000000000000, 1.000000000000000000, 0.000000000000000000 ) ) ;
#2186 = ORIENTED_EDGE ( 'NONE', *, *, #1247, .T. ) ;
#2187 = CC_DESIGN_PERSON_AND_ORGANIZATION_ASSIGNMENT ( #1562, #537, ( #2703 ) ) ;
#2188 = DIRECTION ( 'NONE',  ( 1.000000000000000000, 0.000000000000000000, 0.000000000000000000 ) ) ;
#2189 = CARTESIAN_POINT ( 'NONE',  ( -0.2121320343559940369, 18.80000000000000071, 7.500000000000000000 ) ) ;
#2190 = CARTESIAN_POINT ( 'NONE',  ( 15.69999999999999929, -1.306161370546992067E-15, 11.00000000000000000 ) ) ;
#2191 = FACE_BOUND ( 'NONE', #1192, .T. ) ;
#2192 = COORDINATED_UNIVERSAL_TIME_OFFSET ( 6, 0, .BEHIND. ) ;
#2193 = EDGE_CURVE ( 'NONE', #164, #1316, #1204, .T. ) ;
#2194 = ADVANCED_FACE ( 'NONE', ( #226 ), #1056, .F. ) ;
#2195 = DIRECTION ( 'NONE',  ( 0.000000000000000000, 0.000000000000000000, 1.000000000000000000 ) ) ;
#2196 = ORIENTED_EDGE ( 'NONE', *, *, #1736, .T. ) ;
#2197 = VERTEX_POINT ( 'NONE', #2574 ) ;
#2198 = DIRECTION ( 'NONE',  ( 0.000000000000000000, 1.000000000000000000, 0.000000000000000000 ) ) ;
#2199 = EDGE_LOOP ( 'NONE', ( #913, #79, #1155, #1964 ) ) ;
#2200 = CARTESIAN_POINT ( 'NONE',  ( 19.69999999999999929, 0.000000000000000000, 0.000000000000000000 ) ) ;
#2201 = EDGE_LOOP ( 'NONE', ( #1251, #1719, #1529, #20 ) ) ;
#2202 = DIRECTION ( 'NONE',  ( 0.000000000000000000, 0.000000000000000000, -1.000000000000000000 ) ) ;
#2203 = CARTESIAN_POINT ( 'NONE',  ( -0.2121320343559940369, -18.80000000000000071, 7.500000000000000000 ) ) ;
#2204 = PERSON_AND_ORGANIZATION ( #1001, #603 ) ;
#2205 = PLANE ( 'NONE',  #515 ) ;
#2206 = EDGE_CURVE ( 'NONE', #291, #2197, #1865, .T. ) ;
#2207 = PLANE ( 'NONE',  #2525 ) ;
#2208 = VERTEX_POINT ( 'NONE', #1716 ) ;
#2209 = ORIENTED_EDGE ( 'NONE', *, *, #385, .F. ) ;
#2210 = DIRECTION ( 'NONE',  ( -1.000000000000000000, 0.000000000000000000, 0.000000000000000000 ) ) ;
#2211 = ORIENTED_EDGE ( 'NONE', *, *, #846, .T. ) ;
#2212 = PLANE ( 'NONE',  #2130 ) ;
#2213 = LINE ( 'NONE', #2410, #928 ) ;
#2214 = CARTESIAN_POINT ( 'NONE',  ( -3.099999999999991651, -18.80000000000000071, -8.250000000000271783 ) ) ;
#2215 = AXIS2_PLACEMENT_3D ( 'NONE', #629, #845, #2503 ) ;
#2216 = CYLINDRICAL_SURFACE ( 'NONE', #516, 3.299999999999999822 ) ;
#2217 = CC_DESIGN_APPROVAL ( #2678, ( #1652 ) ) ;
#2218 = LOCAL_TIME ( 0, 43, 15.00000000000000000, #1312 ) ;
#2219 = DATE_AND_TIME ( #346, #213 ) ;
#2220 = EDGE_CURVE ( 'NONE', #513, #2372, #1954, .T. ) ;
#2221 = DIRECTION ( 'NONE',  ( 1.000000000000000000, 0.000000000000000000, 0.000000000000000000 ) ) ;
#2222 = DIRECTION ( 'NONE',  ( -0.9769698805680887554, 0.000000000000000000, 0.2133772538551717557 ) ) ;
#2223 = EDGE_CURVE ( 'NONE', #2385, #2640, #2548, .T. ) ;
#2224 = AXIS2_PLACEMENT_3D ( 'NONE', #1109, #2390, #697 ) ;
#2225 = VECTOR ( 'NONE', #2673, 1000.000000000000000 ) ;
#2226 = AXIS2_PLACEMENT_3D ( 'NONE', #1491, #1965, #2362 ) ;
#2227 = EDGE_LOOP ( 'NONE', ( #1542, #2186, #1963, #1447 ) ) ;
#2228 = DIRECTION ( 'NONE',  ( 0.000000000000000000, 0.000000000000000000, -1.000000000000000000 ) ) ;
#2229 = EDGE_CURVE ( 'NONE', #45, #2543, #1504, .T. ) ;
#2230 = ORIENTED_EDGE ( 'NONE', *, *, #141, .F. ) ;
#2231 = FACE_OUTER_BOUND ( 'NONE', #2251, .T. ) ;
#2232 = CARTESIAN_POINT ( 'NONE',  ( 0.000000000000000000, 28.00000000000000000, 10.00000000000000000 ) ) ;
#2233 = FACE_OUTER_BOUND ( 'NONE', #114, .T. ) ;
#2234 = FACE_OUTER_BOUND ( 'NONE', #692, .T. ) ;
#2235 = COORDINATED_UNIVERSAL_TIME_OFFSET ( 6, 0, .BEHIND. ) ;
#2236 = CARTESIAN_POINT ( 'NONE',  ( -10.99999999999999645, -18.80000000000000071, -7.500000000000000000 ) ) ;
#2237 = SHAPE_REPRESENTATION_RELATIONSHIP ( 'NONE' , 'NONE' ,  #1737, #2558 ) ;
#2238 = VERTEX_POINT ( 'NONE', #287 ) ;
#2239 = PLANE ( 'NONE',  #2309 ) ;
#2240 = EDGE_CURVE ( 'NONE', #2642, #1049, #600, .T. ) ;
#2241 = VERTEX_POINT ( 'NONE', #2589 ) ;
#2242 = CARTESIAN_POINT ( 'NONE',  ( -3.099999999999991651, -18.80000000000000071, -8.250000000000271783 ) ) ;
#2243 = PLANE ( 'NONE',  #929 ) ;
#2244 = CARTESIAN_POINT ( 'NONE',  ( -3.099999999999991651, 18.79999999999999716, -9.839999999999999858 ) ) ;
#2245 = DIRECTION ( 'NONE',  ( 1.000000000000000000, 0.000000000000000000, 0.000000000000000000 ) ) ;
#2246 = APPROVAL_DATE_TIME ( #1412, #2106 ) ;
#2247 = CARTESIAN_POINT ( 'NONE',  ( 3.918892307140445119, 1.000000000000000000, 10.00000000000000000 ) ) ;
#2248 =( LENGTH_UNIT ( ) NAMED_UNIT ( * ) SI_UNIT ( .MILLI., .METRE. ) );
#2249 = ORIENTED_EDGE ( 'NONE', *, *, #1620, .T. ) ;
#2250 = ORIENTED_EDGE ( 'NONE', *, *, #2429, .T. ) ;
#2251 = EDGE_LOOP ( 'NONE', ( #598, #543, #2292, #1887 ) ) ;
#2252 = CARTESIAN_POINT ( 'NONE',  ( 14.28578643762691591, 28.58578643762690064, 10.00000000000000000 ) ) ;
#2253 = CARTESIAN_POINT ( 'NONE',  ( 13.70000000000000107, 1.000000000000000000, 10.00000000000000000 ) ) ;
#2254 = DIRECTION ( 'NONE',  ( 1.000000000000000000, 0.000000000000000000, 0.000000000000000000 ) ) ;
#2255 = CARTESIAN_POINT ( 'NONE',  ( -33.19999999999999574, -6.200000000000003730, 0.000000000000000000 ) ) ;
#2256 = CONICAL_SURFACE ( 'NONE', #380, 3.000000000000000000, 0.7853981633974503884 ) ;
#2257 = DIRECTION ( 'NONE',  ( 0.000000000000000000, 0.000000000000000000, 1.000000000000000000 ) ) ;
#2258 =( LENGTH_UNIT ( ) NAMED_UNIT ( * ) SI_UNIT ( .MILLI., .METRE. ) );
#2259 = EDGE_CURVE ( 'NONE', #310, #873, #271, .T. ) ;
#2260 = CONICAL_SURFACE ( 'NONE', #2312, 3.000000000000000000, 0.7853981633974503884 ) ;
#2261 = DIRECTION ( 'NONE',  ( 0.000000000000000000, 0.000000000000000000, 1.000000000000000000 ) ) ;
#2262 = VECTOR ( 'NONE', #416, 1000.000000000000000 ) ;
#2263 = ORIENTED_EDGE ( 'NONE', *, *, #2021, .T. ) ;
#2264 = EDGE_CURVE ( 'NONE', #1083, #626, #2556, .T. ) ;
#2265 = AXIS2_PLACEMENT_3D ( 'NONE', #1097, #300, #960 ) ;
#2266 = ORIENTED_EDGE ( 'NONE', *, *, #1736, .F. ) ;
#2267 = CARTESIAN_POINT ( 'NONE',  ( 3.918892307140445119, 1.000000000000000000, 10.00000000000000000 ) ) ;
#2268 = CARTESIAN_POINT ( 'NONE',  ( 1.000000000000000000, 1.000000000000000000, 10.00000000000000000 ) ) ;
#2269 = CIRCLE ( 'NONE', #2179, 3.299999999999999822 ) ;
#2270 = LINE ( 'NONE', #2284, #2637 ) ;
#2271 = DIRECTION ( 'NONE',  ( 0.000000000000000000, -1.000000000000000000, 0.000000000000000000 ) ) ;
#2272 = CC_DESIGN_DATE_AND_TIME_ASSIGNMENT ( #2479, #593, ( #2705 ) ) ;
#2273 = DIRECTION ( 'NONE',  ( 1.000000000000000000, 0.000000000000000000, 0.000000000000000000 ) ) ;
#2274 = DIRECTION ( 'NONE',  ( 0.000000000000000000, 0.000000000000000000, 1.000000000000000000 ) ) ;
#2275 = CARTESIAN_POINT ( 'NONE',  ( 0.000000000000000000, 0.000000000000000000, 0.000000000000000000 ) ) ;
#2276 = ADVANCED_FACE ( 'NONE', ( #897 ), #682, .F. ) ;
#2277 = EDGE_CURVE ( 'NONE', #2072, #1429, #1917, .T. ) ;
#2278 = DIRECTION ( 'NONE',  ( -0.7071067811865475727, -0.7071067811865475727, 1.386669559958809267E-32 ) ) ;
#2279 = EDGE_CURVE ( 'NONE', #1855, #1225, #428, .T. ) ;
#2280 = EDGE_LOOP ( 'NONE', ( #614, #502, #548, #1473 ) ) ;
#2281 = VERTEX_POINT ( 'NONE', #889 ) ;
#2282 = CARTESIAN_POINT ( 'NONE',  ( -5.589999999999998082, 18.80000000000000071, 7.500000000000000000 ) ) ;
#2283 = DIRECTION ( 'NONE',  ( 0.000000000000000000, 0.7071067811865460184, -0.7071067811865489050 ) ) ;
#2284 = CARTESIAN_POINT ( 'NONE',  ( 14.69999999999999929, -2.245185798436814994E-16, 11.00000000000000000 ) ) ;
#2285 = FACE_BOUND ( 'NONE', #1416, .T. ) ;
#2286 = FACE_OUTER_BOUND ( 'NONE', #2227, .T. ) ;
#2287 = DATE_TIME_ROLE ( 'classification_date' ) ;
#2288 = DIRECTION ( 'NONE',  ( 0.000000000000000000, 0.000000000000000000, -1.000000000000000000 ) ) ;
#2289 = EDGE_CURVE ( 'NONE', #2291, #477, #262, .T. ) ;
#2290 = LINE ( 'NONE', #1249, #1913 ) ;
#2291 = VERTEX_POINT ( 'NONE', #2379 ) ;
#2292 = ORIENTED_EDGE ( 'NONE', *, *, #2080, .T. ) ;
#2293 = ORIENTED_EDGE ( 'NONE', *, *, #2087, .F. ) ;
#2294 = DIRECTION ( 'NONE',  ( -1.000000000000000000, 0.000000000000000000, 0.000000000000000000 ) ) ;
#2295 = CARTESIAN_POINT ( 'NONE',  ( -19.19999999999999574, -6.200000000000003730, 0.000000000000000000 ) ) ;
#2296 = ORIENTED_EDGE ( 'NONE', *, *, #1743, .T. ) ;
#2297 = CARTESIAN_POINT ( 'NONE',  ( -5.000000000000000000, -1.592040838891559884E-15, -13.00000000000000000 ) ) ;
#2298 = DIRECTION ( 'NONE',  ( 0.000000000000000000, -1.961046898223679963E-32, -1.000000000000000000 ) ) ;
#2299 = DIRECTION ( 'NONE',  ( 0.000000000000000000, 0.000000000000000000, 1.000000000000000000 ) ) ;
#2300 = ADVANCED_FACE ( 'NONE', ( #722 ), #2256, .F. ) ;
#2301 = CC_DESIGN_PERSON_AND_ORGANIZATION_ASSIGNMENT ( #34, #1299, ( #952 ) ) ;
#2302 = COORDINATED_UNIVERSAL_TIME_OFFSET ( 6, 0, .BEHIND. ) ;
#2303 = CC_DESIGN_DATE_AND_TIME_ASSIGNMENT ( #2467, #359, ( #1783 ) ) ;
#2304 = VECTOR ( 'NONE', #331, 1000.000000000000114 ) ;
#2305 = CARTESIAN_POINT ( 'NONE',  ( 13.96876110206468624, 1.000000000000000000, 10.00000000000001066 ) ) ;
#2306 = AXIS2_PLACEMENT_3D ( 'NONE', #2203, #918, #1780 ) ;
#2307 = EDGE_CURVE ( 'NONE', #1490, #704, #72, .T. ) ;
#2308 = ORIENTED_EDGE ( 'NONE', *, *, #57, .T. ) ;
#2309 = AXIS2_PLACEMENT_3D ( 'NONE', #2406, #365, #1816 ) ;
#2310 = EDGE_LOOP ( 'NONE', ( #2006, #1460, #1935 ) ) ;
#2311 = CARTESIAN_POINT ( 'NONE',  ( -19.19999999999999574, 5.809999999999999609, 3.000000000000000000 ) ) ;
#2312 = AXIS2_PLACEMENT_3D ( 'NONE', #2576, #2397, #1323 ) ;
#2313 = VECTOR ( 'NONE', #2339, 1000.000000000000000 ) ;
#2314 = ORIENTED_EDGE ( 'NONE', *, *, #2177, .F. ) ;
#2315 = LINE ( 'NONE', #1027, #571 ) ;
#2316 = CARTESIAN_POINT ( 'NONE',  ( 7.349999999999999645, 7.500000000000000000, 12.00000000000000000 ) ) ;
#2317 = CIRCLE ( 'NONE', #2048, 5.500000000000000888 ) ;
#2318 = LINE ( 'NONE', #444, #1344 ) ;
#2319 = VECTOR ( 'NONE', #1502, 1000.000000000000000 ) ;
#2320 = APPROVAL_DATE_TIME ( #865, #362 ) ;
#2321 = CARTESIAN_POINT ( 'NONE',  ( -4.653382110102993963, 18.80000000000000071, 7.910730166370611549 ) ) ;
#2322 = VERTEX_POINT ( 'NONE', #2396 ) ;
#2323 = ORIENTED_EDGE ( 'NONE', *, *, #2675, .F. ) ;
#2324 = DIRECTION ( 'NONE',  ( -8.659560562354948882E-17, 0.7071067811865460184, 0.7071067811865489050 ) ) ;
#2325 = VERTEX_POINT ( 'NONE', #1311 ) ;
#2326 = DIRECTION ( 'NONE',  ( 0.4016064257026794038, 0.000000000000000000, 0.9158123600576257850 ) ) ;
#2327 = ADVANCED_FACE ( 'NONE', ( #482 ), #2146, .F. ) ;
#2328 = DIRECTION ( 'NONE',  ( 0.000000000000000000, 0.000000000000000000, 1.000000000000000000 ) ) ;
#2329 = DIRECTION ( 'NONE',  ( -1.000000000000000000, 0.000000000000000000, 0.000000000000000000 ) ) ;
#2330 = AXIS2_PLACEMENT_3D ( 'NONE', #699, #721, #504 ) ;
#2331 = PERSON_AND_ORGANIZATION ( #1001, #603 ) ;
#2332 = VECTOR ( 'NONE', #590, 1000.000000000000000 ) ;
#2333 = ORIENTED_EDGE ( 'NONE', *, *, #1066, .F. ) ;
#2334 = ORIENTED_EDGE ( 'NONE', *, *, #2564, .F. ) ;
#2335 = LINE ( 'NONE', #2311, #2096 ) ;
#2336 = CC_DESIGN_PERSON_AND_ORGANIZATION_ASSIGNMENT ( #1089, #1718, ( #952 ) ) ;
#2337 = ORIENTED_EDGE ( 'NONE', *, *, #1129, .F. ) ;
#2338 = CARTESIAN_POINT ( 'NONE',  ( 52.39556544854359998, -1.592040838891559884E-15, -13.00000000000000000 ) ) ;
#2339 = DIRECTION ( 'NONE',  ( 0.000000000000000000, -1.000000000000000000, 0.000000000000000000 ) ) ;
#2340 = DIRECTION ( 'NONE',  ( 0.000000000000000000, 0.000000000000000000, 1.000000000000000000 ) ) ;
#2341 = PERSON_AND_ORGANIZATION ( #1001, #603 ) ;
#2342 = CYLINDRICAL_SURFACE ( 'NONE', #1254, 7.349999999999999645 ) ;
#2343 = EDGE_LOOP ( 'NONE', ( #1019, #696, #2371, #2683 ) ) ;
#2344 = AXIS2_PLACEMENT_3D ( 'NONE', #1303, #904, #2561 ) ;
#2345 = ORIENTED_EDGE ( 'NONE', *, *, #768, .T. ) ;
#2346 = DIRECTION ( 'NONE',  ( 0.000000000000000000, 0.000000000000000000, -1.000000000000000000 ) ) ;
#2347 = APPROVAL_PERSON_ORGANIZATION ( #2331, #881, #1507 ) ;
#2348 = LOCAL_TIME ( 0, 43, 15.00000000000000000, #2413 ) ;
#2349 = ORIENTED_EDGE ( 'NONE', *, *, #1622, .T. ) ;
#2350 = DIRECTION ( 'NONE',  ( 0.000000000000000000, 0.000000000000000000, 1.000000000000000000 ) ) ;
#2351 = DIRECTION ( 'NONE',  ( 0.000000000000000000, 0.000000000000000000, -1.000000000000000000 ) ) ;
#2352 = CIRCLE ( 'NONE', #476, 5.500000000000000888 ) ;
#2353 = DIRECTION ( 'NONE',  ( 0.9769698805680887554, 0.000000000000000000, -0.2133772538551716169 ) ) ;
#2354 = AXIS2_PLACEMENT_3D ( 'NONE', #2552, #2073, #1449 ) ;
#2355 = AXIS2_PLACEMENT_3D ( 'NONE', #111, #1764, #732 ) ;
#2356 = ADVANCED_FACE ( 'NONE', ( #700 ), #304, .F. ) ;
#2357 = LINE ( 'NONE', #1051, #2563 ) ;
#2358 = ORIENTED_EDGE ( 'NONE', *, *, #2021, .F. ) ;
#2359 = ORIENTED_EDGE ( 'NONE', *, *, #1203, .F. ) ;
#2360 = EDGE_CURVE ( 'NONE', #422, #982, #1969, .T. ) ;
#2361 = ORIENTED_EDGE ( 'NONE', *, *, #467, .T. ) ;
#2362 = DIRECTION ( 'NONE',  ( 0.000000000000000000, 0.000000000000000000, 1.000000000000000000 ) ) ;
#2363 = ORIENTED_EDGE ( 'NONE', *, *, #1821, .F. ) ;
#2364 = DIRECTION ( 'NONE',  ( 1.000000000000000000, 0.000000000000000000, 0.000000000000000000 ) ) ;
#2365 = EDGE_CURVE ( 'NONE', #1911, #1729, #2119, .T. ) ;
#2366 = ORIENTED_EDGE ( 'NONE', *, *, #737, .T. ) ;
#2367 = DIRECTION ( 'NONE',  ( 1.000000000000000000, 0.000000000000000000, 0.000000000000000000 ) ) ;
#2368 = LINE ( 'NONE', #946, #998 ) ;
#2369 = PERSON_AND_ORGANIZATION_ROLE ( 'creator' ) ;
#2370 = CARTESIAN_POINT ( 'NONE',  ( -33.19999999999999574, -6.200000000000003730, -3.000000000000000000 ) ) ;
#2371 = ORIENTED_EDGE ( 'NONE', *, *, #1028, .T. ) ;
#2372 = VERTEX_POINT ( 'NONE', #2580 ) ;
#2373 = ORIENTED_EDGE ( 'NONE', *, *, #458, .F. ) ;
#2374 = DIRECTION ( 'NONE',  ( 0.000000000000000000, 0.000000000000000000, -1.000000000000000000 ) ) ;
#2375 = ORIENTED_EDGE ( 'NONE', *, *, #1102, .F. ) ;
#2376 = DIRECTION ( 'NONE',  ( 1.000000000000000000, 0.000000000000000000, 0.000000000000000000 ) ) ;
#2377 = EDGE_CURVE ( 'NONE', #2652, #2197, #194, .T. ) ;
#2378 = ORIENTED_EDGE ( 'NONE', *, *, #361, .F. ) ;
#2379 = CARTESIAN_POINT ( 'NONE',  ( 1.000000000000000000, 17.79864889533564920, 10.00000000000000000 ) ) ;
#2380 = CARTESIAN_POINT ( 'NONE',  ( -10.99999999999999645, -6.200000000000003730, -7.500000000000000000 ) ) ;
#2381 = PERSON_AND_ORGANIZATION_ROLE ( 'creator' ) ;
#2382 = EDGE_CURVE ( 'NONE', #1225, #2093, #1695, .T. ) ;
#2383 = LINE ( 'NONE', #1972, #1827 ) ;
#2384 = APPROVAL ( #329, 'UNSPECIFIED' ) ;
#2385 = VERTEX_POINT ( 'NONE', #1685 ) ;
#2386 = AXIS2_PLACEMENT_3D ( 'NONE', #403, #2110, #1890 ) ;
#2387 = ORIENTED_EDGE ( 'NONE', *, *, #922, .T. ) ;
#2388 = CYLINDRICAL_SURFACE ( 'NONE', #1486, 1.589999999999735625 ) ;
#2389 = ORIENTED_EDGE ( 'NONE', *, *, #336, .T. ) ;
#2390 = DIRECTION ( 'NONE',  ( -0.7071067811865475727, 0.000000000000000000, -0.7071067811865475727 ) ) ;
#2391 = AXIS2_PLACEMENT_3D ( 'NONE', #526, #2402, #2180 ) ;
#2392 = EDGE_CURVE ( 'NONE', #513, #1511, #617, .T. ) ;
#2393 = ADVANCED_FACE ( 'NONE', ( #1728 ), #1242, .T. ) ;
#2394 = VECTOR ( 'NONE', #1426, 1000.000000000000000 ) ;
#2395 = ORIENTED_EDGE ( 'NONE', *, *, #1411, .F. ) ;
#2396 = CARTESIAN_POINT ( 'NONE',  ( -40.05857864375998645, 5.809999999999999609, -7.500000000000000000 ) ) ;
#2397 = DIRECTION ( 'NONE',  ( 0.000000000000000000, 1.000000000000000000, 0.000000000000000000 ) ) ;
#2398 = AXIS2_PLACEMENT_3D ( 'NONE', #933, #1148, #2618 ) ;
#2399 = APPLICATION_PROTOCOL_DEFINITION ( 'international standard', 'config_control_design', 1994, #1033 ) ;
#2400 = CIRCLE ( 'NONE', #2265, 2.458500000000000352 ) ;
#2401 = AXIS2_PLACEMENT_3D ( 'NONE', #1409, #2617, #156 ) ;
#2402 = DIRECTION ( 'NONE',  ( 0.000000000000000000, 0.000000000000000000, -1.000000000000000000 ) ) ;
#2403 = ORIENTED_EDGE ( 'NONE', *, *, #2193, .F. ) ;
#2404 = VECTOR ( 'NONE', #259, 1000.000000000000000 ) ;
#2405 = VERTEX_POINT ( 'NONE', #2074 ) ;
#2406 = CARTESIAN_POINT ( 'NONE',  ( 0.000000000000000000, -18.80000000000000071, -7.287867965643999746 ) ) ;
#2407 = ORIENTED_EDGE ( 'NONE', *, *, #1301, .F. ) ;
#2408 = LINE ( 'NONE', #113, #216 ) ;
#2409 = EDGE_CURVE ( 'NONE', #2585, #1072, #991, .T. ) ;
#2410 = CARTESIAN_POINT ( 'NONE',  ( 15.69999999999999929, -1.224646799147345812E-16, 0.000000000000000000 ) ) ;
#2411 = CARTESIAN_POINT ( 'NONE',  ( -0.6099999999999994316, -18.80000000000000071, -7.500000000000000000 ) ) ;
#2412 = CARTESIAN_POINT ( 'NONE',  ( -5.000000000000000000, -30.00000000000000000, 11.00000000000000000 ) ) ;
#2413 = COORDINATED_UNIVERSAL_TIME_OFFSET ( 6, 0, .BEHIND. ) ;
#2414 = DIRECTION ( 'NONE',  ( 0.000000000000000000, 0.000000000000000000, -1.000000000000000000 ) ) ;
#2415 = DIRECTION ( 'NONE',  ( 1.000000000000000000, 0.000000000000000000, 0.000000000000000000 ) ) ;
#2416 = ORIENTED_EDGE ( 'NONE', *, *, #1882, .T. ) ;
#2417 =( BOUNDED_CURVE ( )  B_SPLINE_CURVE ( 3, ( #2078, #783, #1646, #209 ),
 .UNSPECIFIED., .F., .F. ) 
 B_SPLINE_CURVE_WITH_KNOTS ( ( 4, 4 ),
 ( 0.000000000000000000, 1.570796326794895004 ),
 .UNSPECIFIED. ) 
 CURVE ( )  GEOMETRIC_REPRESENTATION_ITEM ( )  RATIONAL_B_SPLINE_CURVE ( ( 1.000000000000000000, 0.8047378541243649375, 0.8047378541243649375, 1.000000000000000000 ) ) 
 REPRESENTATION_ITEM ( '' )  );
#2418 = EDGE_LOOP ( 'NONE', ( #1185, #1020, #2602, #1834, #493, #40, #843, #451 ) ) ;
#2419 = CARTESIAN_POINT ( 'NONE',  ( 1.000000000000000000, 0.000000000000000000, 10.00000000000000000 ) ) ;
#2420 = VERTEX_POINT ( 'NONE', #1932 ) ;
#2421 = CARTESIAN_POINT ( 'NONE',  ( -5.589999999999998082, -18.80000000000000071, -7.500000000000000000 ) ) ;
#2422 = DIRECTION ( 'NONE',  ( 0.000000000000000000, 0.000000000000000000, -1.000000000000000000 ) ) ;
#2423 = PLANE ( 'NONE',  #257 ) ;
#2424 = DIRECTION ( 'NONE',  ( 0.000000000000000000, 0.000000000000000000, 1.000000000000000000 ) ) ;
#2425 = EDGE_CURVE ( 'NONE', #337, #1733, #2062, .T. ) ;
#2426 = PERSON_AND_ORGANIZATION ( #1001, #603 ) ;
#2427 = CARTESIAN_POINT ( 'NONE',  ( 7.349999999999999645, 21.50000000000000000, 12.00000000000000000 ) ) ;
#2428 = CARTESIAN_POINT ( 'NONE',  ( 19.69999999999999929, -30.00000000000000000, 11.00000000000000000 ) ) ;
#2429 = EDGE_CURVE ( 'NONE', #2238, #2208, #2091, .T. ) ;
#2430 = EDGE_LOOP ( 'NONE', ( #299, #295, #1787, #1671, #924, #906, #1869, #1036, #734 ) ) ;
#2431 = FACE_OUTER_BOUND ( 'NONE', #970, .T. ) ;
#2432 = VERTEX_POINT ( 'NONE', #1038 ) ;
#2433 = DIRECTION ( 'NONE',  ( 1.000000000000000000, 0.000000000000000000, 0.000000000000000000 ) ) ;
#2434 = CYLINDRICAL_SURFACE ( 'NONE', #1261, 7.349999999999999645 ) ;
#2435 = DIRECTION ( 'NONE',  ( 0.000000000000000000, 1.000000000000000000, 0.000000000000000000 ) ) ;
#2436 = VECTOR ( 'NONE', #674, 1000.000000000000000 ) ;
#2437 = LINE ( 'NONE', #1618, #2664 ) ;
#2438 = LOCAL_TIME ( 0, 43, 15.00000000000000000, #1233 ) ;
#2439 = AXIS2_PLACEMENT_3D ( 'NONE', #375, #1522, #1287 ) ;
#2440 = CALENDAR_DATE ( 2026, 24, 3 ) ;
#2441 = FACE_OUTER_BOUND ( 'NONE', #2545, .T. ) ;
#2442 = CIRCLE ( 'NONE', #2000, 2.458500000000000352 ) ;
#2443 = LINE ( 'NONE', #2081, #2394 ) ;
#2444 = AXIS2_PLACEMENT_3D ( 'NONE', #2144, #2547, #1715 ) ;
#2445 = AXIS2_PLACEMENT_3D ( 'NONE', #602, #1230, #442 ) ;
#2446 = ORIENTED_EDGE ( 'NONE', *, *, #2466, .T. ) ;
#2447 = AXIS2_PLACEMENT_3D ( 'NONE', #382, #836, #2507 ) ;
#2448 = VERTEX_POINT ( 'NONE', #1674 ) ;
#2449 = CARTESIAN_POINT ( 'NONE',  ( 13.70000000000000107, 25.20135110466435080, 10.00000000000000000 ) ) ;
#2450 = ORIENTED_EDGE ( 'NONE', *, *, #1098, .F. ) ;
#2451 = DIRECTION ( 'NONE',  ( 0.000000000000000000, 0.000000000000000000, -1.000000000000000000 ) ) ;
#2452 = CYLINDRICAL_SURFACE ( 'NONE', #232, 2.458500000000000352 ) ;
#2453 = CYLINDRICAL_SURFACE ( 'NONE', #2488, 0.9999999999999991118 ) ;
#2454 = CARTESIAN_POINT ( 'NONE',  ( 14.69999999999999929, 0.000000000000000000, 10.00000000000000000 ) ) ;
#2455 = APPROVAL_STATUS ( 'not_yet_approved' ) ;
#2456 = DIRECTION ( 'NONE',  ( -1.000000000000000000, 0.000000000000000000, 0.000000000000000000 ) ) ;
#2457 = SHAPE_REPRESENTATION ( 'finger_spring.step', ( #339 ), #1738 ) ;
#2458 = ORIENTED_EDGE ( 'NONE', *, *, #336, .F. ) ;
#2459 = ORIENTED_EDGE ( 'NONE', *, *, #371, .F. ) ;
#2460 = CARTESIAN_POINT ( 'NONE',  ( 0.000000000000000000, 0.000000000000000000, 10.00000000000000000 ) ) ;
#2461 = VERTEX_POINT ( 'NONE', #834 ) ;
#2462 = CARTESIAN_POINT ( 'NONE',  ( -5.000000000000000000, -2.449293598294704935E-16, 12.00000000000000000 ) ) ;
#2463 = DIRECTION ( 'NONE',  ( 0.000000000000000000, 0.000000000000000000, -1.000000000000000000 ) ) ;
#2464 = DIRECTION ( 'NONE',  ( 0.4016064257026794038, 0.000000000000000000, -0.9158123600576257850 ) ) ;
#2465 = CARTESIAN_POINT ( 'NONE',  ( 10.65000000000000036, 7.500000000000000000, 0.000000000000000000 ) ) ;
#2466 = EDGE_CURVE ( 'NONE', #2140, #2652, #2609, .T. ) ;
#2467 = DATE_AND_TIME ( #1635, #1168 ) ;
#2468 = DIRECTION ( 'NONE',  ( 0.000000000000000000, 0.000000000000000000, -1.000000000000000000 ) ) ;
#2469 = DIRECTION ( 'NONE',  ( 1.000000000000000000, 0.000000000000000000, 0.000000000000000000 ) ) ;
#2470 = EDGE_CURVE ( 'NONE', #326, #337, #1475, .T. ) ;
#2471 = ORIENTED_EDGE ( 'NONE', *, *, #2156, .F. ) ;
#2472 = EDGE_LOOP ( 'NONE', ( #2123, #1772, #2022 ) ) ;
#2473 = DIRECTION ( 'NONE',  ( 0.000000000000000000, 1.000000000000000000, 0.000000000000000000 ) ) ;
#2474 = CYLINDRICAL_SURFACE ( 'NONE', #1433, 5.500000000000000888 ) ;
#2475 = DIRECTION ( 'NONE',  ( -1.000000000000000000, 0.000000000000000000, 0.000000000000000000 ) ) ;
#2476 = DIRECTION ( 'NONE',  ( -1.000000000000000000, 0.000000000000000000, 0.000000000000000000 ) ) ;
#2477 = EDGE_CURVE ( 'NONE', #326, #638, #1463, .T. ) ;
#2478 = EDGE_CURVE ( 'NONE', #638, #1153, #1995, .T. ) ;
#2479 = DATE_AND_TIME ( #2013, #36 ) ;
#2480 = VECTOR ( 'NONE', #2283, 1000.000000000000114 ) ;
#2481 = CARTESIAN_POINT ( 'NONE',  ( 7.349999999999999645, 21.50000000000000000, 10.00000000000000000 ) ) ;
#2482 = AXIS2_PLACEMENT_3D ( 'NONE', #585, #1605, #2690 ) ;
#2483 = VECTOR ( 'NONE', #1237, 1000.000000000000000 ) ;
#2484 = CARTESIAN_POINT ( 'NONE',  ( 0.000000000000000000, -18.80000000000000071, -7.287867965643999746 ) ) ;
#2485 = AXIS2_PLACEMENT_3D ( 'NONE', #1574, #284, #2376 ) ;
#2486 = VERTEX_POINT ( 'NONE', #19 ) ;
#2487 = VERTEX_POINT ( 'NONE', #703 ) ;
#2488 = AXIS2_PLACEMENT_3D ( 'NONE', #1822, #798, #580 ) ;
#2489 = ORIENTED_EDGE ( 'NONE', *, *, #2527, .T. ) ;
#2490 = DIRECTION ( 'NONE',  ( 0.000000000000000000, 0.000000000000000000, 1.000000000000000000 ) ) ;
#2491 = DIRECTION ( 'NONE',  ( 0.000000000000000000, 1.000000000000000000, 0.000000000000000000 ) ) ;
#2492 = VECTOR ( 'NONE', #1621, 1000.000000000000000 ) ;
#2493 = FACE_OUTER_BOUND ( 'NONE', #1630, .T. ) ;
#2494 = DIRECTION ( 'NONE',  ( 0.000000000000000000, 1.000000000000000000, 0.000000000000000000 ) ) ;
#2495 = CARTESIAN_POINT ( 'NONE',  ( 7.349999999999999645, 7.500000000000000000, -0.8000000000000000444 ) ) ;
#2496 = EDGE_CURVE ( 'NONE', #2420, #1121, #688, .T. ) ;
#2497 = COORDINATED_UNIVERSAL_TIME_OFFSET ( 6, 0, .BEHIND. ) ;
#2498 = PLANE ( 'NONE',  #172 ) ;
#2499 = LINE ( 'NONE', #1942, #649 ) ;
#2500 = ORIENTED_EDGE ( 'NONE', *, *, #573, .F. ) ;
#2501 = ORIENTED_EDGE ( 'NONE', *, *, #2259, .T. ) ;
#2502 = CARTESIAN_POINT ( 'NONE',  ( 10.78110769285954085, 28.00000000000000000, 10.00000000000000000 ) ) ;
#2503 = DIRECTION ( 'NONE',  ( 0.000000000000000000, 0.000000000000000000, -1.000000000000000000 ) ) ;
#2504 = CIRCLE ( 'NONE', #584, 3.299999999999999822 ) ;
#2505 = EDGE_CURVE ( 'NONE', #2568, #1729, #292, .T. ) ;
#2506 = ORIENTED_EDGE ( 'NONE', *, *, #2515, .F. ) ;
#2507 = DIRECTION ( 'NONE',  ( -1.000000000000000000, 0.000000000000000000, 0.000000000000000000 ) ) ;
#2508 = ADVANCED_FACE ( 'NONE', ( #264 ), #2342, .T. ) ;
#2509 = CARTESIAN_POINT ( 'NONE',  ( 0.000000000000000000, 7.500000000000000000, 12.00000000000000000 ) ) ;
#2510 = APPROVAL ( #1370, 'UNSPECIFIED' ) ;
#2511 = FACE_OUTER_BOUND ( 'NONE', #279, .T. ) ;
#2512 = EDGE_CURVE ( 'NONE', #2487, #1682, #2357, .T. ) ;
#2513 = CALENDAR_DATE ( 2026, 24, 3 ) ;
#2514 = CARTESIAN_POINT ( 'NONE',  ( -5.589999999999998082, -18.80000000000000071, 7.500000000000000000 ) ) ;
#2515 = EDGE_CURVE ( 'NONE', #1153, #638, #1385, .T. ) ;
#2516 = ORIENTED_EDGE ( 'NONE', *, *, #2512, .T. ) ;
#2517 = VERTEX_POINT ( 'NONE', #727 ) ;
#2518 = FACE_OUTER_BOUND ( 'NONE', #2280, .T. ) ;
#2519 = CARTESIAN_POINT ( 'NONE',  ( 0.7312388979353098284, 0.9999999999999986677, 10.00000000000000000 ) ) ;
#2520 = ORIENTED_EDGE ( 'NONE', *, *, #736, .F. ) ;
#2521 = DIRECTION ( 'NONE',  ( -0.5773502691896260641, -0.5773502691896241767, 0.5773502691896270633 ) ) ;
#2522 = CARTESIAN_POINT ( 'NONE',  ( -0.6099999999999994316, -18.80000000000000071, 7.500000000000000000 ) ) ;
#2523 = DIRECTION ( 'NONE',  ( 0.000000000000000000, -1.000000000000000000, 0.000000000000000000 ) ) ;
#2524 = APPROVAL_DATE_TIME ( #2112, #481 ) ;
#2525 = AXIS2_PLACEMENT_3D ( 'NONE', #1327, #2639, #497 ) ;
#2526 = CARTESIAN_POINT ( 'NONE',  ( -10.99999999999999645, -6.200000000000003730, -7.500000000000000000 ) ) ;
#2527 = EDGE_CURVE ( 'NONE', #2487, #708, #2001, .T. ) ;
#2528 = CC_DESIGN_APPROVAL ( #1162, ( #2703 ) ) ;
#2529 = ORIENTED_EDGE ( 'NONE', *, *, #2649, .F. ) ;
#2530 = VECTOR ( 'NONE', #2456, 1000.000000000000000 ) ;
#2531 = EDGE_LOOP ( 'NONE', ( #1269, #395 ) ) ;
#2532 = DIRECTION ( 'NONE',  ( 0.000000000000000000, -1.000000000000000000, 0.000000000000000000 ) ) ;
#2533 = VECTOR ( 'NONE', #2476, 1000.000000000000000 ) ;
#2534 = VECTOR ( 'NONE', #465, 1000.000000000000114 ) ;
#2535 = ORIENTED_EDGE ( 'NONE', *, *, #1640, .T. ) ;
#2536 = LINE ( 'NONE', #2584, #2579 ) ;
#2537 = CARTESIAN_POINT ( 'NONE',  ( -10.99999999999999645, 5.809999999999999609, -7.500000000000000000 ) ) ;
#2538 = VECTOR ( 'NONE', #317, 1000.000000000000000 ) ;
#2539 = DIRECTION ( 'NONE',  ( 0.000000000000000000, 0.000000000000000000, 1.000000000000000000 ) ) ;
#2540 = AXIS2_PLACEMENT_3D ( 'NONE', #886, #2350, #707 ) ;
#2541 = EDGE_CURVE ( 'NONE', #2612, #1567, #1165, .T. ) ;
#2542 = EDGE_LOOP ( 'NONE', ( #994, #2250, #1762, #352 ) ) ;
#2543 = VERTEX_POINT ( 'NONE', #981 ) ;
#2544 = CARTESIAN_POINT ( 'NONE',  ( 7.349999999999999645, 7.500000000000000000, 0.000000000000000000 ) ) ;
#2545 = EDGE_LOOP ( 'NONE', ( #1239, #1106, #2345, #857 ) ) ;
#2546 = CARTESIAN_POINT ( 'NONE',  ( 14.69999999999999929, 29.00000000000000000, 10.00000000000000000 ) ) ;
#2547 = DIRECTION ( 'NONE',  ( 0.000000000000000000, 0.000000000000000000, 1.000000000000000000 ) ) ;
#2548 = LINE ( 'NONE', #2158, #1559 ) ;
#2549 = APPLICATION_PROTOCOL_DEFINITION ( 'international standard', 'config_control_design', 1994, #1844 ) ;
#2550 = ORIENTED_EDGE ( 'NONE', *, *, #1256, .T. ) ;
#2551 = ORIENTED_EDGE ( 'NONE', *, *, #363, .F. ) ;
#2552 = CARTESIAN_POINT ( 'NONE',  ( 7.349999999999999645, 7.500000000000000000, 10.00000000000000000 ) ) ;
#2553 = VERTEX_POINT ( 'NONE', #1813 ) ;
#2554 = CARTESIAN_POINT ( 'NONE',  ( 1.850000000000000089, 21.50000000000000000, 2.200000000000000178 ) ) ;
#2555 = DIRECTION ( 'NONE',  ( 1.000000000000000000, 0.000000000000000000, 0.000000000000000000 ) ) ;
#2556 = LINE ( 'NONE', #1929, #1779 ) ;
#2557 = EDGE_CURVE ( 'NONE', #2692, #894, #290, .T. ) ;
#2558 = ADVANCED_BREP_SHAPE_REPRESENTATION ( '', ( #278, #339 ), #170 ) ;
#2559 = APPLICATION_PROTOCOL_DEFINITION ( 'international standard', 'config_control_design', 1994, #1892 ) ;
#2560 = ADVANCED_FACE ( 'NONE', ( #1801, #1386, #1550 ), #950, .T. ) ;
#2561 = DIRECTION ( 'NONE',  ( -1.000000000000000000, 0.000000000000000000, 0.000000000000000000 ) ) ;
#2562 = ORIENTED_EDGE ( 'NONE', *, *, #1247, .F. ) ;
#2563 = VECTOR ( 'NONE', #1746, 1000.000000000000000 ) ;
#2564 = EDGE_CURVE ( 'NONE', #258, #2553, #2383, .T. ) ;
#2565 = LOCAL_TIME ( 0, 43, 15.00000000000000000, #2497 ) ;
#2566 = ORIENTED_EDGE ( 'NONE', *, *, #78, .F. ) ;
#2567 = AXIS2_PLACEMENT_3D ( 'NONE', #309, #350, #2222 ) ;
#2568 = VERTEX_POINT ( 'NONE', #2650 ) ;
#2569 = DIRECTION ( 'NONE',  ( 0.9769698805680879783, 0.000000000000000000, 0.2133772538551751141 ) ) ;
#2570 = CIRCLE ( 'NONE', #1830, 7.349999999999999645 ) ;
#2571 = ORIENTED_EDGE ( 'NONE', *, *, #1629, .F. ) ;
#2572 = PLANE ( 'NONE',  #2224 ) ;
#2573 = AXIS2_PLACEMENT_3D ( 'NONE', #1688, #2328, #633 ) ;
#2574 = CARTESIAN_POINT ( 'NONE',  ( -3.099999999999991651, 18.79999999999999716, 9.839999999999999858 ) ) ;
#2575 = VECTOR ( 'NONE', #2271, 1000.000000000000000 ) ;
#2576 = CARTESIAN_POINT ( 'NONE',  ( -19.19999999999999574, 5.809999999999999609, 0.000000000000000000 ) ) ;
#2577 = EDGE_CURVE ( 'NONE', #597, #2568, #119, .T. ) ;
#2578 = APPROVAL_DATE_TIME ( #1984, #2510 ) ;
#2579 = VECTOR ( 'NONE', #1543, 1000.000000000000000 ) ;
#2580 = CARTESIAN_POINT ( 'NONE',  ( -5.000000000000000000, -30.00000000000000000, 12.00000000000000000 ) ) ;
#2581 = ORIENTED_EDGE ( 'NONE', *, *, #141, .T. ) ;
#2582 = ORIENTED_EDGE ( 'NONE', *, *, #736, .T. ) ;
#2583 = VERTEX_POINT ( 'NONE', #745 ) ;
#2584 = CARTESIAN_POINT ( 'NONE',  ( 0.000000000000000000, 29.00000000000000000, 10.00000000000000000 ) ) ;
#2585 = VERTEX_POINT ( 'NONE', #2370 ) ;
#2586 = DIRECTION ( 'NONE',  ( -1.000000000000000000, 0.000000000000000000, 0.000000000000000000 ) ) ;
#2587 = ADVANCED_FACE ( 'NONE', ( #1343 ), #2207, .T. ) ;
#2588 = ORIENTED_EDGE ( 'NONE', *, *, #540, .T. ) ;
#2589 = CARTESIAN_POINT ( 'NONE',  ( -1.000000000000000000, 1.572929243039430313E-17, 0.000000000000000000 ) ) ;
#2590 = CARTESIAN_POINT ( 'NONE',  ( -33.19999999999999574, 5.809999999999999609, 0.000000000000000000 ) ) ;
#2591 = ADVANCED_FACE ( 'NONE', ( #758 ), #1593, .T. ) ;
#2592 = PRODUCT_DEFINITION ( 'UNKNOWN', '', #1652, #372 ) ;
#2593 = PERSON_AND_ORGANIZATION_ROLE ( 'creator' ) ;
#2594 = CARTESIAN_POINT ( 'NONE',  ( -0.6099999999999994316, -18.80000000000000071, -7.500000000000000000 ) ) ;
#2595 = VERTEX_POINT ( 'NONE', #320 ) ;
#2596 = EDGE_CURVE ( 'NONE', #2595, #1226, #2161, .T. ) ;
#2597 = ORIENTED_EDGE ( 'NONE', *, *, #2382, .T. ) ;
#2598 = ORIENTED_EDGE ( 'NONE', *, *, #275, .T. ) ;
#2599 = DIRECTION ( 'NONE',  ( -0.9769698805680887554, 0.000000000000000000, 0.2133772538551717557 ) ) ;
#2600 = EDGE_LOOP ( 'NONE', ( #2403, #1639, #1993, #1048 ) ) ;
#2601 = CARTESIAN_POINT ( 'NONE',  ( -0.2121320343559940369, 18.80000000000000071, -7.500000000000000000 ) ) ;
#2602 = ORIENTED_EDGE ( 'NONE', *, *, #790, .T. ) ;
#2603 = DIRECTION ( 'NONE',  ( 0.000000000000000000, 0.000000000000000000, 1.000000000000000000 ) ) ;
#2604 = DIRECTION ( 'NONE',  ( 1.000000000000000000, 0.000000000000000000, 0.000000000000000000 ) ) ;
#2605 = PERSON_AND_ORGANIZATION ( #1001, #603 ) ;
#2606 = DIRECTION ( 'NONE',  ( 1.000000000000000000, 0.000000000000000000, 0.000000000000000000 ) ) ;
#2607 = ORIENTED_EDGE ( 'NONE', *, *, #1354, .T. ) ;
#2608 = EDGE_CURVE ( 'NONE', #982, #1333, #1205, .T. ) ;
#2609 = CIRCLE ( 'NONE', #683, 1.589999999999720082 ) ;
#2610 = ORIENTED_EDGE ( 'NONE', *, *, #1047, .T. ) ;
#2611 = CARTESIAN_POINT ( 'NONE',  ( -0.6099999999999994316, -18.80000000000000071, 7.500000000000000000 ) ) ;
#2612 = VERTEX_POINT ( 'NONE', #1182 ) ;
#2613 = DIRECTION ( 'NONE',  ( -0.9158123600576256740, 0.000000000000000000, 0.4016064257026793483 ) ) ;
#2614 = CIRCLE ( 'NONE', #1387, 7.349999999999999645 ) ;
#2615 = AXIS2_PLACEMENT_3D ( 'NONE', #2255, #988, #414 ) ;
#2616 = CARTESIAN_POINT ( 'NONE',  ( 9.591093483101499118, 14.50000000000000000, 12.00000000000000000 ) ) ;
#2617 = DIRECTION ( 'NONE',  ( 0.000000000000000000, 1.000000000000000000, 0.000000000000000000 ) ) ;
#2618 = DIRECTION ( 'NONE',  ( -0.9769698805680890885, 0.000000000000000000, -0.2133772538551705900 ) ) ;
#2619 = VECTOR ( 'NONE', #236, 1000.000000000000000 ) ;
#2620 = VECTOR ( 'NONE', #2061, 1000.000000000000000 ) ;
#2621 = PERSON_AND_ORGANIZATION_ROLE ( 'creator' ) ;
#2622 = CARTESIAN_POINT ( 'NONE',  ( 10.65000000000000036, 21.50000000000000000, 3.500000000000000000 ) ) ;
#2623 = VECTOR ( 'NONE', #1270, 999.9999999999998863 ) ;
#2624 = AXIS2_PLACEMENT_3D ( 'NONE', #677, #2346, #1306 ) ;
#2625 = DIRECTION ( 'NONE',  ( 0.000000000000000000, 1.000000000000000000, 0.000000000000000000 ) ) ;
#2626 = EDGE_LOOP ( 'NONE', ( #2293, #2529, #1060, #2126 ) ) ;
#2627 = ORIENTED_EDGE ( 'NONE', *, *, #855, .F. ) ;
#2628 = LINE ( 'NONE', #2419, #657 ) ;
#2629 = ORIENTED_EDGE ( 'NONE', *, *, #118, .F. ) ;
#2630 = LINE ( 'NONE', #503, #1918 ) ;
#2631 = LINE ( 'NONE', #1355, #1803 ) ;
#2632 = LINE ( 'NONE', #753, #1788 ) ;
#2633 = DIRECTION ( 'NONE',  ( -1.000000000000000000, 0.000000000000000000, 0.000000000000000000 ) ) ;
#2634 = EDGE_CURVE ( 'NONE', #627, #66, #2614, .T. ) ;
#2635 = PERSON_AND_ORGANIZATION ( #1001, #603 ) ;
#2636 = DIRECTION ( 'NONE',  ( 0.000000000000000000, -1.000000000000000000, 0.000000000000000000 ) ) ;
#2637 = VECTOR ( 'NONE', #412, 1000.000000000000000 ) ;
#2638 = VECTOR ( 'NONE', #2422, 1000.000000000000000 ) ;
#2639 = DIRECTION ( 'NONE',  ( -1.000000000000000000, 0.000000000000000000, 0.000000000000000000 ) ) ;
#2640 = VERTEX_POINT ( 'NONE', #936 ) ;
#2641 = CARTESIAN_POINT ( 'NONE',  ( 1.000000000000000000, 0.000000000000000000, 10.00000000000000000 ) ) ;
#2642 = VERTEX_POINT ( 'NONE', #920 ) ;
#2643 = DIRECTION ( 'NONE',  ( 1.000000000000000000, 0.000000000000000000, 0.000000000000000000 ) ) ;
#2644 = CARTESIAN_POINT ( 'NONE',  ( -33.19999999999999574, 5.809999999999999609, 0.000000000000000000 ) ) ;
#2645 = CARTESIAN_POINT ( 'NONE',  ( -10.99999999999999645, 5.809999999999999609, 7.500000000000000000 ) ) ;
#2646 = CARTESIAN_POINT ( 'NONE',  ( -40.05857864375998645, 5.809999999999999609, -7.500000000000000000 ) ) ;
#2647 = PERSON_AND_ORGANIZATION ( #1001, #603 ) ;
#2648 = DIRECTION ( 'NONE',  ( -1.000000000000000000, 0.000000000000000000, 0.000000000000000000 ) ) ;
#2649 = EDGE_CURVE ( 'NONE', #1682, #441, #1760, .T. ) ;
#2650 = CARTESIAN_POINT ( 'NONE',  ( -33.19999999999999574, 5.809999999999999609, 3.000000000000000000 ) ) ;
#2651 = ADVANCED_FACE ( 'NONE', ( #1140 ), #1151, .F. ) ;
#2652 = VERTEX_POINT ( 'NONE', #1985 ) ;
#2653 = DIRECTION ( 'NONE',  ( 0.000000000000000000, 0.000000000000000000, 1.000000000000000000 ) ) ;
#2654 = ORIENTED_EDGE ( 'NONE', *, *, #2307, .F. ) ;
#2655 = DIRECTION ( 'NONE',  ( 0.000000000000000000, 1.000000000000000000, 0.000000000000000000 ) ) ;
#2656 = CARTESIAN_POINT ( 'NONE',  ( -19.19999999999999574, -6.200000000000003730, 0.000000000000000000 ) ) ;
#2657 = VECTOR ( 'NONE', #1659, 999.9999999999998863 ) ;
#2658 = PLANE ( 'NONE',  #1786 ) ;
#2659 = PERSON_AND_ORGANIZATION_ROLE ( 'classification_officer' ) ;
#2660 = CARTESIAN_POINT ( 'NONE',  ( -40.05857864375998645, 5.809999999999999609, 7.500000000000000000 ) ) ;
#2661 = VECTOR ( 'NONE', #583, 1000.000000000000114 ) ;
#2662 = AXIS2_PLACEMENT_3D ( 'NONE', #2495, #370, #592 ) ;
#2663 = CARTESIAN_POINT ( 'NONE',  ( 19.69999999999999929, -2.449293598294704935E-16, 12.00000000000000000 ) ) ;
#2664 = VECTOR ( 'NONE', #2687, 1000.000000000000000 ) ;
#2665 = CIRCLE ( 'NONE', #2354, 7.349999999999999645 ) ;
#2666 = ORIENTED_EDGE ( 'NONE', *, *, #846, .F. ) ;
#2667 = EDGE_LOOP ( 'NONE', ( #2562, #1194, #1206, #792 ) ) ;
#2668 = DIRECTION ( 'NONE',  ( 0.000000000000000000, 0.000000000000000000, -1.000000000000000000 ) ) ;
#2669 = EDGE_CURVE ( 'NONE', #626, #2291, #779, .T. ) ;
#2670 = ORIENTED_EDGE ( 'NONE', *, *, #2289, .T. ) ;
#2671 = LINE ( 'NONE', #1210, #1173 ) ;
#2672 = DIRECTION ( 'NONE',  ( -0.000000000000000000, 1.000000000000000000, 0.000000000000000000 ) ) ;
#2673 = DIRECTION ( 'NONE',  ( 0.000000000000000000, 1.000000000000000000, 0.000000000000000000 ) ) ;
#2674 = CARTESIAN_POINT ( 'NONE',  ( 7.349999999999999645, 14.50000000000000000, 10.00000000000000000 ) ) ;
#2675 = EDGE_CURVE ( 'NONE', #2281, #378, #2443, .T. ) ;
#2676 = SECURITY_CLASSIFICATION_LEVEL ( 'unclassified' ) ;
#2677 = DIRECTION ( 'NONE',  ( 0.000000000000000000, 0.000000000000000000, 1.000000000000000000 ) ) ;
#2678 = APPROVAL ( #935, 'UNSPECIFIED' ) ;
#2679 =( NAMED_UNIT ( * ) PLANE_ANGLE_UNIT ( ) SI_UNIT ( $, .RADIAN. ) );
#2680 = ORIENTED_EDGE ( 'NONE', *, *, #972, .T. ) ;
#2681 = ADVANCED_FACE ( 'NONE', ( #214 ), #1031, .T. ) ;
#2682 = EDGE_CURVE ( 'NONE', #2171, #2486, #1649, .T. ) ;
#2683 = ORIENTED_EDGE ( 'NONE', *, *, #2220, .F. ) ;
#2684 = CARTESIAN_POINT ( 'NONE',  ( 10.78110769285954085, 1.000000000000000000, 10.00000000000000000 ) ) ;
#2685 = FACE_OUTER_BOUND ( 'NONE', #2142, .T. ) ;
#2686 = CARTESIAN_POINT ( 'NONE',  ( -10.99999999999999645, 18.80000000000000071, 7.500000000000000000 ) ) ;
#2687 = DIRECTION ( 'NONE',  ( 0.000000000000000000, -1.000000000000000000, 0.000000000000000000 ) ) ;
#2688 = APPROVAL_DATE_TIME ( #989, #532 ) ;
#2689 = LINE ( 'NONE', #1702, #733 ) ;
#2690 = DIRECTION ( 'NONE',  ( 1.000000000000000000, 0.000000000000000000, 0.000000000000000000 ) ) ;
#2691 = CARTESIAN_POINT ( 'NONE',  ( 0.000000000000000000, 0.000000000000000000, 0.000000000000000000 ) ) ;
#2692 = VERTEX_POINT ( 'NONE', #2663 ) ;
#2693 = EDGE_CURVE ( 'NONE', #2032, #26, #1997, .T. ) ;
#2694 = ORIENTED_EDGE ( 'NONE', *, *, #670, .T. ) ;
#2695 = CARTESIAN_POINT ( 'NONE',  ( 7.349999999999999645, 21.50000000000000000, 12.00000000000000000 ) ) ;
#2696 = CARTESIAN_POINT ( 'NONE',  ( 4.049999999999999822, 21.50000000000000000, -0.8000000000000000444 ) ) ;
#2697 = LINE ( 'NONE', #986, #1974 ) ;
#2698 = CARTESIAN_POINT ( 'NONE',  ( -0.6099999999999994316, 18.80000000000000071, 7.500000000000000000 ) ) ;
#2699 =( BOUNDED_CURVE ( )  B_SPLINE_CURVE ( 3, ( #805, #763, #2252, #140 ),
 .UNSPECIFIED., .F., .F. ) 
 B_SPLINE_CURVE_WITH_KNOTS ( ( 4, 4 ),
 ( 0.000000000000000000, 1.570796326794895004 ),
 .UNSPECIFIED. ) 
 CURVE ( )  GEOMETRIC_REPRESENTATION_ITEM ( )  RATIONAL_B_SPLINE_CURVE ( ( 1.000000000000000000, 0.8047378541243649375, 0.8047378541243649375, 1.000000000000000000 ) ) 
 REPRESENTATION_ITEM ( '' )  );
#2700 = COORDINATED_UNIVERSAL_TIME_OFFSET ( 6, 0, .BEHIND. ) ;
#2701 = AXIS2_PLACEMENT_3D ( 'NONE', #1756, #90, #246 ) ;
#2702 = CARTESIAN_POINT ( 'NONE',  ( -4.653382110102993963, -18.80000000000000071, -7.910730166370600891 ) ) ;
#2703 = PRODUCT_DEFINITION_FORMATION_WITH_SPECIFIED_SOURCE ( 'ANY', '', #1198, .NOT_KNOWN. ) ;
#2704 = CARTESIAN_POINT ( 'NONE',  ( 0.000000000000000000, 0.000000000000000000, 0.000000000000000000 ) ) ;
#2705 = SECURITY_CLASSIFICATION ( '', '', #1424 ) ;
#2706 = AXIS2_PLACEMENT_3D ( 'NONE', #1467, #2095, #2555 ) ;
#2707 = NEXT_ASSEMBLY_USAGE_OCCURRENCE ( 'NAUO1', ' ', ' ', #764, #2592, $ ) ;
#2708 = NEXT_ASSEMBLY_USAGE_OCCURRENCE ( 'NAUO2', ' ', ' ', #764, #1653, $ ) ;
ENDSEC;
END-ISO-10303-21;
